week_start,fy,week_no,store_id,product_id,menu_price,discount_pct,effective_price,competitor_price,price_test_flag,promo_flag,festival_flag,festival_name,season_index,orders,delivery_orders,dine_in_orders,net_revenue,variable_cost,contribution
2024-04-01,FY24-25,1,S01,P01,189.0,0.0,189.0,195.0,0,0,0,,1.0,339,148,191,64071.0,30723.0,33348.0
2024-04-08,FY24-25,2,S01,P01,189.0,0.2,151.2,195.0,0,1,0,,1.0,460,189,271,69552.0,39344.2,30207.8
2024-04-15,FY24-25,3,S01,P01,189.0,0.0,189.0,196.0,0,0,0,,1.0,385,148,237,72765.0,33943.0,38822.0
2024-04-22,FY24-25,4,S01,P01,189.0,0.0,189.0,196.0,0,0,0,,1.0,342,151,191,64638.0,31074.75,33563.25
2024-04-29,FY24-25,5,S01,P01,189.0,0.0,189.0,196.0,0,0,0,,1.0,356,144,212,67284.0,31724.0,35560.0
2024-05-06,FY24-25,6,S01,P01,189.0,0.0,189.0,196.0,0,0,0,,1.0,381,159,222,72009.0,34182.75,37826.25
2024-05-13,FY24-25,7,S01,P01,189.0,0.0,189.0,196.0,0,0,0,,1.0,397,151,246,75033.0,34924.75,40108.25
2024-05-20,FY24-25,8,S01,P01,189.0,0.0,189.0,196.0,0,0,0,,1.0,360,149,211,68040.0,32240.25,35799.75
2024-05-27,FY24-25,9,S01,P01,189.0,0.0,189.0,197.0,0,0,0,,1.0,337,132,205,63693.0,29827.0,33866.0
2024-06-03,FY24-25,10,S01,P01,189.0,0.0,189.0,197.0,0,0,0,,0.96,432,216,216,81648.0,40446.0,41202.0
2024-06-10,FY24-25,11,S01,P01,189.0,0.0,189.0,197.0,0,0,0,,0.96,345,172,173,65205.0,32277.0,32928.0
2024-06-17,FY24-25,12,S01,P01,189.0,0.0,189.0,197.0,0,0,0,,0.96,362,169,193,68418.0,33325.25,35092.75
2024-06-24,FY24-25,13,S01,P01,189.0,0.0,189.0,197.0,0,0,0,,0.96,335,165,170,63315.0,31246.25,32068.75
2024-07-01,FY24-25,14,S01,P01,189.0,0.0,189.0,198.0,0,0,0,,0.96,325,168,157,61425.0,30688.0,30737.0
2024-07-08,FY24-25,15,S01,P01,189.0,0.2,151.2,198.0,0,1,0,,0.96,476,248,228,71971.2,42694.4,29276.8
2024-07-15,FY24-25,16,S01,P01,189.0,0.0,189.0,198.0,0,0,0,,0.96,320,162,158,60480.0,30054.5,30425.5
2024-07-22,FY24-25,17,S01,P01,189.0,0.0,189.0,198.0,0,0,0,,0.96,345,162,183,65205.0,31804.5,33400.5
2024-07-29,FY24-25,18,S01,P01,189.0,0.0,189.0,198.0,0,0,0,,0.96,328,152,176,61992.0,30142.0,31850.0
2024-08-05,FY24-25,19,S01,P01,189.0,0.0,189.0,199.0,0,0,0,,0.96,368,190,178,69552.0,34737.5,34814.5
2024-08-12,FY24-25,20,S01,P01,189.0,0.0,189.0,199.0,0,0,0,,0.96,319,160,159,60291.0,29890.0,30401.0
2024-08-19,FY24-25,21,S01,P01,189.0,0.0,189.0,199.0,0,0,0,,0.96,363,173,190,68607.0,33584.25,35022.75
2024-08-26,FY24-25,22,S01,P01,189.0,0.0,189.0,199.0,0,0,0,,0.96,386,199,187,72954.0,36422.75,36531.25
2024-09-02,FY24-25,23,S01,P01,189.0,0.0,189.0,199.0,0,0,1,Ganesh Chaturthi,0.96,358,177,181,67662.0,33423.25,34238.75
2024-09-09,FY24-25,24,S01,P01,189.0,0.2,151.2,199.0,0,1,1,Ganesh Chaturthi,0.96,549,270,279,83008.8,48636.0,34372.8
2024-09-16,FY24-25,25,S01,P01,189.0,0.0,189.0,200.0,0,0,1,Ganesh Chaturthi,0.96,369,180,189,69741.0,34335.0,35406.0
2024-09-23,FY24-25,26,S01,P01,189.0,0.0,189.0,200.0,0,0,0,,0.96,365,171,194,68985.0,33629.75,35355.25
2024-09-30,FY24-25,27,S01,P01,189.0,0.0,189.0,200.0,0,0,1,Navratri,1.0,381,122,259,72009.0,32434.5,39574.5
2024-10-07,FY24-25,28,S01,P01,189.0,0.0,189.0,200.0,0,0,1,Navratri,1.0,402,155,247,75978.0,35463.75,40514.25
2024-10-14,FY24-25,29,S01,P01,189.0,0.0,189.0,200.0,0,0,0,,1.0,378,162,216,71442.0,34114.5,37327.5
2024-10-21,FY24-25,30,S01,P01,189.0,0.0,189.0,170.0,0,0,0,,1.0,349,127,222,65961.0,30430.75,35530.25
2024-10-28,FY24-25,31,S01,P01,189.0,0.0,189.0,201.0,0,0,1,Diwali,0.8,291,123,168,54999.0,26181.75,28817.25
2024-11-04,FY24-25,32,S01,P01,189.0,0.0,189.0,201.0,0,0,0,,1.0,430,176,254,81270.0,38416.0,42854.0
2024-11-11,FY24-25,33,S01,P01,189.0,0.0,189.0,201.0,0,0,0,,1.0,365,145,220,68985.0,32401.25,36583.75
2024-11-18,FY24-25,34,S01,P01,189.0,0.0,189.0,201.0,0,0,0,,1.0,365,154,211,68985.0,32826.5,36158.5
2024-11-25,FY24-25,35,S01,P01,189.0,0.0,189.0,202.0,0,0,0,,1.0,389,141,248,73521.0,33892.25,39628.75
2024-12-02,FY24-25,36,S01,P01,189.0,0.0,189.0,202.0,0,0,0,,1.0,407,156,251,76923.0,35861.0,41062.0
2024-12-09,FY24-25,37,S01,P01,189.0,0.0,189.0,202.0,0,0,0,,1.0,370,132,238,69930.0,32137.0,37793.0
2024-12-16,FY24-25,38,S01,P01,189.0,0.0,189.0,202.0,0,0,1,Year End,0.85,370,134,236,69930.0,32231.5,37698.5
2024-12-23,FY24-25,39,S01,P01,189.0,0.0,189.0,202.0,0,0,1,Year End,0.85,318,145,173,60102.0,29111.25,30990.75
2024-12-30,FY24-25,40,S01,P01,189.0,0.0,189.0,202.0,0,0,1,Year End,0.85,361,160,201,68229.0,32830.0,35399.0
2025-01-06,FY24-25,41,S01,P01,179.0,0.0,179.0,172.0,1,0,0,,1.0,383,160,223,68557.0,33970.0,34587.0
2025-01-13,FY24-25,42,S01,P01,179.0,0.0,179.0,203.0,1,0,0,,1.0,327,133,194,58533.0,28841.75,29691.25
2025-01-20,FY24-25,43,S01,P01,179.0,0.0,179.0,203.0,1,0,0,,1.0,406,166,240,72674.0,35848.5,36825.5
2025-01-27,FY24-25,44,S01,P01,179.0,0.0,179.0,203.0,1,0,0,,1.0,375,151,224,67125.0,33007.25,34117.75
2025-02-03,FY24-25,45,S01,P01,189.0,0.0,189.0,203.0,0,0,0,,1.0,426,163,263,80514.0,37521.75,42992.25
2025-02-10,FY24-25,46,S01,P01,189.0,0.0,189.0,204.0,0,0,0,,1.0,386,156,230,72954.0,34391.0,38563.0
2025-02-17,FY24-25,47,S01,P01,189.0,0.0,189.0,204.0,0,0,0,,1.0,375,152,223,70875.0,33432.0,37443.0
2025-02-24,FY24-25,48,S01,P01,189.0,0.0,189.0,204.0,0,0,0,,1.0,411,170,241,77679.0,36802.5,40876.5
2025-03-03,FY24-25,49,S01,P01,189.0,0.0,189.0,204.0,0,0,0,,1.0,428,170,258,80892.0,37992.5,42899.5
2025-03-10,FY24-25,50,S01,P01,189.0,0.0,189.0,204.0,0,0,0,,1.0,386,162,224,72954.0,34674.5,38279.5
2025-03-17,FY24-25,51,S01,P01,189.0,0.0,189.0,205.0,0,0,0,,1.0,424,157,267,80136.0,37098.25,43037.75
2025-03-24,FY24-25,52,S01,P01,189.0,0.2,151.2,205.0,0,1,0,,1.0,460,176,284,69552.0,38852.8,30699.2
2025-03-31,FY24-25,53,S01,P01,199.0,0.0,199.0,205.0,0,0,0,,1.0,355,134,221,70645.0,31516.5,39128.5
2025-04-07,FY25-26,54,S01,P01,199.0,0.0,199.0,205.0,0,0,0,,1.0,324,131,193,64476.0,29197.25,35278.75
2025-04-14,FY25-26,55,S01,P01,199.0,0.0,199.0,175.0,0,0,0,,1.0,329,125,204,65471.0,29248.75,36222.25
2025-04-21,FY25-26,56,S01,P01,199.0,0.0,199.0,206.0,0,0,0,,1.0,377,136,241,75023.0,33156.0,41867.0
2025-04-28,FY25-26,57,S01,P01,199.0,0.0,199.0,206.0,0,0,0,,1.0,371,142,229,73829.0,33034.5,40794.5
2025-05-05,FY25-26,58,S01,P01,199.0,0.0,199.0,206.0,0,0,0,,1.0,391,143,248,77809.0,34484.25,43324.75
2025-05-12,FY25-26,59,S01,P01,199.0,0.2,159.2,206.0,0,1,0,,1.0,462,181,281,73550.4,39543.8,34006.6
2025-05-19,FY25-26,60,S01,P01,199.0,0.0,199.0,206.0,0,0,0,,1.0,364,149,215,72436.0,32892.75,39543.25
2025-05-26,FY25-26,61,S01,P01,199.0,0.0,199.0,206.0,0,0,0,,1.0,358,132,226,71242.0,31627.0,39615.0
2025-06-02,FY25-26,62,S01,P01,199.0,0.0,199.0,207.0,0,0,0,,0.96,353,167,186,70247.0,33018.25,37228.75
2025-06-09,FY25-26,63,S01,P01,199.0,0.0,199.0,207.0,0,0,0,,0.96,321,153,168,63879.0,30081.75,33797.25
2025-06-16,FY25-26,64,S01,P01,199.0,0.0,199.0,207.0,0,0,0,,0.96,337,177,160,67063.0,32395.75,34667.25
2025-06-23,FY25-26,65,S01,P01,199.0,0.0,199.0,207.0,0,0,0,,0.96,335,163,172,66665.0,31559.25,35105.75
2025-06-30,FY25-26,66,S01,P01,199.0,0.0,199.0,207.0,0,0,0,,0.96,397,202,195,79003.0,37839.5,41163.5
2025-07-07,FY25-26,67,S01,P01,199.0,0.0,199.0,208.0,0,0,0,,0.96,341,167,174,67859.0,32178.25,35680.75
2025-07-14,FY25-26,68,S01,P01,199.0,0.15,169.15,208.0,0,1,0,,0.96,409,223,186,69182.35,38060.11,31122.24
2025-07-21,FY25-26,69,S01,P01,199.0,0.0,199.0,177.0,0,0,0,,0.96,314,143,171,62486.0,29094.25,33391.75
2025-07-28,FY25-26,70,S01,P01,199.0,0.0,199.0,208.0,0,0,0,,0.96,309,158,151,61491.0,29490.5,32000.5
2025-08-04,FY25-26,71,S01,P01,199.0,0.0,199.0,208.0,0,0,0,,0.96,343,194,149,68257.0,33661.5,34595.5
2025-08-11,FY25-26,72,S01,P01,209.0,0.0,209.0,209.0,1,0,0,,0.96,359,167,192,75031.0,33855.75,41175.25
2025-08-18,FY25-26,73,S01,P01,209.0,0.0,209.0,209.0,1,0,0,,0.96,338,173,165,70642.0,32699.25,37942.75
2025-08-25,FY25-26,74,S01,P01,209.0,0.0,209.0,209.0,1,0,1,Ganesh Chaturthi,0.96,338,176,162,70642.0,32856.0,37786.0
2025-09-01,FY25-26,75,S01,P01,209.0,0.0,209.0,209.0,1,0,1,Ganesh Chaturthi,0.96,406,204,202,84854.0,39079.0,45775.0
2025-09-08,FY25-26,76,S01,P01,199.0,0.0,199.0,209.0,0,0,0,,0.96,364,183,181,72436.0,34584.25,37851.75
2025-09-15,FY25-26,77,S01,P01,199.0,0.15,169.15,210.0,0,1,0,,0.96,436,230,206,73749.4,40246.12,33503.28
2025-09-22,FY25-26,78,S01,P01,199.0,0.0,199.0,210.0,0,0,1,Navratri,0.96,337,165,172,67063.0,31798.75,35264.25
2025-09-29,FY25-26,79,S01,P01,199.0,0.0,199.0,210.0,0,0,1,Navratri,1.0,344,132,212,68456.0,30647.0,37809.0
2025-10-06,FY25-26,80,S01,P01,199.0,0.0,199.0,210.0,0,0,0,,1.0,439,172,267,87361.0,39287.0,48074.0
2025-10-13,FY25-26,81,S01,P01,199.0,0.0,199.0,179.0,0,0,1,Diwali,0.8,295,110,185,58705.0,26122.5,32582.5
2025-10-20,FY25-26,82,S01,P01,199.0,0.0,199.0,211.0,0,0,1,Diwali,0.8,294,126,168,58506.0,26848.5,31657.5
2025-10-27,FY25-26,83,S01,P01,199.0,0.0,199.0,211.0,0,0,0,,1.0,378,153,225,75222.0,34071.75,41150.25
2025-11-03,FY25-26,84,S01,P01,199.0,0.0,199.0,211.0,0,0,0,,1.0,423,175,248,84177.0,38316.25,45860.75
2025-11-10,FY25-26,85,S01,P01,199.0,0.0,199.0,211.0,0,0,0,,1.0,355,137,218,70645.0,31665.75,38979.25
2025-11-17,FY25-26,86,S01,P01,199.0,0.0,199.0,211.0,0,0,0,,1.0,399,170,229,79401.0,36387.5,43013.5
2025-11-24,FY25-26,87,S01,P01,199.0,0.1,179.1,212.0,0,1,0,,1.0,418,174,244,74863.8,37050.85,37812.95
2025-12-01,FY25-26,88,S01,P01,199.0,0.0,199.0,212.0,0,0,0,,1.0,408,161,247,81192.0,36569.75,44622.25
2025-12-08,FY25-26,89,S01,P01,199.0,0.0,199.0,212.0,0,0,0,,1.0,323,140,183,64277.0,29575.0,34702.0
2025-12-15,FY25-26,90,S01,P01,199.0,0.0,199.0,212.0,0,0,0,,1.0,408,179,229,81192.0,37465.25,43726.75
2025-12-22,FY25-26,91,S01,P01,199.0,0.0,199.0,212.0,0,0,1,Year End,0.85,255,117,138,50745.0,23670.75,27074.25
2025-12-29,FY25-26,92,S01,P01,199.0,0.0,199.0,213.0,0,0,1,Year End,0.85,335,131,204,66665.0,29967.25,36697.75
2026-01-05,FY25-26,93,S01,P01,199.0,0.0,199.0,213.0,0,0,0,,1.0,336,134,202,66864.0,30186.5,36677.5
2026-01-12,FY25-26,94,S01,P01,199.0,0.0,199.0,213.0,0,0,0,,1.0,378,148,230,75222.0,33823.0,41399.0
2026-01-19,FY25-26,95,S01,P01,199.0,0.0,199.0,213.0,0,0,0,,1.0,402,151,251,79998.0,35652.25,44345.75
2026-01-26,FY25-26,96,S01,P01,199.0,0.0,199.0,213.0,0,0,0,,1.0,434,175,259,86366.0,39086.25,47279.75
2026-02-02,FY25-26,97,S01,P01,199.0,0.0,199.0,214.0,0,0,0,,1.0,425,166,259,84575.0,38008.5,46566.5
2026-02-09,FY25-26,98,S01,P01,199.0,0.0,199.0,214.0,0,0,0,,1.0,369,137,232,73431.0,32645.75,40785.25
2026-02-16,FY25-26,99,S01,P01,199.0,0.0,199.0,214.0,0,0,0,,1.0,390,168,222,77610.0,35658.0,41952.0
2026-02-23,FY25-26,100,S01,P01,199.0,0.0,199.0,214.0,0,0,0,,1.0,355,159,196,70645.0,32760.25,37884.75
2026-03-02,FY25-26,101,S01,P01,199.0,0.0,199.0,214.0,0,0,0,,1.0,338,135,203,67262.0,30376.25,36885.75
2026-03-09,FY25-26,102,S01,P01,199.0,0.0,199.0,215.0,0,0,0,,1.0,420,182,238,83580.0,38454.5,45125.5
2026-03-16,FY25-26,103,S01,P01,199.0,0.0,199.0,215.0,0,0,0,,1.0,335,136,199,66665.0,30216.0,36449.0
2026-03-23,FY25-26,104,S01,P01,199.0,0.0,199.0,215.0,0,0,0,,1.0,354,152,202,70446.0,32342.0,38104.0
2024-04-01,FY24-25,1,S01,P02,219.0,0.0,219.0,224.0,0,0,0,,1.0,366,157,209,80154.0,39705.75,40448.25
2024-04-08,FY24-25,2,S01,P02,219.0,0.0,219.0,224.0,0,0,0,,1.0,428,152,276,93732.0,44702.0,49030.0
2024-04-15,FY24-25,3,S01,P02,219.0,0.0,219.0,225.0,0,0,0,,1.0,386,165,221,84534.0,41843.75,42690.25
2024-04-22,FY24-25,4,S01,P02,219.0,0.0,219.0,225.0,0,0,0,,1.0,389,159,230,85191.0,41770.25,43420.75
2024-04-29,FY24-25,5,S01,P02,219.0,0.0,219.0,225.0,0,0,0,,1.0,459,179,280,100521.0,48815.25,51705.75
2024-05-06,FY24-25,6,S01,P02,219.0,0.0,219.0,225.0,0,0,0,,1.0,427,170,257,93513.0,45602.5,47910.5
2024-05-13,FY24-25,7,S01,P02,219.0,0.0,219.0,226.0,0,0,0,,1.0,424,172,252,92856.0,45457.0,47399.0
2024-05-20,FY24-25,8,S01,P02,219.0,0.0,219.0,226.0,0,0,0,,1.0,346,136,210,75774.0,36856.0,38918.0
2024-05-27,FY24-25,9,S01,P02,219.0,0.0,219.0,226.0,0,0,0,,1.0,361,138,223,79059.0,38240.5,40818.5
2024-06-03,FY24-25,10,S01,P02,219.0,0.1,197.1,226.0,0,1,0,,0.96,484,243,241,95396.4,53113.82,42282.58
2024-06-10,FY24-25,11,S01,P02,219.0,0.0,219.0,226.0,0,0,0,,0.96,352,172,180,77088.0,39337.0,37751.0
2024-06-17,FY24-25,12,S01,P02,219.0,0.0,219.0,227.0,0,0,0,,0.96,347,174,173,75993.0,39021.5,36971.5
2024-06-24,FY24-25,13,S01,P02,219.0,0.0,219.0,227.0,0,0,0,,0.96,445,239,206,97455.0,50910.25,46544.75
2024-07-01,FY24-25,14,S01,P02,219.0,0.0,219.0,227.0,0,0,0,,0.96,393,211,182,86067.0,44957.25,41109.75
2024-07-08,FY24-25,15,S01,P02,219.0,0.0,219.0,193.0,0,0,0,,0.96,346,185,161,75774.0,39538.75,36235.25
2024-07-15,FY24-25,16,S01,P02,219.0,0.15,186.15,227.0,0,1,0,,0.96,468,241,227,87118.2,50995.54,36122.66
2024-07-22,FY24-25,17,S01,P02,219.0,0.0,219.0,228.0,0,0,0,,0.96,419,199,220,91761.0,46510.25,45250.75
2024-07-29,FY24-25,18,S01,P02,219.0,0.0,219.0,228.0,0,0,0,,0.96,388,202,186,84972.0,44039.5,40932.5
2024-08-05,FY24-25,19,S01,P02,219.0,0.0,219.0,228.0,0,0,0,,0.96,398,202,196,87162.0,44889.5,42272.5
2024-08-12,FY24-25,20,S01,P02,219.0,0.0,219.0,228.0,0,0,0,,0.96,351,179,172,76869.0,39635.25,37233.75
2024-08-19,FY24-25,21,S01,P02,219.0,0.15,186.15,228.0,0,1,0,,0.96,448,235,213,83395.2,49016.31,34378.89
2024-08-26,FY24-25,22,S01,P02,219.0,0.0,219.0,229.0,0,0,0,,0.96,398,198,200,87162.0,44670.5,42491.5
2024-09-02,FY24-25,23,S01,P02,219.0,0.0,219.0,229.0,0,0,1,Ganesh Chaturthi,0.96,397,188,209,86943.0,44038.0,42905.0
2024-09-09,FY24-25,24,S01,P02,219.0,0.0,219.0,229.0,0,0,1,Ganesh Chaturthi,0.96,399,197,202,87381.0,44700.75,42680.25
2024-09-16,FY24-25,25,S01,P02,219.0,0.0,219.0,229.0,0,0,1,Ganesh Chaturthi,0.96,335,170,165,73365.0,37782.5,35582.5
2024-09-23,FY24-25,26,S01,P02,219.0,0.0,219.0,230.0,0,0,0,,0.96,315,145,170,68985.0,34713.75,34271.25
2024-09-30,FY24-25,27,S01,P02,219.0,0.0,219.0,230.0,0,0,1,Navratri,1.0,382,157,225,83658.0,41065.75,42592.25
2024-10-07,FY24-25,28,S01,P02,219.0,0.0,219.0,230.0,0,0,1,Navratri,1.0,455,178,277,99645.0,48420.5,51224.5
2024-10-14,FY24-25,29,S01,P02,219.0,0.0,219.0,230.0,0,0,0,,1.0,473,187,286,103587.0,50443.25,53143.75
2024-10-21,FY24-25,30,S01,P02,219.0,0.0,219.0,230.0,0,0,0,,1.0,404,168,236,88476.0,43538.0,44938.0
2024-10-28,FY24-25,31,S01,P02,209.0,0.0,209.0,231.0,1,0,1,Diwali,0.8,434,184,250,90706.0,46504.0,44202.0
2024-11-04,FY24-25,32,S01,P02,209.0,0.0,209.0,231.0,1,0,0,,1.0,455,157,298,95095.0,46878.25,48216.75
2024-11-11,FY24-25,33,S01,P02,209.0,0.0,209.0,231.0,1,0,0,,1.0,453,185,268,94677.0,48171.25,46505.75
2024-11-18,FY24-25,34,S01,P02,209.0,0.0,209.0,231.0,1,0,0,,1.0,422,161,261,88198.0,44282.25,43915.75
2024-11-25,FY24-25,35,S01,P02,219.0,0.0,219.0,232.0,0,0,0,,1.0,350,130,220,76650.0,36867.5,39782.5
2024-12-02,FY24-25,36,S01,P02,219.0,0.0,219.0,232.0,0,0,0,,1.0,412,170,242,90228.0,44327.5,45900.5
2024-12-09,FY24-25,37,S01,P02,219.0,0.1,197.1,232.0,0,1,0,,1.0,416,173,243,81993.6,43884.58,38109.02
2024-12-16,FY24-25,38,S01,P02,219.0,0.0,219.0,232.0,0,0,1,Year End,0.85,347,132,215,75993.0,36722.0,39271.0
2024-12-23,FY24-25,39,S01,P02,219.0,0.0,219.0,232.0,0,0,1,Year End,0.85,369,137,232,80811.0,38865.75,41945.25
2024-12-30,FY24-25,40,S01,P02,219.0,0.0,219.0,233.0,0,0,1,Year End,0.85,298,121,177,65262.0,31954.75,33307.25
2025-01-06,FY24-25,41,S01,P02,219.0,0.0,219.0,233.0,0,0,0,,1.0,407,162,245,89133.0,43464.5,45668.5
2025-01-13,FY24-25,42,S01,P02,219.0,0.0,219.0,233.0,0,0,0,,1.0,397,146,251,86943.0,41738.5,45204.5
2025-01-20,FY24-25,43,S01,P02,219.0,0.0,219.0,233.0,0,0,0,,1.0,385,167,218,84315.0,41868.25,42446.75
2025-01-27,FY24-25,44,S01,P02,219.0,0.0,219.0,233.0,0,0,0,,1.0,413,153,260,90447.0,43481.75,46965.25
2025-02-03,FY24-25,45,S01,P02,219.0,0.0,219.0,234.0,0,0,0,,1.0,391,153,238,85629.0,41611.75,44017.25
2025-02-10,FY24-25,46,S01,P02,219.0,0.0,219.0,234.0,0,0,0,,1.0,365,145,220,79935.0,38963.75,40971.25
2025-02-17,FY24-25,47,S01,P02,219.0,0.0,219.0,234.0,0,0,0,,1.0,408,152,256,89352.0,43002.0,46350.0
2025-02-24,FY24-25,48,S01,P02,219.0,0.0,219.0,234.0,0,0,0,,1.0,487,212,275,106653.0,53002.0,53651.0
2025-03-03,FY24-25,49,S01,P02,219.0,0.15,186.15,235.0,0,1,0,,1.0,490,206,284,91213.5,51236.72,39976.78
2025-03-10,FY24-25,50,S01,P02,219.0,0.0,219.0,235.0,0,0,0,,1.0,427,180,247,93513.0,46150.0,47363.0
2025-03-17,FY24-25,51,S01,P02,219.0,0.0,219.0,235.0,0,0,0,,1.0,448,179,269,98112.0,47880.25,50231.75
2025-03-24,FY24-25,52,S01,P02,219.0,0.0,219.0,235.0,0,0,0,,1.0,462,190,272,101178.0,49672.5,51505.5
2025-03-31,FY24-25,53,S01,P02,229.0,0.0,229.0,235.0,0,0,0,,1.0,375,157,218,85875.0,40863.25,45011.75
2025-04-07,FY25-26,54,S01,P02,229.0,0.0,229.0,236.0,0,0,0,,1.0,397,167,230,90913.0,43305.75,47607.25
2025-04-14,FY25-26,55,S01,P02,229.0,0.0,229.0,201.0,0,0,0,,1.0,386,140,246,88394.0,40825.0,47569.0
2025-04-21,FY25-26,56,S01,P02,229.0,0.2,183.2,236.0,0,1,0,,1.0,543,232,311,99477.6,56780.6,42697.0
2025-04-28,FY25-26,57,S01,P02,229.0,0.0,229.0,236.0,0,0,0,,1.0,401,159,242,91829.0,43187.75,48641.25
2025-05-05,FY25-26,58,S01,P02,229.0,0.0,229.0,201.0,0,0,0,,1.0,391,155,236,89539.0,42108.75,47430.25
2025-05-12,FY25-26,59,S01,P02,229.0,0.0,229.0,237.0,0,0,0,,1.0,445,180,265,101905.0,48130.0,53775.0
2025-05-19,FY25-26,60,S01,P02,229.0,0.0,229.0,237.0,0,0,0,,1.0,416,163,253,95264.0,44691.75,50572.25
2025-05-26,FY25-26,61,S01,P02,229.0,0.1,206.1,237.0,0,1,0,,1.0,474,163,311,97691.4,48688.58,49002.82
2025-06-02,FY25-26,62,S01,P02,229.0,0.15,194.65,237.0,0,1,0,,0.96,432,211,221,84088.8,46987.79,37101.01
2025-06-09,FY25-26,63,S01,P02,229.0,0.2,183.2,238.0,0,1,0,,0.96,572,272,300,104790.4,61077.6,43712.8
2025-06-16,FY25-26,64,S01,P02,229.0,0.0,229.0,202.0,0,0,0,,0.96,342,156,186,78318.0,38001.0,40317.0
2025-06-23,FY25-26,65,S01,P02,229.0,0.0,229.0,238.0,0,0,0,,0.96,350,182,168,80150.0,40169.5,39980.5
2025-06-30,FY25-26,66,S01,P02,229.0,0.0,229.0,238.0,0,0,0,,0.96,420,211,209,96180.0,47779.75,48400.25
2025-07-07,FY25-26,67,S01,P02,229.0,0.0,229.0,239.0,0,0,0,,0.96,388,188,200,88852.0,43743.0,45109.0
2025-07-14,FY25-26,68,S01,P02,229.0,0.0,229.0,239.0,0,0,0,,0.96,361,175,186,82669.0,40703.75,41965.25
2025-07-21,FY25-26,69,S01,P02,229.0,0.2,183.2,239.0,0,1,0,,0.96,465,243,222,85188.0,50654.4,34533.6
2025-07-28,FY25-26,70,S01,P02,229.0,0.0,229.0,239.0,0,0,0,,0.96,406,210,196,92974.0,46532.5,46441.5
2025-08-04,FY25-26,71,S01,P02,229.0,0.0,229.0,239.0,0,0,0,,0.96,416,217,199,95264.0,47783.25,47480.75
2025-08-11,FY25-26,72,S01,P02,229.0,0.0,229.0,240.0,0,0,0,,0.96,351,162,189,80379.0,39109.5,41269.5
2025-08-18,FY25-26,73,S01,P02,229.0,0.2,183.2,204.0,0,1,0,,0.96,517,255,262,94714.4,55624.0,39090.4
2025-08-25,FY25-26,74,S01,P02,229.0,0.0,229.0,240.0,0,0,1,Ganesh Chaturthi,0.96,390,198,192,89310.0,44485.5,44824.5
2025-09-01,FY25-26,75,S01,P02,229.0,0.15,194.65,240.0,0,1,1,Ganesh Chaturthi,0.96,467,248,219,90901.55,51763.3,39138.25
2025-09-08,FY25-26,76,S01,P02,229.0,0.0,229.0,205.0,0,0,0,,0.96,363,193,170,83127.0,41904.25,41222.75
2025-09-15,FY25-26,77,S01,P02,229.0,0.0,229.0,241.0,0,0,0,,0.96,405,187,218,92745.0,45130.75,47614.25
2025-09-22,FY25-26,78,S01,P02,229.0,0.0,229.0,241.0,0,0,1,Navratri,0.96,357,170,187,81753.0,40077.5,41675.5
2025-09-29,FY25-26,79,S01,P02,229.0,0.0,229.0,241.0,0,0,1,Navratri,1.0,360,140,220,82440.0,38615.0,43825.0
2025-10-06,FY25-26,80,S01,P02,229.0,0.0,229.0,242.0,0,0,0,,1.0,413,171,242,94577.0,44894.75,49682.25
2025-10-13,FY25-26,81,S01,P02,229.0,0.0,229.0,242.0,0,0,1,Diwali,0.8,346,134,212,79234.0,37081.5,42152.5
2025-10-20,FY25-26,82,S01,P02,229.0,0.0,229.0,242.0,0,0,1,Diwali,0.8,279,130,149,63891.0,31157.5,32733.5
2025-10-27,FY25-26,83,S01,P02,229.0,0.0,229.0,242.0,0,0,0,,1.0,414,148,266,94806.0,43663.0,51143.0
2025-11-03,FY25-26,84,S01,P02,229.0,0.0,229.0,242.0,0,0,0,,1.0,454,181,273,103966.0,48952.25,55013.75
2025-11-10,FY25-26,85,S01,P02,229.0,0.0,229.0,243.0,0,0,0,,1.0,430,168,262,98470.0,46168.0,52302.0
2025-11-17,FY25-26,86,S01,P02,249.0,0.0,249.0,243.0,1,0,0,,1.0,422,165,257,105078.0,46141.25,58936.75
2025-11-24,FY25-26,87,S01,P02,249.0,0.0,249.0,243.0,1,0,0,,1.0,412,165,247,102588.0,45291.25,57296.75
2025-12-01,FY25-26,88,S01,P02,249.0,0.0,249.0,243.0,1,0,0,,1.0,413,148,265,102837.0,44318.0,58519.0
2025-12-08,FY25-26,89,S01,P02,249.0,0.0,249.0,244.0,1,0,0,,1.0,365,128,237,90885.0,38993.0,51892.0
2025-12-15,FY25-26,90,S01,P02,229.0,0.0,229.0,244.0,0,0,0,,1.0,385,174,211,88165.0,42686.5,45478.5
2025-12-22,FY25-26,91,S01,P02,229.0,0.0,229.0,207.0,0,0,1,Year End,0.85,331,141,190,75799.0,36207.25,39591.75
2025-12-29,FY25-26,92,S01,P02,229.0,0.0,229.0,244.0,0,0,1,Year End,0.85,358,147,211,81982.0,38845.75,43136.25
2026-01-05,FY25-26,93,S01,P02,229.0,0.2,183.2,244.0,0,1,0,,1.0,529,221,308,96912.8,55086.8,41826.0
2026-01-12,FY25-26,94,S01,P02,229.0,0.0,229.0,245.0,0,0,0,,1.0,402,173,229,92058.0,44074.25,47983.75
2026-01-19,FY25-26,95,S01,P02,229.0,0.0,229.0,208.0,0,0,0,,1.0,395,153,242,90455.0,42334.25,48120.75
2026-01-26,FY25-26,96,S01,P02,229.0,0.0,229.0,245.0,0,0,0,,1.0,468,176,292,107172.0,49856.0,57316.0
2026-02-02,FY25-26,97,S01,P02,229.0,0.0,229.0,245.0,0,0,0,,1.0,382,146,236,87478.0,40828.5,46649.5
2026-02-09,FY25-26,98,S01,P02,229.0,0.0,229.0,209.0,0,0,0,,1.0,370,145,225,84730.0,39751.25,44978.75
2026-02-16,FY25-26,99,S01,P02,229.0,0.0,229.0,246.0,0,0,0,,1.0,524,188,336,119996.0,55303.0,64693.0
2026-02-23,FY25-26,100,S01,P02,229.0,0.0,229.0,209.0,0,0,0,,1.0,406,152,254,92974.0,43212.0,49762.0
2026-03-02,FY25-26,101,S01,P02,229.0,0.0,229.0,246.0,0,0,0,,1.0,421,155,266,96409.0,44658.75,51750.25
2026-03-09,FY25-26,102,S01,P02,229.0,0.0,229.0,247.0,0,0,0,,1.0,442,180,262,101218.0,47875.0,53343.0
2026-03-16,FY25-26,103,S01,P02,229.0,0.0,229.0,247.0,0,0,0,,1.0,420,182,238,96180.0,46119.5,50060.5
2026-03-23,FY25-26,104,S01,P02,229.0,0.0,229.0,247.0,0,0,0,,1.0,437,201,236,100073.0,48652.25,51420.75
2024-04-01,FY24-25,1,S01,P03,169.0,0.15,143.65,175.0,0,1,0,,1.0,266,114,152,38210.9,18724.03,19486.87
2024-04-08,FY24-25,2,S01,P03,169.0,0.0,169.0,175.0,0,0,0,,1.0,263,109,154,44447.0,19070.25,25376.75
2024-04-15,FY24-25,3,S01,P03,169.0,0.0,169.0,176.0,0,0,0,,1.0,206,86,120,34814.0,14963.5,19850.5
2024-04-22,FY24-25,4,S01,P03,169.0,0.0,169.0,176.0,0,0,0,,1.0,229,95,134,38701.0,16608.75,22092.25
2024-04-29,FY24-25,5,S01,P03,169.0,0.0,169.0,176.0,0,0,0,,1.0,292,110,182,49348.0,20707.5,28640.5
2024-05-06,FY24-25,6,S01,P03,169.0,0.0,169.0,176.0,0,0,0,,1.0,224,88,136,37856.0,16038.0,21818.0
2024-05-13,FY24-25,7,S01,P03,169.0,0.0,169.0,176.0,0,0,0,,1.0,241,97,144,40729.0,17353.25,23375.75
2024-05-20,FY24-25,8,S01,P03,169.0,0.0,169.0,176.0,0,0,0,,1.0,257,107,150,43433.0,18655.75,24777.25
2024-05-27,FY24-25,9,S01,P03,169.0,0.0,169.0,177.0,0,0,0,,1.0,223,90,133,37687.0,16067.5,21619.5
2024-06-03,FY24-25,10,S01,P03,169.0,0.0,169.0,177.0,0,0,0,,0.96,209,95,114,35321.0,15508.75,19812.25
2024-06-10,FY24-25,11,S01,P03,169.0,0.0,169.0,177.0,0,0,0,,0.96,248,117,131,41912.0,18583.25,23328.75
2024-06-17,FY24-25,12,S01,P03,169.0,0.0,169.0,150.0,0,0,0,,0.96,287,131,156,48503.0,21319.75,27183.25
2024-06-24,FY24-25,13,S01,P03,169.0,0.0,169.0,177.0,0,0,0,,0.96,252,119,133,42588.0,18887.75,23700.25
2024-07-01,FY24-25,14,S01,P03,169.0,0.2,135.2,177.0,0,1,0,,0.96,271,165,106,36639.2,20482.0,16157.2
2024-07-08,FY24-25,15,S01,P03,169.0,0.0,169.0,178.0,0,0,0,,0.96,230,110,120,38870.0,17297.5,21572.5
2024-07-15,FY24-25,16,S01,P03,169.0,0.0,169.0,178.0,0,0,0,,0.96,239,105,134,40391.0,17581.25,22809.75
2024-07-22,FY24-25,17,S01,P03,159.0,0.0,159.0,178.0,1,0,0,,0.96,261,139,122,41499.0,19880.25,21618.75
2024-07-29,FY24-25,18,S01,P03,159.0,0.0,159.0,178.0,1,0,0,,0.96,246,106,140,39114.0,17743.5,21370.5
2024-08-05,FY24-25,19,S01,P03,159.0,0.0,159.0,178.0,1,0,0,,0.96,249,136,113,39591.0,19101.0,20490.0
2024-08-12,FY24-25,20,S01,P03,159.0,0.0,159.0,178.0,1,0,0,,0.96,221,116,105,35139.0,16766.0,18373.0
2024-08-19,FY24-25,21,S01,P03,169.0,0.15,143.65,179.0,0,1,0,,0.96,294,174,120,42233.1,22418.78,19814.32
2024-08-26,FY24-25,22,S01,P03,169.0,0.1,152.1,179.0,0,1,0,,0.96,304,169,135,46238.4,23146.22,23092.18
2024-09-02,FY24-25,23,S01,P03,169.0,0.0,169.0,179.0,0,0,1,Ganesh Chaturthi,0.96,216,100,116,36504.0,16105.0,20399.0
2024-09-09,FY24-25,24,S01,P03,169.0,0.0,169.0,179.0,0,0,1,Ganesh Chaturthi,0.96,257,129,128,43433.0,19585.25,23847.75
2024-09-16,FY24-25,25,S01,P03,169.0,0.15,143.65,179.0,0,1,1,Ganesh Chaturthi,0.96,321,154,167,46111.65,23185.52,22926.13
2024-09-23,FY24-25,26,S01,P03,169.0,0.0,169.0,179.0,0,0,0,,0.96,240,124,116,40560.0,18439.0,22121.0
2024-09-30,FY24-25,27,S01,P03,169.0,0.0,169.0,180.0,0,0,1,Navratri,1.0,259,105,154,43771.0,18681.25,25089.75
2024-10-07,FY24-25,28,S01,P03,159.0,0.0,159.0,180.0,1,0,1,Navratri,1.0,274,108,166,43566.0,19363.0,24203.0
2024-10-14,FY24-25,29,S01,P03,159.0,0.0,159.0,153.0,1,0,0,,1.0,286,113,173,45474.0,20221.75,25252.25
2024-10-21,FY24-25,30,S01,P03,159.0,0.0,159.0,180.0,1,0,0,,1.0,230,92,138,36570.0,16307.0,20263.0
2024-10-28,FY24-25,31,S01,P03,159.0,0.0,159.0,180.0,1,0,1,Diwali,0.8,191,81,110,30369.0,13724.75,16644.25
2024-11-04,FY24-25,32,S01,P03,169.0,0.0,169.0,180.0,0,0,0,,1.0,253,100,153,42757.0,18140.0,24617.0
2024-11-11,FY24-25,33,S01,P03,169.0,0.0,169.0,181.0,0,0,0,,1.0,273,91,182,46137.0,18859.75,27277.25
2024-11-18,FY24-25,34,S01,P03,169.0,0.0,169.0,181.0,0,0,0,,1.0,258,97,161,43602.0,18288.25,25313.75
2024-11-25,FY24-25,35,S01,P03,169.0,0.0,169.0,181.0,0,0,0,,1.0,309,132,177,52221.0,22572.0,29649.0
2024-12-02,FY24-25,36,S01,P03,169.0,0.0,169.0,181.0,0,0,0,,1.0,309,121,188,52221.0,22107.25,30113.75
2024-12-09,FY24-25,37,S01,P03,169.0,0.15,143.65,181.0,0,1,0,,1.0,301,123,178,43238.65,20972.24,22266.41
2024-12-16,FY24-25,38,S01,P03,169.0,0.0,169.0,181.0,0,0,1,Year End,0.85,227,90,137,38363.0,16287.5,22075.5
2024-12-23,FY24-25,39,S01,P03,169.0,0.0,169.0,182.0,0,0,1,Year End,0.85,205,90,115,34645.0,15077.5,19567.5
2024-12-30,FY24-25,40,S01,P03,169.0,0.0,169.0,182.0,0,0,1,Year End,0.85,232,85,147,39208.0,16351.25,22856.75
2025-01-06,FY24-25,41,S01,P03,169.0,0.0,169.0,182.0,0,0,0,,1.0,241,92,149,40729.0,17142.0,23587.0
2025-01-13,FY24-25,42,S01,P03,169.0,0.0,169.0,182.0,0,0,0,,1.0,265,113,152,44785.0,19349.25,25435.75
2025-01-20,FY24-25,43,S01,P03,169.0,0.0,169.0,182.0,0,0,0,,1.0,205,88,117,34645.0,14993.0,19652.0
2025-01-27,FY24-25,44,S01,P03,169.0,0.0,169.0,182.0,0,0,0,,1.0,246,91,155,41574.0,17374.75,24199.25
2025-02-03,FY24-25,45,S01,P03,169.0,0.0,169.0,183.0,0,0,0,,1.0,292,108,184,49348.0,20623.0,28725.0
2025-02-10,FY24-25,46,S01,P03,169.0,0.0,169.0,183.0,0,0,0,,1.0,314,124,190,53066.0,22509.0,30557.0
2025-02-17,FY24-25,47,S01,P03,169.0,0.0,169.0,183.0,0,0,0,,1.0,249,90,159,42081.0,17497.5,24583.5
2025-02-24,FY24-25,48,S01,P03,169.0,0.0,169.0,183.0,0,0,0,,1.0,259,96,163,43771.0,18301.0,25470.0
2025-03-03,FY24-25,49,S01,P03,169.0,0.2,135.2,183.0,0,1,0,,1.0,325,133,192,43940.0,22370.4,21569.6
2025-03-10,FY24-25,50,S01,P03,169.0,0.0,169.0,183.0,0,0,0,,1.0,283,115,168,47827.0,20423.75,27403.25
2025-03-17,FY24-25,51,S01,P03,169.0,0.0,169.0,184.0,0,0,0,,1.0,235,89,146,39715.0,16685.25,23029.75
2025-03-24,FY24-25,52,S01,P03,169.0,0.0,169.0,184.0,0,0,0,,1.0,264,102,162,44616.0,18829.5,25786.5
2025-03-31,FY24-25,53,S01,P03,179.0,0.0,179.0,184.0,0,0,0,,1.0,211,66,145,37769.0,14558.5,23210.5
2025-04-07,FY25-26,54,S01,P03,179.0,0.0,179.0,184.0,0,0,0,,1.0,299,144,155,53521.0,22889.0,30632.0
2025-04-14,FY25-26,55,S01,P03,179.0,0.0,179.0,184.0,0,0,0,,1.0,290,116,174,51910.0,21141.0,30769.0
2025-04-21,FY25-26,56,S01,P03,179.0,0.0,179.0,185.0,0,0,0,,1.0,256,101,155,45824.0,18599.75,27224.25
2025-04-28,FY25-26,57,S01,P03,179.0,0.0,179.0,185.0,0,0,0,,1.0,227,91,136,40633.0,16557.25,24075.75
2025-05-05,FY25-26,58,S01,P03,179.0,0.0,179.0,185.0,0,0,0,,1.0,242,93,149,43318.0,17471.75,25846.25
2025-05-12,FY25-26,59,S01,P03,179.0,0.0,179.0,185.0,0,0,0,,1.0,233,88,145,41707.0,16753.0,24954.0
2025-05-19,FY25-26,60,S01,P03,179.0,0.0,179.0,185.0,0,0,0,,1.0,261,104,157,46719.0,19009.0,27710.0
2025-05-26,FY25-26,61,S01,P03,179.0,0.0,179.0,185.0,0,0,0,,1.0,242,104,138,43318.0,17964.0,25354.0
2025-06-02,FY25-26,62,S01,P03,179.0,0.0,179.0,186.0,0,0,0,,0.96,241,127,114,43139.0,18938.25,24200.75
2025-06-09,FY25-26,63,S01,P03,179.0,0.0,179.0,186.0,0,0,0,,0.96,244,126,118,43676.0,19058.5,24617.5
2025-06-16,FY25-26,64,S01,P03,179.0,0.0,179.0,186.0,0,0,0,,0.96,246,130,116,44034.0,19347.5,24686.5
2025-06-23,FY25-26,65,S01,P03,179.0,0.0,179.0,186.0,0,0,0,,0.96,209,100,109,37411.0,15970.0,21441.0
2025-06-30,FY25-26,66,S01,P03,179.0,0.0,179.0,186.0,0,0,0,,0.96,232,119,113,41528.0,18085.25,23442.75
2025-07-07,FY25-26,67,S01,P03,179.0,0.0,179.0,186.0,0,0,0,,0.96,210,110,100,37590.0,16472.5,21117.5
2025-07-14,FY25-26,68,S01,P03,179.0,0.0,179.0,187.0,0,0,0,,0.96,271,129,142,48509.0,20677.75,27831.25
2025-07-21,FY25-26,69,S01,P03,179.0,0.0,179.0,187.0,0,0,0,,0.96,259,132,127,46361.0,20152.0,26209.0
2025-07-28,FY25-26,70,S01,P03,179.0,0.0,179.0,187.0,0,0,0,,0.96,266,141,125,47614.0,20939.75,26674.25
2025-08-04,FY25-26,71,S01,P03,179.0,0.1,161.1,187.0,0,1,0,,0.96,256,141,115,41241.6,19758.78,21482.82
2025-08-11,FY25-26,72,S01,P03,179.0,0.2,143.2,187.0,0,1,0,,0.96,304,149,155,43532.8,22054.2,21478.6
2025-08-18,FY25-26,73,S01,P03,179.0,0.0,179.0,187.0,0,0,0,,0.96,242,122,120,43318.0,18769.5,24548.5
2025-08-25,FY25-26,74,S01,P03,179.0,0.0,179.0,188.0,0,0,1,Ganesh Chaturthi,0.96,258,130,128,46182.0,20007.5,26174.5
2025-09-01,FY25-26,75,S01,P03,179.0,0.0,179.0,188.0,0,0,1,Ganesh Chaturthi,0.96,233,119,114,41707.0,18140.25,23566.75
2025-09-08,FY25-26,76,S01,P03,179.0,0.0,179.0,188.0,0,0,0,,0.96,264,125,139,47256.0,20113.75,27142.25
2025-09-15,FY25-26,77,S01,P03,179.0,0.0,179.0,160.0,0,0,0,,0.96,239,122,117,42781.0,18604.5,24176.5
2025-09-22,FY25-26,78,S01,P03,179.0,0.0,179.0,188.0,0,0,1,Navratri,0.96,226,113,113,40454.0,17486.75,22967.25
2025-09-29,FY25-26,79,S01,P03,179.0,0.0,179.0,189.0,0,0,1,Navratri,1.0,228,87,141,40812.0,16433.25,24378.75
2025-10-06,FY25-26,80,S01,P03,179.0,0.0,179.0,189.0,0,0,0,,1.0,266,104,162,47614.0,19284.0,28330.0
2025-10-13,FY25-26,81,S01,P03,179.0,0.0,179.0,189.0,0,0,1,Diwali,0.8,187,69,118,33473.0,13372.75,20100.25
2025-10-20,FY25-26,82,S01,P03,179.0,0.0,179.0,161.0,0,0,1,Diwali,0.8,165,65,100,29535.0,11983.75,17551.25
2025-10-27,FY25-26,83,S01,P03,179.0,0.0,179.0,161.0,0,0,0,,1.0,244,105,139,43676.0,18118.75,25557.25
2025-11-03,FY25-26,84,S01,P03,179.0,0.0,179.0,189.0,0,0,0,,1.0,257,105,152,46003.0,18833.75,27169.25
2025-11-10,FY25-26,85,S01,P03,179.0,0.15,152.15,190.0,0,1,0,,1.0,292,117,175,44427.8,20510.39,23917.41
2025-11-17,FY25-26,86,S01,P03,179.0,0.1,161.1,161.0,0,1,0,,1.0,274,115,159,44141.4,19701.62,24439.78
2025-11-24,FY25-26,87,S01,P03,179.0,0.0,179.0,190.0,0,0,0,,1.0,265,102,163,47435.0,19139.5,28295.5
2025-12-01,FY25-26,88,S01,P03,179.0,0.0,179.0,190.0,0,0,0,,1.0,259,100,159,46361.0,18720.0,27641.0
2025-12-08,FY25-26,89,S01,P03,179.0,0.0,179.0,190.0,0,0,0,,1.0,233,91,142,41707.0,16887.25,24819.75
2025-12-15,FY25-26,90,S01,P03,179.0,0.0,179.0,190.0,0,0,0,,1.0,271,115,156,48509.0,20051.25,28457.75
2025-12-22,FY25-26,91,S01,P03,179.0,0.0,179.0,162.0,0,0,1,Year End,0.85,207,87,120,37053.0,15278.25,21774.75
2025-12-29,FY25-26,92,S01,P03,179.0,0.0,179.0,191.0,0,0,1,Year End,0.85,210,91,119,37590.0,15622.25,21967.75
2026-01-05,FY25-26,93,S01,P03,179.0,0.0,179.0,191.0,0,0,0,,1.0,227,101,126,40633.0,17004.75,23628.25
2026-01-12,FY25-26,94,S01,P03,179.0,0.1,161.1,191.0,0,1,0,,1.0,308,114,194,49618.8,21531.35,28087.45
2026-01-19,FY25-26,95,S01,P03,179.0,0.0,179.0,191.0,0,0,0,,1.0,287,125,162,51373.0,21378.75,29994.25
2026-01-26,FY25-26,96,S01,P03,179.0,0.0,179.0,192.0,0,0,0,,1.0,270,120,150,48330.0,20220.0,28110.0
2026-02-02,FY25-26,97,S01,P03,179.0,0.0,179.0,192.0,0,0,0,,1.0,246,101,145,44034.0,18049.75,25984.25
2026-02-09,FY25-26,98,S01,P03,179.0,0.0,179.0,192.0,0,0,0,,1.0,269,107,162,48151.0,19583.25,28567.75
2026-02-16,FY25-26,99,S01,P03,179.0,0.0,179.0,192.0,0,0,0,,1.0,259,104,155,46361.0,18899.0,27462.0
2026-02-23,FY25-26,100,S01,P03,179.0,0.0,179.0,192.0,0,0,0,,1.0,264,111,153,47256.0,19487.25,27768.75
2026-03-02,FY25-26,101,S01,P03,179.0,0.0,179.0,192.0,0,0,0,,1.0,259,100,159,46361.0,18720.0,27641.0
2026-03-09,FY25-26,102,S01,P03,179.0,0.0,179.0,193.0,0,0,0,,1.0,256,113,143,45824.0,19136.75,26687.25
2026-03-16,FY25-26,103,S01,P03,179.0,0.0,179.0,193.0,0,0,0,,1.0,272,125,147,48688.0,20553.75,28134.25
2026-03-23,FY25-26,104,S01,P03,179.0,0.0,179.0,193.0,0,0,0,,1.0,267,99,168,47793.0,19115.25,28677.75
2024-04-01,FY24-25,1,S01,P04,249.0,0.0,249.0,254.0,0,0,0,,1.0,262,110,152,65238.0,31737.5,33500.5
2024-04-08,FY24-25,2,S01,P04,249.0,0.0,249.0,254.0,0,0,0,,1.0,328,128,200,81672.0,39128.0,42544.0
2024-04-15,FY24-25,3,S01,P04,249.0,0.0,249.0,255.0,0,0,0,,1.0,310,137,173,77190.0,37978.25,39211.75
2024-04-22,FY24-25,4,S01,P04,249.0,0.0,249.0,255.0,0,0,0,,1.0,315,135,180,78435.0,38328.75,40106.25
2024-04-29,FY24-25,5,S01,P04,249.0,0.0,249.0,255.0,0,0,0,,1.0,340,143,197,84660.0,41201.75,43458.25
2024-05-06,FY24-25,6,S01,P04,249.0,0.0,249.0,255.0,0,0,0,,1.0,312,123,189,77688.0,37296.75,40391.25
2024-05-13,FY24-25,7,S01,P04,249.0,0.0,249.0,256.0,0,0,0,,1.0,297,121,176,73953.0,35747.25,38205.75
2024-05-20,FY24-25,8,S01,P04,249.0,0.0,249.0,256.0,0,0,0,,1.0,271,107,164,67479.0,32405.75,35073.25
2024-05-27,FY24-25,9,S01,P04,259.0,0.0,259.0,256.0,1,0,0,,1.0,270,97,173,69930.0,31930.75,37999.25
2024-06-03,FY24-25,10,S01,P04,259.0,0.0,259.0,256.0,1,0,0,,0.96,271,135,136,70189.0,34486.25,35702.75
2024-06-10,FY24-25,11,S01,P04,259.0,0.0,259.0,257.0,1,0,0,,0.96,287,135,152,74333.0,36006.25,38326.75
2024-06-17,FY24-25,12,S01,P04,259.0,0.0,259.0,257.0,1,0,0,,0.96,265,124,141,68635.0,33204.0,35431.0
2024-06-24,FY24-25,13,S01,P04,249.0,0.0,249.0,257.0,0,0,0,,0.96,281,124,157,69969.0,34414.0,35555.0
2024-07-01,FY24-25,14,S01,P04,249.0,0.0,249.0,257.0,0,0,0,,0.96,285,157,128,70965.0,36848.25,34116.75
2024-07-08,FY24-25,15,S01,P04,249.0,0.0,249.0,258.0,0,0,0,,0.96,226,115,111,56274.0,28628.75,27645.25
2024-07-15,FY24-25,16,S01,P04,249.0,0.0,249.0,258.0,0,0,0,,0.96,278,138,140,69222.0,35000.5,34221.5
2024-07-22,FY24-25,17,S01,P04,249.0,0.15,211.65,258.0,0,1,0,,0.96,360,189,171,76194.0,44200.46,31993.54
2024-07-29,FY24-25,18,S01,P04,249.0,0.0,249.0,258.0,0,0,0,,0.96,272,137,135,67728.0,34368.25,33359.75
2024-08-05,FY24-25,19,S01,P04,249.0,0.0,249.0,259.0,0,0,0,,0.96,277,131,146,68973.0,34469.75,34503.25
2024-08-12,FY24-25,20,S01,P04,249.0,0.0,249.0,259.0,0,0,0,,0.96,285,139,146,70965.0,35727.75,35237.25
2024-08-19,FY24-25,21,S01,P04,249.0,0.0,249.0,259.0,0,0,0,,0.96,240,123,117,59760.0,30456.75,29303.25
2024-08-26,FY24-25,22,S01,P04,249.0,0.15,211.65,259.0,0,1,0,,0.96,314,165,149,66458.1,38560.56,27897.54
2024-09-02,FY24-25,23,S01,P04,249.0,0.0,249.0,260.0,0,0,1,Ganesh Chaturthi,0.96,337,168,169,83913.0,42473.0,41440.0
2024-09-09,FY24-25,24,S01,P04,249.0,0.15,211.65,260.0,0,1,1,Ganesh Chaturthi,0.96,290,134,156,61378.5,34640.28,26738.22
2024-09-16,FY24-25,25,S01,P04,249.0,0.0,249.0,260.0,0,0,1,Ganesh Chaturthi,0.96,273,138,135,67977.0,34525.5,33451.5
2024-09-23,FY24-25,26,S01,P04,249.0,0.0,249.0,260.0,0,0,0,,0.96,271,133,138,67479.0,34024.25,33454.75
2024-09-30,FY24-25,27,S01,P04,249.0,0.15,211.65,260.0,0,1,1,Navratri,1.0,346,144,202,73230.9,40489.4,32741.5
2024-10-07,FY24-25,28,S01,P04,249.0,0.0,249.0,261.0,0,0,1,Navratri,1.0,294,125,169,73206.0,35711.25,37494.75
2024-10-14,FY24-25,29,S01,P04,249.0,0.0,249.0,261.0,0,0,0,,1.0,344,138,206,85656.0,41270.5,44385.5
2024-10-21,FY24-25,30,S01,P04,249.0,0.0,249.0,261.0,0,0,0,,1.0,258,100,158,64242.0,30735.0,33507.0
2024-10-28,FY24-25,31,S01,P04,249.0,0.0,249.0,261.0,0,0,1,Diwali,0.8,250,99,151,62250.0,29912.75,32337.25
2024-11-04,FY24-25,32,S01,P04,249.0,0.0,249.0,262.0,0,0,0,,1.0,302,126,176,75198.0,36533.5,38664.5
2024-11-11,FY24-25,33,S01,P04,249.0,0.0,249.0,262.0,0,0,0,,1.0,294,127,167,73206.0,35835.75,37370.25
2024-11-18,FY24-25,34,S01,P04,249.0,0.0,249.0,262.0,0,0,0,,1.0,282,104,178,70218.0,33264.0,36954.0
2024-11-25,FY24-25,35,S01,P04,249.0,0.0,249.0,262.0,0,0,0,,1.0,315,117,198,78435.0,37208.25,41226.75
2024-12-02,FY24-25,36,S01,P04,249.0,0.0,249.0,263.0,0,0,0,,1.0,304,117,187,75696.0,36163.25,39532.75
2024-12-09,FY24-25,37,S01,P04,249.0,0.2,199.2,223.0,0,1,0,,1.0,345,120,225,68724.0,38751.0,29973.0
2024-12-16,FY24-25,38,S01,P04,249.0,0.0,249.0,263.0,0,0,1,Year End,0.85,248,103,145,61752.0,29971.75,31780.25
2024-12-23,FY24-25,39,S01,P04,249.0,0.0,249.0,263.0,0,0,1,Year End,0.85,262,99,163,65238.0,31052.75,34185.25
2024-12-30,FY24-25,40,S01,P04,249.0,0.0,249.0,264.0,0,0,1,Year End,0.85,256,102,154,63744.0,30669.5,33074.5
2025-01-06,FY24-25,41,S01,P04,249.0,0.0,249.0,224.0,0,0,0,,1.0,303,119,184,75447.0,36192.75,39254.25
2025-01-13,FY24-25,42,S01,P04,249.0,0.0,249.0,264.0,0,0,0,,1.0,320,131,189,79680.0,38554.75,41125.25
2025-01-20,FY24-25,43,S01,P04,249.0,0.0,249.0,264.0,0,0,0,,1.0,345,137,208,85905.0,41303.25,44601.75
2025-01-27,FY24-25,44,S01,P04,249.0,0.0,249.0,265.0,0,0,0,,1.0,288,112,176,71712.0,34332.0,37380.0
2025-02-03,FY24-25,45,S01,P04,249.0,0.0,249.0,265.0,0,0,0,,1.0,305,145,160,75945.0,38001.25,37943.75
2025-02-10,FY24-25,46,S01,P04,249.0,0.0,249.0,265.0,0,0,0,,1.0,303,133,170,75447.0,37064.25,38382.75
2025-02-17,FY24-25,47,S01,P04,249.0,0.0,249.0,265.0,0,0,0,,1.0,319,127,192,79431.0,38210.75,41220.25
2025-02-24,FY24-25,48,S01,P04,249.0,0.0,249.0,266.0,0,0,0,,1.0,293,125,168,72957.0,35616.25,37340.75
2025-03-03,FY24-25,49,S01,P04,249.0,0.0,249.0,266.0,0,0,0,,1.0,308,117,191,76692.0,36543.25,40148.75
2025-03-10,FY24-25,50,S01,P04,249.0,0.0,249.0,266.0,0,0,0,,1.0,331,125,206,82419.0,39226.25,43192.75
2025-03-17,FY24-25,51,S01,P04,249.0,0.0,249.0,266.0,0,0,0,,1.0,329,130,199,81921.0,39347.5,42573.5
2025-03-24,FY24-25,52,S01,P04,249.0,0.0,249.0,267.0,0,0,0,,1.0,288,112,176,71712.0,34332.0,37380.0
2025-03-31,FY24-25,53,S01,P04,259.0,0.0,259.0,267.0,0,0,0,,1.0,315,117,198,81585.0,37500.75,44084.25
2025-04-07,FY25-26,54,S01,P04,259.0,0.0,259.0,267.0,0,0,0,,1.0,273,102,171,70707.0,32539.5,38167.5
2025-04-14,FY25-26,55,S01,P04,259.0,0.0,259.0,267.0,0,0,0,,1.0,328,125,203,84952.0,39253.75,45698.25
2025-04-21,FY25-26,56,S01,P04,259.0,0.0,259.0,268.0,0,0,0,,1.0,301,127,174,77959.0,36818.25,41140.75
2025-04-28,FY25-26,57,S01,P04,259.0,0.0,259.0,268.0,0,0,0,,1.0,309,136,173,80031.0,38161.0,41870.0
2025-05-05,FY25-26,58,S01,P04,259.0,0.1,233.1,268.0,0,1,0,,1.0,364,130,234,84848.4,42155.75,42692.65
2025-05-12,FY25-26,59,S01,P04,259.0,0.1,233.1,268.0,0,1,0,,1.0,332,132,200,77389.2,39232.3,38156.9
2025-05-19,FY25-26,60,S01,P04,259.0,0.0,259.0,269.0,0,0,0,,1.0,257,110,147,66563.0,31537.5,35025.5
2025-05-26,FY25-26,61,S01,P04,259.0,0.1,233.1,269.0,0,1,0,,1.0,322,128,194,75058.2,38049.2,37009.0
2025-06-02,FY25-26,62,S01,P04,259.0,0.0,259.0,269.0,0,0,0,,0.96,290,149,141,75110.0,37197.75,37912.25
2025-06-09,FY25-26,63,S01,P04,259.0,0.0,259.0,269.0,0,0,0,,0.96,299,147,152,77441.0,37923.25,39517.75
2025-06-16,FY25-26,64,S01,P04,259.0,0.0,259.0,270.0,0,0,0,,0.96,293,152,141,75887.0,37677.0,38210.0
2025-06-23,FY25-26,65,S01,P04,259.0,0.0,259.0,270.0,0,0,0,,0.96,276,138,138,71484.0,35155.5,36328.5
2025-06-30,FY25-26,66,S01,P04,259.0,0.0,259.0,270.0,0,0,0,,0.96,309,148,161,80031.0,38938.0,41093.0
2025-07-07,FY25-26,67,S01,P04,259.0,0.0,259.0,270.0,0,0,0,,0.96,251,118,133,65009.0,31485.5,33523.5
2025-07-14,FY25-26,68,S01,P04,259.0,0.0,259.0,271.0,0,0,0,,0.96,309,157,152,80031.0,39520.75,40510.25
2025-07-21,FY25-26,69,S01,P04,259.0,0.0,259.0,271.0,0,0,0,,0.96,273,138,135,70707.0,34870.5,35836.5
2025-07-28,FY25-26,70,S01,P04,259.0,0.0,259.0,271.0,0,0,0,,0.96,303,160,143,78477.0,39145.0,39332.0
2025-08-04,FY25-26,71,S01,P04,259.0,0.0,259.0,271.0,0,0,0,,0.96,303,149,154,78477.0,38432.75,40044.25
2025-08-11,FY25-26,72,S01,P04,259.0,0.0,259.0,272.0,0,0,0,,0.96,294,161,133,76146.0,38354.75,37791.25
2025-08-18,FY25-26,73,S01,P04,259.0,0.0,259.0,272.0,0,0,0,,0.96,305,160,145,78995.0,39335.0,39660.0
2025-08-25,FY25-26,74,S01,P04,259.0,0.0,259.0,272.0,0,0,1,Ganesh Chaturthi,0.96,293,158,135,75887.0,38065.5,37821.5
2025-09-01,FY25-26,75,S01,P04,259.0,0.0,259.0,272.0,0,0,1,Ganesh Chaturthi,0.96,348,183,165,90132.0,44909.25,45222.75
2025-09-08,FY25-26,76,S01,P04,259.0,0.0,259.0,273.0,0,0,0,,0.96,319,150,169,82621.0,40017.5,42603.5
2025-09-15,FY25-26,77,S01,P04,259.0,0.0,259.0,273.0,0,0,0,,0.96,284,159,125,73556.0,37275.25,36280.75
2025-09-22,FY25-26,78,S01,P04,259.0,0.0,259.0,273.0,0,0,1,Navratri,0.96,285,155,130,73815.0,37111.25,36703.75
2025-09-29,FY25-26,79,S01,P04,259.0,0.0,259.0,274.0,0,0,1,Navratri,1.0,314,110,204,81326.0,36952.5,44373.5
2025-10-06,FY25-26,80,S01,P04,259.0,0.0,259.0,274.0,0,0,0,,1.0,298,113,185,77182.0,35626.75,41555.25
2025-10-13,FY25-26,81,S01,P04,259.0,0.0,259.0,274.0,0,0,1,Diwali,0.8,231,85,146,59829.0,27448.75,32380.25
2025-10-20,FY25-26,82,S01,P04,259.0,0.1,233.1,274.0,0,1,1,Diwali,0.8,296,112,184,68997.6,34646.8,34350.8
2025-10-27,FY25-26,83,S01,P04,259.0,0.0,259.0,275.0,0,0,0,,1.0,305,114,191,78995.0,36356.5,42638.5
2025-11-03,FY25-26,84,S01,P04,259.0,0.0,259.0,275.0,0,0,0,,1.0,282,128,154,73038.0,35078.0,37960.0
2025-11-10,FY25-26,85,S01,P04,259.0,0.0,259.0,275.0,0,0,0,,1.0,315,136,179,81585.0,38731.0,42854.0
2025-11-17,FY25-26,86,S01,P04,259.0,0.0,259.0,275.0,0,0,0,,1.0,285,103,182,73815.0,33744.25,40070.75
2025-11-24,FY25-26,87,S01,P04,259.0,0.0,259.0,276.0,0,0,0,,1.0,290,119,171,75110.0,35255.25,39854.75
2025-12-01,FY25-26,88,S01,P04,259.0,0.0,259.0,276.0,0,0,0,,1.0,282,121,161,73038.0,34624.75,38413.25
2025-12-08,FY25-26,89,S01,P04,259.0,0.0,259.0,276.0,0,0,0,,1.0,316,122,194,81844.0,37919.5,43924.5
2025-12-15,FY25-26,90,S01,P04,259.0,0.0,259.0,276.0,0,0,0,,1.0,321,118,203,83139.0,38135.5,45003.5
2025-12-22,FY25-26,91,S01,P04,229.0,0.0,229.0,277.0,1,0,1,Year End,0.85,336,125,211,76944.0,39076.25,37867.75
2025-12-29,FY25-26,92,S01,P04,229.0,0.0,229.0,277.0,1,0,1,Year End,0.85,262,104,158,59998.0,30844.0,29154.0
2026-01-05,FY25-26,93,S01,P04,229.0,0.0,229.0,277.0,1,0,0,,1.0,392,168,224,89768.0,46858.0,42910.0
2026-01-12,FY25-26,94,S01,P04,229.0,0.0,229.0,236.0,1,0,0,,1.0,296,124,172,67784.0,35219.0,32565.0
2026-01-19,FY25-26,95,S01,P04,259.0,0.0,259.0,278.0,0,0,0,,1.0,314,127,187,81326.0,38053.25,43272.75
2026-01-26,FY25-26,96,S01,P04,259.0,0.0,259.0,278.0,0,0,0,,1.0,310,129,181,80290.0,37802.75,42487.25
2026-02-02,FY25-26,97,S01,P04,259.0,0.0,259.0,278.0,0,0,0,,1.0,297,122,175,76923.0,36114.5,40808.5
2026-02-09,FY25-26,98,S01,P04,259.0,0.0,259.0,278.0,0,0,0,,1.0,326,150,176,84434.0,40682.5,43751.5
2026-02-16,FY25-26,99,S01,P04,259.0,0.0,259.0,279.0,0,0,0,,1.0,300,125,175,77700.0,36593.75,41106.25
2026-02-23,FY25-26,100,S01,P04,259.0,0.0,259.0,237.0,0,0,0,,1.0,286,125,161,74074.0,35263.75,38810.25
2026-03-02,FY25-26,101,S01,P04,259.0,0.0,259.0,279.0,0,0,0,,1.0,290,108,182,75110.0,34543.0,40567.0
2026-03-09,FY25-26,102,S01,P04,259.0,0.0,259.0,238.0,0,0,0,,1.0,294,108,186,76146.0,34923.0,41223.0
2026-03-16,FY25-26,103,S01,P04,259.0,0.0,259.0,280.0,0,0,0,,1.0,314,118,196,81326.0,37470.5,43855.5
2026-03-23,FY25-26,104,S01,P04,259.0,0.0,259.0,280.0,0,0,0,,1.0,327,140,187,84693.0,40130.0,44563.0
2024-04-01,FY24-25,1,S01,P05,89.0,0.0,89.0,97.0,0,0,0,,1.0,459,196,263,40851.0,17213.0,23638.0
2024-04-08,FY24-25,2,S01,P05,89.0,0.0,89.0,97.0,0,0,0,,1.0,426,165,261,37914.0,15599.25,22314.75
2024-04-15,FY24-25,3,S01,P05,89.0,0.0,89.0,97.0,0,0,0,,1.0,485,185,300,43165.0,17696.25,25468.75
2024-04-22,FY24-25,4,S01,P05,89.0,0.0,89.0,97.0,0,0,0,,1.0,445,190,255,39605.0,16687.5,22917.5
2024-04-29,FY24-25,5,S01,P05,89.0,0.0,89.0,98.0,0,0,0,,1.0,478,206,272,42542.0,17967.5,24574.5
2024-05-06,FY24-25,6,S01,P05,89.0,0.0,89.0,98.0,0,0,0,,1.0,447,170,277,39783.0,16298.5,23484.5
2024-05-13,FY24-25,7,S01,P05,89.0,0.0,89.0,98.0,0,0,0,,1.0,596,223,373,53044.0,21649.75,31394.25
2024-05-20,FY24-25,8,S01,P05,89.0,0.0,89.0,98.0,0,0,0,,1.0,515,214,301,45835.0,19181.5,26653.5
2024-05-27,FY24-25,9,S01,P05,89.0,0.0,89.0,83.0,0,0,0,,1.0,446,158,288,39694.0,16003.5,23690.5
2024-06-03,FY24-25,10,S01,P05,89.0,0.1,80.1,83.0,0,1,0,,1.056,541,283,258,43334.1,20815.08,22519.02
2024-06-10,FY24-25,11,S01,P05,89.0,0.0,89.0,98.0,0,0,0,,1.056,488,246,242,43432.0,19137.5,24294.5
2024-06-17,FY24-25,12,S01,P05,89.0,0.2,71.2,98.0,0,1,0,,1.056,587,301,286,41794.4,21793.8,20000.6
2024-06-24,FY24-25,13,S01,P05,89.0,0.0,89.0,84.0,0,0,0,,1.056,445,236,209,39605.0,17711.0,21894.0
2024-07-01,FY24-25,14,S01,P05,89.0,0.0,89.0,98.0,0,0,0,,1.056,495,259,236,44055.0,19622.75,24432.25
2024-07-08,FY24-25,15,S01,P05,89.0,0.0,89.0,98.0,0,0,0,,1.056,514,277,237,45746.0,20555.25,25190.75
2024-07-15,FY24-25,16,S01,P05,89.0,0.0,89.0,99.0,0,0,0,,1.056,529,273,256,47081.0,20886.25,26194.75
2024-07-22,FY24-25,17,S01,P05,89.0,0.0,89.0,99.0,0,0,0,,1.056,524,245,279,46636.0,20123.25,26512.75
2024-07-29,FY24-25,18,S01,P05,89.0,0.0,89.0,99.0,0,0,0,,1.056,596,300,296,53044.0,23363.0,29681.0
2024-08-05,FY24-25,19,S01,P05,89.0,0.0,89.0,84.0,1,0,0,,1.056,490,234,256,43610.0,18926.5,24683.5
2024-08-12,FY24-25,20,S01,P05,89.0,0.0,89.0,99.0,1,0,0,,1.056,521,268,253,46369.0,20551.0,25818.0
2024-08-19,FY24-25,21,S01,P05,89.0,0.0,89.0,99.0,1,0,0,,1.056,516,291,225,45924.0,20922.75,25001.25
2024-08-26,FY24-25,22,S01,P05,89.0,0.0,89.0,99.0,1,0,0,,1.056,550,273,277,48950.0,21474.25,27475.75
2024-09-02,FY24-25,23,S01,P05,89.0,0.0,89.0,99.0,0,0,1,Ganesh Chaturthi,1.056,617,309,308,54913.0,24151.25,30761.75
2024-09-09,FY24-25,24,S01,P05,89.0,0.0,89.0,99.0,0,0,1,Ganesh Chaturthi,1.056,495,232,263,44055.0,19022.0,25033.0
2024-09-16,FY24-25,25,S01,P05,89.0,0.0,89.0,99.0,0,0,1,Ganesh Chaturthi,1.056,528,279,249,46992.0,20991.75,26000.25
2024-09-23,FY24-25,26,S01,P05,89.0,0.0,89.0,99.0,0,0,0,,1.056,571,290,281,50819.0,22440.5,28378.5
2024-09-30,FY24-25,27,S01,P05,89.0,0.0,89.0,100.0,0,0,1,Navratri,1.0,480,191,289,42720.0,17689.75,25030.25
2024-10-07,FY24-25,28,S01,P05,89.0,0.0,89.0,100.0,0,0,1,Navratri,1.0,501,203,298,44589.0,18544.75,26044.25
2024-10-14,FY24-25,29,S01,P05,89.0,0.1,80.1,100.0,0,1,0,,1.0,634,259,375,50783.4,22938.48,27844.92
2024-10-21,FY24-25,30,S01,P05,89.0,0.0,89.0,100.0,0,0,0,,1.0,485,206,279,43165.0,18163.5,25001.5
2024-10-28,FY24-25,31,S01,P05,89.0,0.0,89.0,100.0,0,0,1,Diwali,0.8,412,150,262,36668.0,14873.5,21794.5
2024-11-04,FY24-25,32,S01,P05,89.0,0.0,89.0,100.0,1,0,0,,1.0,574,237,337,51086.0,21345.25,29740.75
2024-11-11,FY24-25,33,S01,P05,89.0,0.0,89.0,100.0,1,0,0,,1.0,480,200,280,42720.0,17890.0,24830.0
2024-11-18,FY24-25,34,S01,P05,89.0,0.0,89.0,100.0,1,0,0,,1.0,542,214,328,48238.0,19937.5,28300.5
2024-11-25,FY24-25,35,S01,P05,89.0,0.0,89.0,100.0,1,0,0,,1.0,500,181,319,44500.0,18027.25,26472.75
2024-12-02,FY24-25,36,S01,P05,89.0,0.0,89.0,100.0,0,0,0,,1.0,462,204,258,41118.0,17475.0,23643.0
2024-12-09,FY24-25,37,S01,P05,89.0,0.0,89.0,100.0,0,0,0,,1.0,520,186,334,46280.0,18698.5,27581.5
2024-12-16,FY24-25,38,S01,P05,89.0,0.0,89.0,101.0,0,0,1,Year End,0.85,436,172,264,38804.0,16035.0,22769.0
2024-12-23,FY24-25,39,S01,P05,89.0,0.0,89.0,101.0,0,0,1,Year End,0.85,412,180,232,36668.0,15541.0,21127.0
2024-12-30,FY24-25,40,S01,P05,89.0,0.0,89.0,101.0,0,0,1,Year End,0.85,440,170,270,39160.0,16102.5,23057.5
2025-01-06,FY24-25,41,S01,P05,89.0,0.0,89.0,101.0,0,0,0,,1.0,481,192,289,42809.0,17740.0,25069.0
2025-01-13,FY24-25,42,S01,P05,89.0,0.2,71.2,101.0,0,1,0,,1.0,612,258,354,43574.4,21728.4,21846.0
2025-01-20,FY24-25,43,S01,P05,89.0,0.0,89.0,101.0,0,0,0,,1.0,559,211,348,49751.0,20346.75,29404.25
2025-01-27,FY24-25,44,S01,P05,89.0,0.1,80.1,101.0,0,1,0,,1.0,530,214,316,42453.0,19125.35,23327.65
2025-02-03,FY24-25,45,S01,P05,89.0,0.0,89.0,101.0,0,0,0,,1.0,432,177,255,38448.0,16034.25,22413.75
2025-02-10,FY24-25,46,S01,P05,89.0,0.0,89.0,101.0,0,0,0,,1.0,525,208,317,46725.0,19328.0,27397.0
2025-02-17,FY24-25,47,S01,P05,89.0,0.0,89.0,101.0,0,0,0,,1.0,497,207,290,44233.0,18521.75,25711.25
2025-02-24,FY24-25,48,S01,P05,89.0,0.0,89.0,102.0,0,0,0,,1.0,464,176,288,41296.0,16908.0,24388.0
2025-03-03,FY24-25,49,S01,P05,89.0,0.0,89.0,102.0,0,0,0,,1.0,463,186,277,41207.0,17102.5,24104.5
2025-03-10,FY24-25,50,S01,P05,89.0,0.0,89.0,102.0,0,0,0,,1.0,543,213,330,48327.0,19943.25,28383.75
2025-03-17,FY24-25,51,S01,P05,89.0,0.0,89.0,102.0,0,0,0,,1.0,441,172,269,39249.0,16175.0,23074.0
2025-03-24,FY24-25,52,S01,P05,89.0,0.0,89.0,102.0,0,0,0,,1.0,514,223,291,45746.0,19353.75,26392.25
2025-03-31,FY24-25,53,S01,P05,99.0,0.0,99.0,102.0,0,0,0,,1.0,440,186,254,43560.0,16923.5,26636.5
2025-04-07,FY25-26,54,S01,P05,99.0,0.0,99.0,102.0,0,0,0,,1.0,467,185,282,46233.0,17654.75,28578.25
2025-04-14,FY25-26,55,S01,P05,99.0,0.0,99.0,102.0,0,0,0,,1.0,425,187,238,42075.0,16528.25,25546.75
2025-04-21,FY25-26,56,S01,P05,99.0,0.0,99.0,102.0,0,0,0,,1.0,414,169,245,40986.0,15774.75,25211.25
2025-04-28,FY25-26,57,S01,P05,99.0,0.0,99.0,102.0,0,0,0,,1.0,439,179,260,43461.0,16722.25,26738.75
2025-05-05,FY25-26,58,S01,P05,99.0,0.0,99.0,102.0,0,0,0,,1.0,437,182,255,43263.0,16740.5,26522.5
2025-05-12,FY25-26,59,S01,P05,99.0,0.0,99.0,103.0,0,0,0,,1.0,435,171,264,43065.0,16412.25,26652.75
2025-05-19,FY25-26,60,S01,P05,99.0,0.1,89.1,103.0,0,1,0,,1.0,503,212,291,44817.3,18806.3,26011.0
2025-05-26,FY25-26,61,S01,P05,99.0,0.1,89.1,103.0,0,1,0,,1.0,508,197,311,45262.8,18612.18,26650.62
2025-06-02,FY25-26,62,S01,P05,99.0,0.0,99.0,103.0,0,0,0,,1.056,550,253,297,54450.0,21661.75,32788.25
2025-06-09,FY25-26,63,S01,P05,99.0,0.0,99.0,103.0,0,0,0,,1.056,493,219,274,48807.0,19224.25,29582.75
2025-06-16,FY25-26,64,S01,P05,99.0,0.0,99.0,103.0,0,0,0,,1.056,490,267,223,48510.0,20328.25,28181.75
2025-06-23,FY25-26,65,S01,P05,99.0,0.0,99.0,103.0,1,0,0,,1.056,518,263,255,51282.0,21013.25,30268.75
2025-06-30,FY25-26,66,S01,P05,99.0,0.0,99.0,103.0,1,0,0,,1.056,482,250,232,47718.0,19683.5,28034.5
2025-07-07,FY25-26,67,S01,P05,99.0,0.0,99.0,103.0,1,0,0,,1.056,454,243,211,44946.0,18726.25,26219.75
2025-07-14,FY25-26,68,S01,P05,99.0,0.0,99.0,103.0,1,0,0,,1.056,471,236,235,46629.0,19029.0,27600.0
2025-07-21,FY25-26,69,S01,P05,99.0,0.2,79.2,104.0,0,1,0,,1.056,573,293,280,45381.6,21845.4,23536.2
2025-07-28,FY25-26,70,S01,P05,99.0,0.0,99.0,104.0,0,0,0,,1.056,546,269,277,54054.0,21945.75,32108.25
2025-08-04,FY25-26,71,S01,P05,99.0,0.2,79.2,104.0,0,1,0,,1.056,596,285,311,47203.2,22331.0,24872.2
2025-08-11,FY25-26,72,S01,P05,99.0,0.2,79.2,88.0,0,1,0,,1.056,586,304,282,46411.2,22427.2,23984.0
2025-08-18,FY25-26,73,S01,P05,99.0,0.0,99.0,104.0,0,0,0,,1.056,440,214,226,43560.0,17616.5,25943.5
2025-08-25,FY25-26,74,S01,P05,99.0,0.0,99.0,104.0,0,0,1,Ganesh Chaturthi,1.056,493,245,248,48807.0,19867.75,28939.25
2025-09-01,FY25-26,75,S01,P05,99.0,0.0,99.0,104.0,0,0,1,Ganesh Chaturthi,1.056,555,277,278,54945.0,22395.75,32549.25
2025-09-08,FY25-26,76,S01,P05,99.0,0.0,99.0,104.0,0,0,0,,1.056,485,245,240,48015.0,19643.75,28371.25
2025-09-15,FY25-26,77,S01,P05,99.0,0.0,99.0,104.0,0,0,0,,1.056,515,242,273,50985.0,20409.5,30575.5
2025-09-22,FY25-26,78,S01,P05,99.0,0.0,99.0,104.0,0,0,1,Navratri,1.056,547,268,279,54153.0,21949.0,32204.0
2025-09-29,FY25-26,79,S01,P05,99.0,0.0,99.0,105.0,0,0,1,Navratri,1.0,445,181,264,44055.0,16939.75,27115.25
2025-10-06,FY25-26,80,S01,P05,99.0,0.0,99.0,105.0,0,0,0,,1.0,409,161,248,40491.0,15436.75,25054.25
2025-10-13,FY25-26,81,S01,P05,99.0,0.0,99.0,105.0,0,0,1,Diwali,0.8,323,138,185,31977.0,12459.5,19517.5
2025-10-20,FY25-26,82,S01,P05,99.0,0.0,99.0,105.0,0,0,1,Diwali,0.8,375,154,221,37125.0,14311.5,22813.5
2025-10-27,FY25-26,83,S01,P05,99.0,0.1,89.1,105.0,0,1,0,,1.0,505,199,306,44995.5,18572.72,26422.78
2025-11-03,FY25-26,84,S01,P05,99.0,0.0,99.0,105.0,0,0,0,,1.0,505,176,329,49995.0,18496.0,31499.0
2025-11-10,FY25-26,85,S01,P05,99.0,0.0,99.0,105.0,0,0,0,,1.0,466,175,291,46134.0,17379.25,28754.75
2025-11-17,FY25-26,86,S01,P05,99.0,0.0,99.0,105.0,0,0,0,,1.0,471,174,297,46629.0,17494.5,29134.5
2025-11-24,FY25-26,87,S01,P05,99.0,0.0,99.0,105.0,0,0,0,,1.0,431,178,253,42669.0,16473.5,26195.5
2025-12-01,FY25-26,88,S01,P05,99.0,0.0,99.0,105.0,0,0,0,,1.0,514,196,318,50886.0,19243.0,31643.0
2025-12-08,FY25-26,89,S01,P05,99.0,0.0,99.0,106.0,0,0,0,,1.0,526,202,324,52074.0,19727.5,32346.5
2025-12-15,FY25-26,90,S01,P05,99.0,0.0,99.0,106.0,0,0,0,,1.0,453,180,273,44847.0,17139.0,27708.0
2025-12-22,FY25-26,91,S01,P05,99.0,0.0,99.0,106.0,0,0,1,Year End,0.85,398,168,230,39402.0,15302.0,24100.0
2025-12-29,FY25-26,92,S01,P05,99.0,0.0,99.0,106.0,0,0,1,Year End,0.85,368,165,203,36432.0,14387.75,22044.25
2026-01-05,FY25-26,93,S01,P05,99.0,0.0,99.0,106.0,0,0,0,,1.0,458,163,295,45342.0,16858.25,28483.75
2026-01-12,FY25-26,94,S01,P05,99.0,0.0,99.0,106.0,0,0,0,,1.0,441,190,251,43659.0,17050.5,26608.5
2026-01-19,FY25-26,95,S01,P05,99.0,0.0,99.0,106.0,0,0,0,,1.0,502,200,302,49698.0,19006.0,30692.0
2026-01-26,FY25-26,96,S01,P05,99.0,0.0,99.0,106.0,0,0,0,,1.0,517,200,317,51183.0,19426.0,31757.0
2026-02-02,FY25-26,97,S01,P05,99.0,0.0,99.0,106.0,0,0,0,,1.0,459,168,291,45441.0,17010.0,28431.0
2026-02-09,FY25-26,98,S01,P05,99.0,0.0,99.0,106.0,0,0,0,,1.0,439,177,262,43461.0,16672.75,26788.25
2026-02-16,FY25-26,99,S01,P05,99.0,0.0,99.0,106.0,0,0,0,,1.0,419,165,254,41481.0,15815.75,25665.25
2026-02-23,FY25-26,100,S01,P05,99.0,0.0,99.0,107.0,0,0,0,,1.0,435,148,287,43065.0,15843.0,27222.0
2026-03-02,FY25-26,101,S01,P05,99.0,0.0,99.0,91.0,0,0,0,,1.0,485,176,309,48015.0,17936.0,30079.0
2026-03-09,FY25-26,102,S01,P05,99.0,0.0,99.0,107.0,0,0,0,,1.0,421,159,262,41679.0,15723.25,25955.75
2026-03-16,FY25-26,103,S01,P05,99.0,0.0,99.0,107.0,0,0,0,,1.0,415,164,251,41085.0,15679.0,25406.0
2026-03-23,FY25-26,104,S01,P05,99.0,0.0,99.0,107.0,0,0,0,,1.0,510,205,305,50490.0,19353.75,31136.25
2024-04-01,FY24-25,1,S01,P06,119.0,0.0,119.0,126.0,0,0,0,,1.2,458,164,294,54502.0,20909.0,33593.0
2024-04-08,FY24-25,2,S01,P06,119.0,0.0,119.0,126.0,0,0,0,,1.2,403,163,240,47957.0,18954.25,29002.75
2024-04-15,FY24-25,3,S01,P06,119.0,0.0,119.0,126.0,0,0,0,,1.2,403,152,251,47957.0,18627.0,29330.0
2024-04-22,FY24-25,4,S01,P06,119.0,0.0,119.0,127.0,0,0,0,,1.2,480,202,278,57120.0,22809.5,34310.5
2024-04-29,FY24-25,5,S01,P06,109.0,0.0,109.0,127.0,1,0,0,,1.2,510,205,305,55590.0,23436.25,32153.75
2024-05-06,FY24-25,6,S01,P06,109.0,0.0,109.0,108.0,1,0,0,,1.2,442,187,255,48178.0,20565.75,27612.25
2024-05-13,FY24-25,7,S01,P06,109.0,0.0,109.0,127.0,1,0,0,,1.2,519,214,305,56571.0,23996.5,32574.5
2024-05-20,FY24-25,8,S01,P06,109.0,0.0,109.0,127.0,1,0,0,,1.2,414,161,253,45126.0,18877.25,26248.75
2024-05-27,FY24-25,9,S01,P06,119.0,0.15,101.15,127.0,0,1,0,,1.2,495,221,274,50069.25,22913.54,27155.71
2024-06-03,FY24-25,10,S01,P06,119.0,0.0,119.0,127.0,0,0,0,,0.96,398,197,201,47362.0,19790.75,27571.25
2024-06-10,FY24-25,11,S01,P06,119.0,0.0,119.0,127.0,0,0,0,,0.96,371,190,181,44149.0,18637.5,25511.5
2024-06-17,FY24-25,12,S01,P06,119.0,0.0,119.0,128.0,0,0,0,,0.96,412,204,208,49028.0,20489.0,28539.0
2024-06-24,FY24-25,13,S01,P06,119.0,0.0,119.0,128.0,0,0,0,,0.96,327,167,160,38913.0,16413.25,22499.75
2024-07-01,FY24-25,14,S01,P06,119.0,0.0,119.0,128.0,0,0,0,,0.96,352,189,163,41888.0,17942.75,23945.25
2024-07-08,FY24-25,15,S01,P06,119.0,0.0,119.0,128.0,0,0,0,,0.96,322,168,154,38318.0,16268.0,22050.0
2024-07-15,FY24-25,16,S01,P06,119.0,0.0,119.0,128.0,0,0,0,,0.96,328,183,145,39032.0,16924.25,22107.75
2024-07-22,FY24-25,17,S01,P06,119.0,0.0,119.0,128.0,0,0,0,,0.96,340,160,180,40460.0,16660.0,23800.0
2024-07-29,FY24-25,18,S01,P06,119.0,0.0,119.0,128.0,0,0,0,,0.96,353,165,188,42007.0,17263.75,24743.25
2024-08-05,FY24-25,19,S01,P06,119.0,0.0,119.0,128.0,0,0,0,,0.96,347,168,179,41293.0,17143.0,24150.0
2024-08-12,FY24-25,20,S01,P06,119.0,0.0,119.0,128.0,0,0,0,,0.96,341,173,168,40579.0,17081.75,23497.25
2024-08-19,FY24-25,21,S01,P06,119.0,0.0,119.0,129.0,0,0,0,,0.96,320,150,170,38080.0,15662.5,22417.5
2024-08-26,FY24-25,22,S01,P06,119.0,0.0,119.0,129.0,0,0,0,,0.96,334,166,168,39746.0,16628.5,23117.5
2024-09-02,FY24-25,23,S01,P06,119.0,0.0,119.0,129.0,0,0,1,Ganesh Chaturthi,0.96,370,195,175,44030.0,18751.25,25278.75
2024-09-09,FY24-25,24,S01,P06,119.0,0.0,119.0,110.0,0,0,1,Ganesh Chaturthi,0.96,305,166,139,36295.0,15613.5,20681.5
2024-09-16,FY24-25,25,S01,P06,119.0,0.15,101.15,129.0,0,1,1,Ganesh Chaturthi,0.96,398,175,223,40257.7,18355.31,21902.39
2024-09-23,FY24-25,26,S01,P06,119.0,0.0,119.0,129.0,0,0,0,,0.96,332,168,164,39508.0,16618.0,22890.0
2024-09-30,FY24-25,27,S01,P06,119.0,0.0,119.0,129.0,0,0,1,Navratri,1.0,395,145,250,47005.0,18138.75,28866.25
2024-10-07,FY24-25,28,S01,P06,119.0,0.0,119.0,129.0,0,0,1,Navratri,1.0,360,150,210,42840.0,17062.5,25777.5
2024-10-14,FY24-25,29,S01,P06,119.0,0.0,119.0,130.0,0,0,0,,1.0,426,156,270,50694.0,19551.0,31143.0
2024-10-21,FY24-25,30,S01,P06,119.0,0.15,101.15,130.0,0,1,0,,1.0,439,188,251,44404.85,20119.05,24285.8
2024-10-28,FY24-25,31,S01,P06,119.0,0.0,119.0,130.0,0,0,1,Diwali,0.8,289,103,186,34391.0,13179.25,21211.75
2024-11-04,FY24-25,32,S01,P06,119.0,0.0,119.0,130.0,0,0,0,,1.0,393,157,236,46767.0,18425.75,28341.25
2024-11-11,FY24-25,33,S01,P06,119.0,0.15,101.15,130.0,0,1,0,,1.0,441,160,281,44607.15,19481.0,25126.15
2024-11-18,FY24-25,34,S01,P06,119.0,0.1,107.1,130.0,0,1,0,,1.0,439,196,243,47016.9,20612.9,26404.0
2024-11-25,FY24-25,35,S01,P06,119.0,0.0,119.0,130.0,0,0,0,,1.0,367,143,224,43673.0,17099.25,26573.75
2024-12-02,FY24-25,36,S01,P06,119.0,0.0,119.0,130.0,0,0,0,,1.0,343,137,206,40817.0,16080.75,24736.25
2024-12-09,FY24-25,37,S01,P06,119.0,0.0,119.0,131.0,0,0,0,,1.0,420,168,252,49980.0,19698.0,30282.0
2024-12-16,FY24-25,38,S01,P06,119.0,0.0,119.0,131.0,0,0,1,Year End,0.85,293,111,182,34867.0,13557.25,21309.75
2024-12-23,FY24-25,39,S01,P06,119.0,0.1,107.1,131.0,0,1,1,Year End,0.85,376,161,215,40269.6,17470.78,22798.82
2024-12-30,FY24-25,40,S01,P06,129.0,0.0,129.0,131.0,1,0,1,Year End,0.85,291,127,164,37539.0,14280.75,23258.25
2025-01-06,FY24-25,41,S01,P06,129.0,0.0,129.0,131.0,1,0,0,,1.0,348,129,219,44892.0,16340.25,28551.75
2025-01-13,FY24-25,42,S01,P06,129.0,0.0,129.0,131.0,1,0,0,,1.0,363,144,219,46827.0,17349.0,29478.0
2025-01-20,FY24-25,43,S01,P06,129.0,0.0,129.0,131.0,1,0,0,,1.0,324,122,202,41796.0,15274.5,26521.5
2025-01-27,FY24-25,44,S01,P06,119.0,0.1,107.1,131.0,0,1,0,,1.0,377,138,239,40376.7,16889.95,23486.75
2025-02-03,FY24-25,45,S01,P06,119.0,0.0,119.0,132.0,0,0,0,,1.0,386,154,232,45934.0,18091.5,27842.5
2025-02-10,FY24-25,46,S01,P06,119.0,0.0,119.0,132.0,0,0,0,,1.0,383,132,251,45577.0,17332.0,28245.0
2025-02-17,FY24-25,47,S01,P06,119.0,0.0,119.0,132.0,0,0,0,,1.0,386,167,219,45934.0,18478.25,27455.75
2025-02-24,FY24-25,48,S01,P06,119.0,0.0,119.0,132.0,0,0,0,,1.0,349,142,207,41531.0,16439.5,25091.5
2025-03-03,FY24-25,49,S01,P06,119.0,0.15,101.15,132.0,0,1,0,,1.0,485,210,275,49057.75,22285.38,26772.37
2025-03-10,FY24-25,50,S01,P06,119.0,0.2,95.2,132.0,0,1,0,,1.0,587,229,358,55882.4,25995.2,29887.2
2025-03-17,FY24-25,51,S01,P06,119.0,0.0,119.0,132.0,0,0,0,,1.0,356,136,220,42364.0,16506.0,25858.0
2025-03-24,FY24-25,52,S01,P06,119.0,0.0,119.0,132.0,0,0,0,,1.0,364,139,225,43316.0,16875.25,26440.75
2025-03-31,FY24-25,53,S01,P06,129.0,0.0,129.0,133.0,0,0,0,,1.2,423,157,266,54567.0,19868.25,34698.75
2025-04-07,FY25-26,54,S01,P06,129.0,0.0,129.0,133.0,0,0,0,,1.2,410,171,239,52890.0,19864.75,33025.25
2025-04-14,FY25-26,55,S01,P06,129.0,0.0,129.0,133.0,0,0,0,,1.2,513,220,293,66177.0,25050.0,41127.0
2025-04-21,FY25-26,56,S01,P06,129.0,0.0,129.0,133.0,0,0,0,,1.2,392,143,249,50568.0,18331.75,32236.25
2025-04-28,FY25-26,57,S01,P06,129.0,0.15,109.65,133.0,0,1,0,,1.2,519,213,306,56908.35,24003.86,32904.49
2025-05-05,FY25-26,58,S01,P06,129.0,0.0,129.0,133.0,0,0,0,,1.2,427,171,256,55083.0,20459.75,34623.25
2025-05-12,FY25-26,59,S01,P06,129.0,0.0,129.0,133.0,0,0,0,,1.2,386,147,239,49794.0,18250.75,31543.25
2025-05-19,FY25-26,60,S01,P06,129.0,0.0,129.0,133.0,0,0,0,,1.2,439,172,267,56631.0,20912.0,35719.0
2025-05-26,FY25-26,61,S01,P06,129.0,0.0,129.0,134.0,0,0,0,,1.2,447,178,269,57663.0,21385.5,36277.5
2025-06-02,FY25-26,62,S01,P06,129.0,0.0,129.0,134.0,0,0,0,,0.96,344,176,168,44376.0,17716.0,26660.0
2025-06-09,FY25-26,63,S01,P06,129.0,0.0,129.0,134.0,0,0,0,,0.96,315,173,142,40635.0,16604.25,24030.75
2025-06-16,FY25-26,64,S01,P06,129.0,0.0,129.0,134.0,0,0,0,,0.96,300,143,157,38700.0,15111.75,23588.25
2025-06-23,FY25-26,65,S01,P06,129.0,0.0,129.0,134.0,0,0,0,,0.96,325,169,156,41925.0,16825.25,25099.75
2025-06-30,FY25-26,66,S01,P06,129.0,0.0,129.0,134.0,0,0,0,,0.96,313,144,169,40377.0,15599.0,24778.0
2025-07-07,FY25-26,67,S01,P06,129.0,0.0,129.0,134.0,0,0,0,,0.96,302,155,147,38958.0,15568.75,23389.25
2025-07-14,FY25-26,68,S01,P06,129.0,0.2,103.2,134.0,0,1,0,,0.96,460,219,241,47472.0,21750.2,25721.8
2025-07-21,FY25-26,69,S01,P06,129.0,0.0,129.0,135.0,0,0,0,,0.96,349,181,168,45021.0,18052.25,26968.75
2025-07-28,FY25-26,70,S01,P06,129.0,0.0,129.0,135.0,0,0,0,,0.96,322,171,151,41538.0,16784.75,24753.25
2025-08-04,FY25-26,71,S01,P06,129.0,0.0,129.0,135.0,0,0,0,,0.96,365,180,185,47085.0,18580.0,28505.0
2025-08-11,FY25-26,72,S01,P06,129.0,0.0,129.0,135.0,0,0,0,,0.96,371,192,179,47859.0,19177.0,28682.0
2025-08-18,FY25-26,73,S01,P06,119.0,0.0,119.0,135.0,1,0,0,,0.96,403,199,204,47957.0,20025.25,27931.75
2025-08-25,FY25-26,74,S01,P06,119.0,0.0,119.0,135.0,1,0,1,Ganesh Chaturthi,0.96,310,139,171,36890.0,14985.25,21904.75
2025-09-01,FY25-26,75,S01,P06,119.0,0.0,119.0,135.0,1,0,1,Ganesh Chaturthi,0.96,334,157,177,39746.0,16360.75,23385.25
2025-09-08,FY25-26,76,S01,P06,119.0,0.0,119.0,135.0,1,0,0,,0.96,324,162,162,38556.0,16159.5,22396.5
2025-09-15,FY25-26,77,S01,P06,129.0,0.0,129.0,136.0,0,0,0,,0.96,326,179,147,42054.0,17182.75,24871.25
2025-09-22,FY25-26,78,S01,P06,129.0,0.0,129.0,136.0,0,0,1,Navratri,0.96,363,160,203,46827.0,17865.0,28962.0
2025-09-29,FY25-26,79,S01,P06,129.0,0.0,129.0,136.0,0,0,1,Navratri,1.0,385,162,223,49665.0,18699.5,30965.5
2025-10-06,FY25-26,80,S01,P06,129.0,0.0,129.0,136.0,0,0,0,,1.0,322,130,192,41538.0,15462.5,26075.5
2025-10-13,FY25-26,81,S01,P06,129.0,0.0,129.0,136.0,0,0,1,Diwali,0.8,288,109,179,37152.0,13595.25,23556.75
2025-10-20,FY25-26,82,S01,P06,129.0,0.0,129.0,136.0,0,0,1,Diwali,0.8,290,126,164,37410.0,14213.5,23196.5
2025-10-27,FY25-26,83,S01,P06,129.0,0.1,116.1,136.0,0,1,0,,1.0,443,189,254,51432.3,20990.72,30441.58
2025-11-03,FY25-26,84,S01,P06,129.0,0.0,129.0,136.0,0,0,0,,1.0,382,161,221,49278.0,18562.25,30715.75
2025-11-10,FY25-26,85,S01,P06,129.0,0.2,103.2,137.0,0,1,0,,1.0,423,174,249,43653.6,19294.2,24359.4
2025-11-17,FY25-26,86,S01,P06,129.0,0.0,129.0,137.0,0,0,0,,1.0,345,152,193,44505.0,16977.0,27528.0
2025-11-24,FY25-26,87,S01,P06,129.0,0.0,129.0,137.0,0,0,0,,1.0,365,142,223,47085.0,17354.5,29730.5
2025-12-01,FY25-26,88,S01,P06,129.0,0.1,116.1,137.0,0,1,0,,1.0,419,161,258,48645.9,19338.03,29307.87
2025-12-08,FY25-26,89,S01,P06,129.0,0.0,129.0,137.0,0,0,0,,1.0,347,138,209,44763.0,16595.5,28167.5
2025-12-15,FY25-26,90,S01,P06,129.0,0.0,129.0,137.0,0,0,0,,1.0,325,131,194,41925.0,15599.75,26325.25
2025-12-22,FY25-26,91,S01,P06,129.0,0.0,129.0,137.0,0,0,1,Year End,0.85,284,122,162,36636.0,13874.5,22761.5
2025-12-29,FY25-26,92,S01,P06,129.0,0.0,129.0,137.0,0,0,1,Year End,0.85,322,121,201,41538.0,15172.25,26365.75
2026-01-05,FY25-26,93,S01,P06,129.0,0.0,129.0,138.0,0,0,0,,1.0,336,141,195,43344.0,16307.25,27036.75
2026-01-12,FY25-26,94,S01,P06,129.0,0.0,129.0,138.0,0,0,0,,1.0,389,153,236,50181.0,18549.25,31631.75
2026-01-19,FY25-26,95,S01,P06,129.0,0.0,129.0,138.0,0,0,0,,1.0,351,136,215,45279.0,16671.0,28608.0
2026-01-26,FY25-26,96,S01,P06,129.0,0.0,129.0,138.0,0,0,0,,1.0,374,135,239,48246.0,17443.75,30802.25
2026-02-02,FY25-26,97,S01,P06,129.0,0.0,129.0,138.0,0,0,0,,1.0,371,155,216,47859.0,17983.75,29875.25
2026-02-09,FY25-26,98,S01,P06,129.0,0.0,129.0,138.0,0,0,0,,1.0,362,124,238,46698.0,16669.0,30029.0
2026-02-16,FY25-26,99,S01,P06,129.0,0.0,129.0,138.0,0,0,0,,1.0,386,147,239,49794.0,18250.75,31543.25
2026-02-23,FY25-26,100,S01,P06,129.0,0.0,129.0,138.0,0,0,0,,1.0,374,163,211,48246.0,18346.75,29899.25
2026-03-02,FY25-26,101,S01,P06,129.0,0.0,129.0,139.0,0,0,0,,1.0,332,133,199,42828.0,15909.25,26918.75
2026-03-09,FY25-26,102,S01,P06,129.0,0.0,129.0,139.0,0,0,0,,1.0,379,158,221,48891.0,18360.5,30530.5
2026-03-16,FY25-26,103,S01,P06,129.0,0.0,129.0,139.0,0,0,0,,1.0,392,157,235,50568.0,18783.25,31784.75
2026-03-23,FY25-26,104,S01,P06,129.0,0.0,129.0,118.0,0,0,0,,1.0,334,124,210,43086.0,15689.0,27397.0
2024-04-01,FY24-25,1,S02,P01,189.0,0.0,189.0,181.0,0,0,0,,1.0,410,178,232,77490.0,37110.5,40379.5
2024-04-08,FY24-25,2,S02,P01,189.0,0.0,189.0,181.0,0,0,0,,1.0,418,188,230,79002.0,38143.0,40859.0
2024-04-15,FY24-25,3,S02,P01,189.0,0.0,189.0,181.0,0,0,0,,1.0,368,161,207,69552.0,33367.25,36184.75
2024-04-22,FY24-25,4,S02,P01,189.0,0.0,189.0,181.0,0,0,0,,1.0,357,166,191,67473.0,32833.5,34639.5
2024-04-29,FY24-25,5,S02,P01,189.0,0.2,151.2,181.0,0,1,0,,1.0,591,264,327,89359.2,51349.2,38010.0
2024-05-06,FY24-25,6,S02,P01,189.0,0.0,189.0,182.0,0,0,0,,1.0,358,144,214,67662.0,31864.0,35798.0
2024-05-13,FY24-25,7,S02,P01,189.0,0.15,160.65,154.0,0,1,0,,1.0,493,222,271,79200.45,43426.08,35774.37
2024-05-20,FY24-25,8,S02,P01,189.0,0.15,160.65,182.0,0,1,0,,1.0,517,251,266,83056.05,46270.79,36785.26
2024-05-27,FY24-25,9,S02,P01,189.0,0.0,189.0,182.0,0,0,0,,1.0,454,227,227,85806.0,42505.75,43300.25
2024-06-03,FY24-25,10,S02,P01,189.0,0.0,189.0,182.0,0,0,0,,0.96,401,204,197,75789.0,37709.0,38080.0
2024-06-10,FY24-25,11,S02,P01,189.0,0.0,189.0,182.0,0,0,0,,0.96,416,238,178,78624.0,40365.5,38258.5
2024-06-17,FY24-25,12,S02,P01,189.0,0.0,189.0,183.0,0,0,0,,0.96,377,199,178,71253.0,35792.75,35460.25
2024-06-24,FY24-25,13,S02,P01,189.0,0.1,170.1,183.0,0,1,0,,0.96,475,256,219,80797.5,44136.4,36661.1
2024-07-01,FY24-25,14,S02,P01,189.0,0.0,189.0,183.0,0,0,0,,0.96,389,211,178,73521.0,37199.75,36321.25
2024-07-08,FY24-25,15,S02,P01,189.0,0.0,189.0,183.0,0,0,0,,0.96,430,226,204,81270.0,40778.5,40491.5
2024-07-15,FY24-25,16,S02,P01,189.0,0.0,189.0,183.0,0,0,0,,0.96,351,188,163,66339.0,33453.0,32886.0
2024-07-22,FY24-25,17,S02,P01,189.0,0.0,189.0,183.0,0,0,0,,0.96,409,226,183,77301.0,39308.5,37992.5
2024-07-29,FY24-25,18,S02,P01,189.0,0.0,189.0,184.0,0,0,0,,0.96,385,214,171,72765.0,37061.5,35703.5
2024-08-05,FY24-25,19,S02,P01,189.0,0.0,189.0,184.0,0,0,0,,0.96,398,220,178,75222.0,38255.0,36967.0
2024-08-12,FY24-25,20,S02,P01,189.0,0.2,151.2,184.0,0,1,0,,0.96,613,342,271,92685.6,55837.6,36848.0
2024-08-19,FY24-25,21,S02,P01,189.0,0.0,189.0,184.0,0,0,0,,0.96,397,219,178,75033.0,38137.75,36895.25
2024-08-26,FY24-25,22,S02,P01,189.0,0.0,189.0,184.0,0,0,0,,0.96,394,222,172,74466.0,38069.5,36396.5
2024-09-02,FY24-25,23,S02,P01,189.0,0.0,189.0,184.0,0,0,1,Ganesh Chaturthi,0.96,387,214,173,73143.0,37201.5,35941.5
2024-09-09,FY24-25,24,S02,P01,189.0,0.0,189.0,185.0,0,0,1,Ganesh Chaturthi,0.96,404,235,169,76356.0,39383.75,36972.25
2024-09-16,FY24-25,25,S02,P01,189.0,0.0,189.0,185.0,0,0,1,Ganesh Chaturthi,0.96,377,203,174,71253.0,35981.75,35271.25
2024-09-23,FY24-25,26,S02,P01,189.0,0.0,189.0,185.0,0,0,0,,0.96,436,244,192,82404.0,42049.0,40355.0
2024-09-30,FY24-25,27,S02,P01,189.0,0.0,189.0,185.0,0,0,1,Navratri,1.0,364,146,218,68796.0,32378.5,36417.5
2024-10-07,FY24-25,28,S02,P01,189.0,0.1,170.1,185.0,0,1,1,Navratri,1.0,511,249,262,86921.1,46358.72,40562.38
2024-10-14,FY24-25,29,S02,P01,189.0,0.0,189.0,185.0,0,0,0,,1.0,433,191,242,81837.0,39334.75,42502.25
2024-10-21,FY24-25,30,S02,P01,189.0,0.0,189.0,186.0,0,0,0,,1.0,384,174,210,72576.0,35101.5,37474.5
2024-10-28,FY24-25,31,S02,P01,189.0,0.15,160.65,186.0,0,1,1,Diwali,0.8,354,164,190,56870.1,31366.65,25503.45
2024-11-04,FY24-25,32,S02,P01,189.0,0.0,189.0,186.0,0,0,0,,1.0,386,172,214,72954.0,35147.0,37807.0
2024-11-11,FY24-25,33,S02,P01,189.0,0.0,189.0,186.0,0,0,0,,1.0,420,188,232,79380.0,38283.0,41097.0
2024-11-18,FY24-25,34,S02,P01,189.0,0.0,189.0,186.0,0,0,0,,1.0,445,202,243,84105.0,40694.5,43410.5
2024-11-25,FY24-25,35,S02,P01,189.0,0.2,151.2,159.0,0,1,0,,1.0,501,235,266,75751.2,43953.0,31798.2
2024-12-02,FY24-25,36,S02,P01,189.0,0.0,189.0,159.0,0,0,0,,1.0,421,183,238,79569.0,38116.75,41452.25
2024-12-09,FY24-25,37,S02,P01,189.0,0.0,189.0,187.0,0,0,0,,1.0,408,164,244,77112.0,36309.0,40803.0
2024-12-16,FY24-25,38,S02,P01,189.0,0.0,189.0,187.0,0,0,1,Year End,0.85,310,152,158,58590.0,28882.0,29708.0
2024-12-23,FY24-25,39,S02,P01,189.0,0.0,189.0,187.0,0,0,1,Year End,0.85,390,169,221,73710.0,35285.25,38424.75
2024-12-30,FY24-25,40,S02,P01,189.0,0.0,189.0,187.0,0,0,1,Year End,0.85,357,170,187,67473.0,33022.5,34450.5
2025-01-06,FY24-25,41,S02,P01,199.0,0.0,199.0,188.0,1,0,0,,1.0,410,195,215,81590.0,38401.25,43188.75
2025-01-13,FY24-25,42,S02,P01,199.0,0.0,199.0,188.0,1,0,0,,1.0,455,196,259,90545.0,41601.0,48944.0
2025-01-20,FY24-25,43,S02,P01,199.0,0.0,199.0,188.0,1,0,0,,1.0,391,182,209,77809.0,36424.5,41384.5
2025-01-27,FY24-25,44,S02,P01,199.0,0.0,199.0,188.0,1,0,0,,1.0,401,187,214,79799.0,37373.25,42425.75
2025-02-03,FY24-25,45,S02,P01,189.0,0.0,189.0,188.0,0,0,0,,1.0,414,194,220,78246.0,38146.5,40099.5
2025-02-10,FY24-25,46,S02,P01,189.0,0.0,189.0,188.0,0,0,0,,1.0,419,180,239,79191.0,37835.0,41356.0
2025-02-17,FY24-25,47,S02,P01,189.0,0.0,189.0,189.0,0,0,0,,1.0,435,194,241,82215.0,39616.5,42598.5
2025-02-24,FY24-25,48,S02,P01,189.0,0.15,160.65,189.0,0,1,0,,1.0,548,244,304,88036.2,48159.65,39876.55
2025-03-03,FY24-25,49,S02,P01,209.0,0.0,209.0,189.0,1,0,0,,1.0,376,150,226,78584.0,34157.5,44426.5
2025-03-10,FY24-25,50,S02,P01,209.0,0.0,209.0,189.0,1,0,0,,1.0,381,173,208,79629.0,35709.25,43919.75
2025-03-17,FY24-25,51,S02,P01,209.0,0.0,209.0,189.0,1,0,0,,1.0,395,164,231,82555.0,36219.0,46336.0
2025-03-24,FY24-25,52,S02,P01,209.0,0.0,209.0,190.0,1,0,0,,1.0,351,155,196,73359.0,32668.75,40690.25
2025-03-31,FY24-25,53,S02,P01,199.0,0.1,179.1,190.0,0,1,0,,1.0,428,190,238,76654.8,38467.25,38187.55
2025-04-07,FY25-26,54,S02,P01,199.0,0.0,199.0,190.0,0,0,0,,1.0,371,176,195,73829.0,34726.0,39103.0
2025-04-14,FY25-26,55,S02,P01,199.0,0.0,199.0,190.0,0,0,0,,1.0,390,180,210,77610.0,36255.0,41355.0
2025-04-21,FY25-26,56,S02,P01,199.0,0.0,199.0,190.0,0,0,0,,1.0,387,182,205,77013.0,36144.5,40868.5
2025-04-28,FY25-26,57,S02,P01,199.0,0.2,159.2,190.0,0,1,0,,1.0,499,232,267,79440.8,44163.6,35277.2
2025-05-05,FY25-26,58,S02,P01,199.0,0.0,199.0,191.0,0,0,0,,1.0,411,177,234,81789.0,37575.75,44213.25
2025-05-12,FY25-26,59,S02,P01,199.0,0.0,199.0,191.0,0,0,0,,1.0,399,159,240,79401.0,35840.25,43560.75
2025-05-19,FY25-26,60,S02,P01,199.0,0.0,199.0,191.0,0,0,0,,1.0,428,186,242,85172.0,39213.5,45958.5
2025-05-26,FY25-26,61,S02,P01,199.0,0.15,169.15,191.0,0,1,0,,1.0,509,235,274,86097.35,45567.56,40529.79
2025-06-02,FY25-26,62,S02,P01,199.0,0.0,199.0,191.0,0,0,0,,0.96,390,220,170,77610.0,38245.0,39365.0
2025-06-09,FY25-26,63,S02,P01,199.0,0.0,199.0,191.0,0,0,0,,0.96,480,247,233,95520.0,45888.25,49631.75
2025-06-16,FY25-26,64,S02,P01,199.0,0.0,199.0,192.0,0,0,0,,0.96,434,227,207,86366.0,41673.25,44692.75
2025-06-23,FY25-26,65,S02,P01,199.0,0.0,199.0,192.0,0,0,0,,0.96,338,206,132,67262.0,33908.5,33353.5
2025-06-30,FY25-26,66,S02,P01,199.0,0.0,199.0,192.0,0,0,0,,0.96,404,211,193,80396.0,38777.25,41618.75
2025-07-07,FY25-26,67,S02,P01,199.0,0.0,199.0,192.0,0,0,0,,0.96,336,184,152,66864.0,32674.0,34190.0
2025-07-14,FY25-26,68,S02,P01,199.0,0.0,199.0,192.0,0,0,0,,0.96,426,249,177,84774.0,42207.75,42566.25
2025-07-21,FY25-26,69,S02,P01,199.0,0.0,199.0,193.0,0,0,0,,0.96,380,187,193,75620.0,35903.25,39716.75
2025-07-28,FY25-26,70,S02,P01,199.0,0.0,199.0,193.0,0,0,0,,0.96,348,197,151,69252.0,34160.75,35091.25
2025-08-04,FY25-26,71,S02,P01,199.0,0.0,199.0,193.0,0,0,0,,0.96,373,197,176,74227.0,35910.75,38316.25
2025-08-11,FY25-26,72,S02,P01,199.0,0.0,199.0,193.0,0,0,0,,0.96,405,223,182,80595.0,39444.25,41150.75
2025-08-18,FY25-26,73,S02,P01,199.0,0.0,199.0,193.0,0,0,0,,0.96,416,225,191,82784.0,40313.75,42470.25
2025-08-25,FY25-26,74,S02,P01,199.0,0.0,199.0,193.0,0,0,1,Ganesh Chaturthi,0.96,411,233,178,81789.0,40361.75,41427.25
2025-09-01,FY25-26,75,S02,P01,199.0,0.0,199.0,194.0,0,0,1,Ganesh Chaturthi,0.96,401,208,193,79799.0,38418.0,41381.0
2025-09-08,FY25-26,76,S02,P01,199.0,0.0,199.0,194.0,0,0,0,,0.96,334,177,157,66466.0,32185.75,34280.25
2025-09-15,FY25-26,77,S02,P01,199.0,0.0,199.0,194.0,0,0,0,,0.96,360,197,163,71640.0,35000.75,36639.25
2025-09-22,FY25-26,78,S02,P01,199.0,0.0,199.0,194.0,0,0,1,Navratri,0.96,353,182,171,70247.0,33764.5,36482.5
2025-09-29,FY25-26,79,S02,P01,199.0,0.0,199.0,194.0,0,0,1,Navratri,1.0,467,202,265,92933.0,42739.5,50193.5
2025-10-06,FY25-26,80,S02,P01,199.0,0.0,199.0,195.0,0,0,0,,1.0,460,202,258,91540.0,42249.5,49290.5
2025-10-13,FY25-26,81,S02,P01,199.0,0.0,199.0,195.0,0,0,1,Diwali,0.8,342,130,212,68058.0,30407.5,37650.5
2025-10-20,FY25-26,82,S02,P01,199.0,0.0,199.0,195.0,0,0,1,Diwali,0.8,317,134,183,63083.0,28856.5,34226.5
2025-10-27,FY25-26,83,S02,P01,199.0,0.0,199.0,195.0,0,0,0,,1.0,417,166,251,82983.0,37448.5,45534.5
2025-11-03,FY25-26,84,S02,P01,179.0,0.0,179.0,195.0,1,0,0,,1.0,428,203,225,76612.0,39044.25,37567.75
2025-11-10,FY25-26,85,S02,P01,179.0,0.0,179.0,195.0,1,0,0,,1.0,473,200,273,84667.0,42060.0,42607.0
2025-11-17,FY25-26,86,S02,P01,179.0,0.0,179.0,196.0,1,0,0,,1.0,440,208,232,78760.0,40108.0,38652.0
2025-11-24,FY25-26,87,S02,P01,179.0,0.0,179.0,196.0,1,0,0,,1.0,444,201,243,79476.0,40074.75,39401.25
2025-12-01,FY25-26,88,S02,P01,199.0,0.0,199.0,196.0,0,0,0,,1.0,399,178,221,79401.0,36785.5,42615.5
2025-12-08,FY25-26,89,S02,P01,199.0,0.0,199.0,196.0,0,0,0,,1.0,407,189,218,80993.0,37892.75,43100.25
2025-12-15,FY25-26,90,S02,P01,199.0,0.0,199.0,196.0,0,0,0,,1.0,401,184,217,79799.0,37224.0,42575.0
2025-12-22,FY25-26,91,S02,P01,199.0,0.0,199.0,197.0,0,0,1,Year End,0.85,356,151,205,70844.0,32432.25,38411.75
2025-12-29,FY25-26,92,S02,P01,199.0,0.0,199.0,197.0,0,0,1,Year End,0.85,415,159,256,82585.0,36960.25,45624.75
2026-01-05,FY25-26,93,S02,P01,199.0,0.1,179.1,197.0,0,1,0,,1.0,544,245,299,97430.4,49049.88,48380.52
2026-01-12,FY25-26,94,S02,P01,199.0,0.0,199.0,197.0,0,0,0,,1.0,407,201,206,80993.0,38489.75,42503.25
2026-01-19,FY25-26,95,S02,P01,199.0,0.0,199.0,197.0,0,0,0,,1.0,369,181,188,73431.0,34834.75,38596.25
2026-01-26,FY25-26,96,S02,P01,199.0,0.15,169.15,198.0,0,1,0,,1.0,601,271,330,101659.15,53529.91,48129.24
2026-02-02,FY25-26,97,S02,P01,199.0,0.0,199.0,198.0,0,0,0,,1.0,410,198,212,81590.0,38550.5,43039.5
2026-02-09,FY25-26,98,S02,P01,199.0,0.0,199.0,198.0,0,0,0,,1.0,388,177,211,77212.0,35965.75,41246.25
2026-02-16,FY25-26,99,S02,P01,199.0,0.0,199.0,168.0,0,0,0,,1.0,342,144,198,68058.0,31104.0,36954.0
2026-02-23,FY25-26,100,S02,P01,199.0,0.0,199.0,198.0,0,0,0,,1.0,356,147,209,70844.0,32233.25,38610.75
2026-03-02,FY25-26,101,S02,P01,199.0,0.0,199.0,198.0,0,0,0,,1.0,401,175,226,79799.0,36776.25,43022.75
2026-03-09,FY25-26,102,S02,P01,199.0,0.0,199.0,199.0,0,0,0,,1.0,440,189,251,87560.0,40202.75,47357.25
2026-03-16,FY25-26,103,S02,P01,199.0,0.0,199.0,199.0,0,0,0,,1.0,362,159,203,72038.0,33250.25,38787.75
2026-03-23,FY25-26,104,S02,P01,199.0,0.0,199.0,199.0,0,0,0,,1.0,435,186,249,86565.0,39703.5,46861.5
2024-04-01,FY24-25,1,S02,P02,219.0,0.0,219.0,208.0,0,0,0,,1.0,444,180,264,97236.0,47595.0,49641.0
2024-04-08,FY24-25,2,S02,P02,219.0,0.0,219.0,208.0,0,0,0,,1.0,422,192,230,92418.0,46382.0,46036.0
2024-04-15,FY24-25,3,S02,P02,219.0,0.0,219.0,208.0,0,0,0,,1.0,482,216,266,105558.0,52796.0,52762.0
2024-04-22,FY24-25,4,S02,P02,219.0,0.15,186.15,208.0,0,1,0,,1.0,544,234,310,101265.6,57129.78,44135.82
2024-04-29,FY24-25,5,S02,P02,219.0,0.2,175.2,209.0,0,1,0,,1.0,505,228,277,88476.0,52911.4,35564.6
2024-05-06,FY24-25,6,S02,P02,219.0,0.0,219.0,209.0,0,0,0,,1.0,406,197,209,88914.0,45295.75,43618.25
2024-05-13,FY24-25,7,S02,P02,219.0,0.0,219.0,209.0,0,0,0,,1.0,375,170,205,82125.0,41182.5,40942.5
2024-05-20,FY24-25,8,S02,P02,219.0,0.15,186.15,209.0,0,1,0,,1.0,562,269,293,104616.3,60288.59,44327.71
2024-05-27,FY24-25,9,S02,P02,219.0,0.1,197.1,209.0,0,1,0,,1.0,517,237,280,101900.7,55623.18,46277.52
2024-06-03,FY24-25,10,S02,P02,219.0,0.2,175.2,210.0,0,1,0,,0.96,543,296,247,95133.6,59119.8,36013.8
2024-06-10,FY24-25,11,S02,P02,219.0,0.0,219.0,210.0,0,0,0,,0.96,462,249,213,101178.0,52902.75,48275.25
2024-06-17,FY24-25,12,S02,P02,219.0,0.15,186.15,210.0,0,1,0,,0.96,497,281,216,92516.55,55322.04,37194.51
2024-06-24,FY24-25,13,S02,P02,219.0,0.0,219.0,210.0,0,0,0,,0.96,397,206,191,86943.0,45023.5,41919.5
2024-07-01,FY24-25,14,S02,P02,219.0,0.0,219.0,210.0,0,0,0,,0.96,394,224,170,86286.0,45754.0,40532.0
2024-07-08,FY24-25,15,S02,P02,219.0,0.0,219.0,211.0,0,0,0,,0.96,444,221,223,97236.0,49839.75,47396.25
2024-07-15,FY24-25,16,S02,P02,219.0,0.0,219.0,211.0,0,0,0,,0.96,445,251,194,97455.0,51567.25,45887.75
2024-07-22,FY24-25,17,S02,P02,219.0,0.15,186.15,211.0,0,1,0,,0.96,514,295,219,95681.1,57418.56,38262.54
2024-07-29,FY24-25,18,S02,P02,219.0,0.0,219.0,180.0,0,0,0,,0.96,420,236,184,91980.0,48621.0,43359.0
2024-08-05,FY24-25,19,S02,P02,219.0,0.0,219.0,211.0,0,0,0,,0.96,417,230,187,91323.0,48037.5,43285.5
2024-08-12,FY24-25,20,S02,P02,219.0,0.0,219.0,212.0,0,0,0,,0.96,416,222,194,91104.0,47514.5,43589.5
2024-08-19,FY24-25,21,S02,P02,219.0,0.0,219.0,212.0,0,0,0,,0.96,424,240,184,92856.0,49180.0,43676.0
2024-08-26,FY24-25,22,S02,P02,219.0,0.0,219.0,212.0,0,0,0,,0.96,367,205,162,80373.0,42418.75,37954.25
2024-09-02,FY24-25,23,S02,P02,219.0,0.1,197.1,212.0,0,1,1,Ganesh Chaturthi,0.96,512,274,238,100915.2,57021.35,43893.85
2024-09-09,FY24-25,24,S02,P02,219.0,0.0,219.0,212.0,0,0,1,Ganesh Chaturthi,0.96,403,222,181,88257.0,46409.5,41847.5
2024-09-16,FY24-25,25,S02,P02,219.0,0.0,219.0,213.0,0,0,1,Ganesh Chaturthi,0.96,460,262,198,100740.0,53444.5,47295.5
2024-09-23,FY24-25,26,S02,P02,219.0,0.2,175.2,213.0,0,1,0,,0.96,511,293,218,89527.2,56268.4,33258.8
2024-09-30,FY24-25,27,S02,P02,219.0,0.0,219.0,213.0,0,0,1,Navratri,1.0,433,187,246,94827.0,47043.25,47783.75
2024-10-07,FY24-25,28,S02,P02,219.0,0.0,219.0,213.0,0,0,1,Navratri,1.0,407,191,216,89133.0,45052.25,44080.75
2024-10-14,FY24-25,29,S02,P02,219.0,0.0,219.0,213.0,0,0,0,,1.0,481,222,259,105339.0,53039.5,52299.5
2024-10-21,FY24-25,30,S02,P02,219.0,0.0,219.0,214.0,0,0,0,,1.0,455,216,239,99645.0,50501.0,49144.0
2024-10-28,FY24-25,31,S02,P02,199.0,0.0,199.0,214.0,1,0,1,Diwali,0.8,434,188,246,86366.0,46243.0,40123.0
2024-11-04,FY24-25,32,S02,P02,199.0,0.0,199.0,214.0,1,0,0,,1.0,595,251,344,118405.0,63062.25,55342.75
2024-11-11,FY24-25,33,S02,P02,199.0,0.0,199.0,214.0,1,0,0,,1.0,509,248,261,101291.0,55603.0,45688.0
2024-11-18,FY24-25,34,S02,P02,199.0,0.0,199.0,214.0,1,0,0,,1.0,585,283,302,116415.0,63804.25,52610.75
2024-11-25,FY24-25,35,S02,P02,219.0,0.0,219.0,215.0,0,0,0,,1.0,466,200,266,102054.0,50560.0,51494.0
2024-12-02,FY24-25,36,S02,P02,219.0,0.0,219.0,215.0,0,0,0,,1.0,416,191,225,91104.0,45817.25,45286.75
2024-12-09,FY24-25,37,S02,P02,219.0,0.0,219.0,215.0,0,0,0,,1.0,379,174,205,83001.0,41741.5,41259.5
2024-12-16,FY24-25,38,S02,P02,219.0,0.0,219.0,215.0,0,0,1,Year End,0.85,323,155,168,70737.0,35941.25,34795.75
2024-12-23,FY24-25,39,S02,P02,219.0,0.0,219.0,215.0,0,0,1,Year End,0.85,380,181,199,83220.0,42209.75,41010.25
2024-12-30,FY24-25,40,S02,P02,219.0,0.0,219.0,216.0,0,0,1,Year End,0.85,370,170,200,81030.0,40757.5,40272.5
2025-01-06,FY24-25,41,S02,P02,219.0,0.0,219.0,216.0,0,0,0,,1.0,444,201,243,97236.0,48744.75,48491.25
2025-01-13,FY24-25,42,S02,P02,219.0,0.0,219.0,216.0,0,0,0,,1.0,466,220,246,102054.0,51655.0,50399.0
2025-01-20,FY24-25,43,S02,P02,219.0,0.0,219.0,216.0,0,0,0,,1.0,510,234,276,111690.0,56161.5,55528.5
2025-01-27,FY24-25,44,S02,P02,219.0,0.0,219.0,216.0,0,0,0,,1.0,408,180,228,89352.0,44535.0,44817.0
2025-02-03,FY24-25,45,S02,P02,219.0,0.0,219.0,217.0,0,0,0,,1.0,464,229,235,101616.0,51977.75,49638.25
2025-02-10,FY24-25,46,S02,P02,219.0,0.0,219.0,217.0,0,0,0,,1.0,476,206,270,104244.0,51738.5,52505.5
2025-02-17,FY24-25,47,S02,P02,219.0,0.1,197.1,217.0,0,1,0,,1.0,586,266,320,115500.6,62917.15,52583.45
2025-02-24,FY24-25,48,S02,P02,219.0,0.0,219.0,217.0,0,0,0,,1.0,459,207,252,100521.0,50348.25,50172.75
2025-03-03,FY24-25,49,S02,P02,219.0,0.0,219.0,217.0,0,0,0,,1.0,452,195,257,98988.0,49096.25,49891.75
2025-03-10,FY24-25,50,S02,P02,219.0,0.0,219.0,218.0,0,0,0,,1.0,423,190,233,92637.0,46357.5,46279.5
2025-03-17,FY24-25,51,S02,P02,219.0,0.0,219.0,218.0,0,0,0,,1.0,430,182,248,94170.0,46514.5,47655.5
2025-03-24,FY24-25,52,S02,P02,219.0,0.1,197.1,218.0,0,1,0,,1.0,516,232,284,101703.6,55291.8,46411.8
2025-03-31,FY24-25,53,S02,P02,229.0,0.0,229.0,218.0,0,0,0,,1.0,487,223,264,111523.0,54161.75,57361.25
2025-04-07,FY25-26,54,S02,P02,229.0,0.0,229.0,219.0,0,0,0,,1.0,473,207,266,108317.0,52055.75,56261.25
2025-04-14,FY25-26,55,S02,P02,229.0,0.0,229.0,219.0,0,0,0,,1.0,464,225,239,106256.0,52321.25,53934.75
2025-04-21,FY25-26,56,S02,P02,229.0,0.0,229.0,219.0,0,0,0,,1.0,406,190,216,92974.0,45387.5,47586.5
2025-04-28,FY25-26,57,S02,P02,229.0,0.0,229.0,219.0,0,0,0,,1.0,427,185,242,97783.0,46886.25,50896.75
2025-05-05,FY25-26,58,S02,P02,229.0,0.0,229.0,219.0,0,0,0,,1.0,447,193,254,102363.0,49044.25,53318.75
2025-05-12,FY25-26,59,S02,P02,229.0,0.0,229.0,220.0,0,0,0,,1.0,421,180,241,96409.0,46090.0,50319.0
2025-05-19,FY25-26,60,S02,P02,229.0,0.0,229.0,220.0,0,0,0,,1.0,422,188,234,96638.0,46633.0,50005.0
2025-05-26,FY25-26,61,S02,P02,229.0,0.0,229.0,220.0,0,0,0,,1.0,355,178,177,81295.0,40365.5,40929.5
2025-06-02,FY25-26,62,S02,P02,229.0,0.0,229.0,220.0,0,0,0,,0.96,405,232,173,92745.0,47707.0,45038.0
2025-06-09,FY25-26,63,S02,P02,229.0,0.0,229.0,220.0,0,0,0,,0.96,432,255,177,98928.0,51318.75,47609.25
2025-06-16,FY25-26,64,S02,P02,229.0,0.0,229.0,221.0,0,0,0,,0.96,391,224,167,89539.0,46059.0,43480.0
2025-06-23,FY25-26,65,S02,P02,229.0,0.0,229.0,221.0,0,0,0,,0.96,435,243,192,99615.0,50886.75,48728.25
2025-06-30,FY25-26,66,S02,P02,229.0,0.0,229.0,221.0,0,0,0,,0.96,405,220,185,92745.0,47020.0,45725.0
2025-07-07,FY25-26,67,S02,P02,229.0,0.2,183.2,221.0,0,1,0,,0.96,538,303,235,98561.6,59607.4,38954.2
2025-07-14,FY25-26,68,S02,P02,229.0,0.0,229.0,221.0,0,0,0,,0.96,429,225,204,98241.0,49346.25,48894.75
2025-07-21,FY25-26,69,S02,P02,229.0,0.0,229.0,222.0,0,0,0,,0.96,349,192,157,79921.0,40657.0,39264.0
2025-07-28,FY25-26,70,S02,P02,229.0,0.0,229.0,222.0,0,0,0,,0.96,423,233,190,96867.0,49294.25,47572.75
2025-08-04,FY25-26,71,S02,P02,229.0,0.0,229.0,222.0,0,0,0,,0.96,420,225,195,96180.0,48581.25,47598.75
2025-08-11,FY25-26,72,S02,P02,229.0,0.0,229.0,222.0,0,0,0,,0.96,391,219,172,89539.0,45772.75,43766.25
2025-08-18,FY25-26,73,S02,P02,229.0,0.0,229.0,222.0,0,0,0,,0.96,426,231,195,97554.0,49434.75,48119.25
2025-08-25,FY25-26,74,S02,P02,229.0,0.0,229.0,223.0,0,0,1,Ganesh Chaturthi,0.96,393,221,172,89997.0,46057.25,43939.75
2025-09-01,FY25-26,75,S02,P02,229.0,0.2,183.2,223.0,0,1,1,Ganesh Chaturthi,0.96,591,319,272,108271.2,64845.2,43426.0
2025-09-08,FY25-26,76,S02,P02,229.0,0.0,229.0,223.0,0,0,0,,0.96,491,269,222,112439.0,57135.25,55303.75
2025-09-15,FY25-26,77,S02,P02,229.0,0.0,229.0,223.0,0,0,0,,0.96,461,251,210,105569.0,53554.75,52014.25
2025-09-22,FY25-26,78,S02,P02,229.0,0.0,229.0,223.0,0,0,1,Navratri,0.96,430,245,185,98470.0,50576.25,47893.75
2025-09-29,FY25-26,79,S02,P02,229.0,0.0,229.0,190.0,0,0,1,Navratri,1.0,401,174,227,91829.0,44046.5,47782.5
2025-10-06,FY25-26,80,S02,P02,229.0,0.0,229.0,224.0,0,0,0,,1.0,441,202,239,100989.0,49049.5,51939.5
2025-10-13,FY25-26,81,S02,P02,229.0,0.0,229.0,224.0,0,0,1,Diwali,0.8,366,175,191,83814.0,41128.75,42685.25
2025-10-20,FY25-26,82,S02,P02,229.0,0.0,229.0,224.0,0,0,1,Diwali,0.8,358,178,180,81982.0,40620.5,41361.5
2025-10-27,FY25-26,83,S02,P02,229.0,0.0,229.0,225.0,0,0,0,,1.0,420,194,226,96180.0,46806.5,49373.5
2025-11-03,FY25-26,84,S02,P02,229.0,0.0,229.0,225.0,0,0,0,,1.0,430,223,207,98470.0,49316.75,49153.25
2025-11-10,FY25-26,85,S02,P02,229.0,0.0,229.0,225.0,0,0,0,,1.0,458,198,260,104882.0,50265.5,54616.5
2025-11-17,FY25-26,86,S02,P02,219.0,0.0,219.0,191.0,1,0,0,,1.0,363,153,210,79497.0,39231.75,40265.25
2025-11-24,FY25-26,87,S02,P02,219.0,0.0,219.0,225.0,1,0,0,,1.0,462,189,273,101178.0,49617.75,51560.25
2025-12-01,FY25-26,88,S02,P02,219.0,0.0,219.0,226.0,1,0,0,,1.0,415,178,237,90885.0,45020.5,45864.5
2025-12-08,FY25-26,89,S02,P02,219.0,0.0,219.0,226.0,1,0,0,,1.0,395,180,215,86505.0,43430.0,43075.0
2025-12-15,FY25-26,90,S02,P02,229.0,0.0,229.0,192.0,0,0,0,,1.0,398,170,228,91142.0,43562.5,47579.5
2025-12-22,FY25-26,91,S02,P02,229.0,0.0,229.0,226.0,0,0,1,Year End,0.85,391,175,216,89539.0,43253.75,46285.25
2025-12-29,FY25-26,92,S02,P02,219.0,0.0,219.0,226.0,1,0,1,Year End,0.85,392,174,218,85848.0,42846.5,43001.5
2026-01-05,FY25-26,93,S02,P02,219.0,0.0,219.0,227.0,1,0,0,,1.0,524,242,282,114756.0,57789.5,56966.5
2026-01-12,FY25-26,94,S02,P02,219.0,0.0,219.0,227.0,1,0,0,,1.0,431,193,238,94389.0,47201.75,47187.25
2026-01-19,FY25-26,95,S02,P02,219.0,0.0,219.0,227.0,1,0,0,,1.0,456,216,240,99864.0,50586.0,49278.0
2026-01-26,FY25-26,96,S02,P02,229.0,0.0,229.0,227.0,0,0,0,,1.0,449,206,243,102821.0,49958.5,52862.5
2026-02-02,FY25-26,97,S02,P02,229.0,0.0,229.0,228.0,0,0,0,,1.0,512,225,287,117248.0,56401.25,60846.75
2026-02-09,FY25-26,98,S02,P02,229.0,0.0,229.0,228.0,0,0,0,,1.0,434,194,240,99386.0,47996.5,51389.5
2026-02-16,FY25-26,99,S02,P02,229.0,0.0,229.0,194.0,0,0,0,,1.0,365,162,203,83585.0,40299.5,43285.5
2026-02-23,FY25-26,100,S02,P02,229.0,0.0,229.0,228.0,0,0,0,,1.0,481,210,271,110149.0,52907.5,57241.5
2026-03-02,FY25-26,101,S02,P02,229.0,0.0,229.0,228.0,0,0,0,,1.0,423,185,238,96867.0,46546.25,50320.75
2026-03-09,FY25-26,102,S02,P02,229.0,0.0,229.0,229.0,0,0,0,,1.0,468,214,254,107172.0,52031.5,55140.5
2026-03-16,FY25-26,103,S02,P02,229.0,0.0,229.0,229.0,0,0,0,,1.0,430,189,241,98470.0,47370.25,51099.75
2026-03-23,FY25-26,104,S02,P02,229.0,0.0,229.0,229.0,0,0,0,,1.0,461,204,257,105569.0,50864.0,54705.0
2024-04-01,FY24-25,1,S02,P03,169.0,0.0,169.0,163.0,0,0,0,,1.0,258,96,162,43602.0,18246.0,25356.0
2024-04-08,FY24-25,2,S02,P03,169.0,0.0,169.0,163.0,0,0,0,,1.0,218,83,135,36842.0,15496.75,21345.25
2024-04-15,FY24-25,3,S02,P03,169.0,0.1,152.1,163.0,0,1,0,,1.0,333,149,184,50649.3,23980.72,26668.58
2024-04-22,FY24-25,4,S02,P03,169.0,0.15,143.65,163.0,0,1,0,,1.0,338,154,184,48553.7,24120.52,24433.18
2024-04-29,FY24-25,5,S02,P03,169.0,0.15,143.65,163.0,0,1,0,,1.0,347,163,184,49846.55,24938.74,24907.81
2024-05-06,FY24-25,6,S02,P03,169.0,0.0,169.0,163.0,0,0,0,,1.0,258,118,140,43602.0,19175.5,24426.5
2024-05-13,FY24-25,7,S02,P03,169.0,0.0,169.0,163.0,0,0,0,,1.0,241,108,133,40729.0,17818.0,22911.0
2024-05-20,FY24-25,8,S02,P03,169.0,0.0,169.0,164.0,0,0,0,,1.0,281,128,153,47489.0,20863.0,26626.0
2024-05-27,FY24-25,9,S02,P03,169.0,0.0,169.0,164.0,0,0,0,,1.0,253,122,131,42757.0,19069.5,23687.5
2024-06-03,FY24-25,10,S02,P03,169.0,0.0,169.0,139.0,0,0,0,,0.96,274,164,110,46306.0,21999.0,24307.0
2024-06-10,FY24-25,11,S02,P03,149.0,0.0,149.0,164.0,1,0,0,,0.96,298,165,133,44402.0,22536.25,21865.75
2024-06-17,FY24-25,12,S02,P03,149.0,0.0,149.0,164.0,1,0,0,,0.96,298,156,142,44402.0,22201.0,22201.0
2024-06-24,FY24-25,13,S02,P03,149.0,0.0,149.0,164.0,1,0,0,,0.96,294,150,144,43806.0,21757.5,22048.5
2024-07-01,FY24-25,14,S02,P03,149.0,0.0,149.0,165.0,1,0,0,,0.96,311,182,129,46339.0,23884.5,22454.5
2024-07-08,FY24-25,15,S02,P03,169.0,0.0,169.0,165.0,0,0,0,,0.96,264,133,131,44616.0,20139.25,24476.75
2024-07-15,FY24-25,16,S02,P03,169.0,0.0,169.0,140.0,0,0,0,,0.96,233,118,115,39377.0,17800.5,21576.5
2024-07-22,FY24-25,17,S02,P03,169.0,0.2,135.2,165.0,0,1,0,,0.96,338,198,140,45697.6,25282.4,20415.2
2024-07-29,FY24-25,18,S02,P03,169.0,0.0,169.0,140.0,0,0,0,,0.96,299,184,115,50531.0,24219.0,26312.0
2024-08-05,FY24-25,19,S02,P03,169.0,0.15,143.65,165.0,0,1,0,,0.96,349,180,169,50133.85,25659.25,24474.6
2024-08-12,FY24-25,20,S02,P03,169.0,0.0,169.0,165.0,0,0,0,,0.96,217,122,95,36673.0,17089.5,19583.5
2024-08-19,FY24-25,21,S02,P03,169.0,0.0,169.0,166.0,0,0,0,,0.96,270,156,114,45630.0,21441.0,24189.0
2024-08-26,FY24-25,22,S02,P03,169.0,0.0,169.0,166.0,0,0,0,,0.96,275,149,126,46475.0,21420.25,25054.75
2024-09-02,FY24-25,23,S02,P03,169.0,0.0,169.0,166.0,0,0,1,Ganesh Chaturthi,0.96,245,127,118,41405.0,18840.75,22564.25
2024-09-09,FY24-25,24,S02,P03,169.0,0.2,135.2,166.0,0,1,1,Ganesh Chaturthi,0.96,333,184,149,45021.6,24534.2,20487.4
2024-09-16,FY24-25,25,S02,P03,169.0,0.0,169.0,166.0,0,0,1,Ganesh Chaturthi,0.96,237,128,109,40053.0,18443.0,21610.0
2024-09-23,FY24-25,26,S02,P03,169.0,0.0,169.0,166.0,0,0,0,,0.96,293,153,140,49517.0,22579.25,26937.75
2024-09-30,FY24-25,27,S02,P03,169.0,0.0,169.0,167.0,0,0,1,Navratri,1.0,264,118,146,44616.0,19505.5,25110.5
2024-10-07,FY24-25,28,S02,P03,169.0,0.0,169.0,167.0,0,0,1,Navratri,1.0,297,131,166,50193.0,21869.75,28323.25
2024-10-14,FY24-25,29,S02,P03,169.0,0.0,169.0,167.0,0,0,0,,1.0,280,132,148,47320.0,20977.0,26343.0
2024-10-21,FY24-25,30,S02,P03,169.0,0.0,169.0,167.0,0,0,0,,1.0,243,106,137,41067.0,17843.5,23223.5
2024-10-28,FY24-25,31,S02,P03,169.0,0.0,169.0,167.0,0,0,1,Diwali,0.8,235,111,124,39715.0,17614.75,22100.25
2024-11-04,FY24-25,32,S02,P03,169.0,0.0,169.0,167.0,0,0,0,,1.0,263,117,146,44447.0,19408.25,25038.75
2024-11-11,FY24-25,33,S02,P03,169.0,0.15,143.65,167.0,0,1,0,,1.0,331,161,170,47548.15,23986.91,23561.24
2024-11-18,FY24-25,34,S02,P03,169.0,0.0,169.0,168.0,0,0,0,,1.0,269,129,140,45461.0,20245.25,25215.75
2024-11-25,FY24-25,35,S02,P03,169.0,0.0,169.0,168.0,0,0,0,,1.0,286,130,156,48334.0,21222.5,27111.5
2024-12-02,FY24-25,36,S02,P03,169.0,0.0,169.0,168.0,0,0,0,,1.0,281,133,148,47489.0,21074.25,26414.75
2024-12-09,FY24-25,37,S02,P03,169.0,0.0,169.0,168.0,0,0,0,,1.0,309,145,164,52221.0,23121.25,29099.75
2024-12-16,FY24-25,38,S02,P03,169.0,0.0,169.0,168.0,0,0,1,Year End,0.85,246,104,142,41574.0,17924.0,23650.0
2024-12-23,FY24-25,39,S02,P03,169.0,0.0,169.0,168.0,0,0,1,Year End,0.85,235,101,134,39715.0,17192.25,22522.75
2024-12-30,FY24-25,40,S02,P03,169.0,0.0,169.0,169.0,0,0,1,Year End,0.85,234,107,127,39546.0,17390.75,22155.25
2025-01-06,FY24-25,41,S02,P03,169.0,0.0,169.0,169.0,0,0,0,,1.0,305,139,166,51545.0,22647.75,28897.25
2025-01-13,FY24-25,42,S02,P03,169.0,0.15,143.65,169.0,0,1,0,,1.0,343,153,190,49271.95,24359.61,24912.34
2025-01-20,FY24-25,43,S02,P03,169.0,0.0,169.0,169.0,0,0,0,,1.0,282,122,160,47658.0,20664.5,26993.5
2025-01-27,FY24-25,44,S02,P03,169.0,0.2,135.2,169.0,0,1,0,,1.0,395,176,219,53404.0,27673.8,25730.2
2025-02-03,FY24-25,45,S02,P03,169.0,0.0,169.0,169.0,0,0,0,,1.0,247,113,134,41743.0,18359.25,23383.75
2025-02-10,FY24-25,46,S02,P03,169.0,0.0,169.0,170.0,0,0,0,,1.0,297,129,168,50193.0,21785.25,28407.75
2025-02-17,FY24-25,47,S02,P03,179.0,0.0,179.0,144.0,1,0,0,,1.0,237,112,125,42423.0,18047.0,24376.0
2025-02-24,FY24-25,48,S02,P03,179.0,0.0,179.0,170.0,1,0,0,,1.0,249,107,142,44571.0,18483.25,26087.75
2025-03-03,FY24-25,49,S02,P03,179.0,0.0,179.0,170.0,1,0,0,,1.0,340,147,193,60860.0,25278.25,35581.75
2025-03-10,FY24-25,50,S02,P03,179.0,0.0,179.0,170.0,1,0,0,,1.0,298,129,169,53342.0,22162.75,31179.25
2025-03-17,FY24-25,51,S02,P03,169.0,0.0,169.0,170.0,0,0,0,,1.0,312,132,180,52728.0,22737.0,29991.0
2025-03-24,FY24-25,52,S02,P03,169.0,0.0,169.0,170.0,0,0,0,,1.0,291,132,159,49179.0,21582.0,27597.0
2025-03-31,FY24-25,53,S02,P03,179.0,0.0,179.0,171.0,0,0,0,,1.0,266,115,151,47614.0,19776.25,27837.75
2025-04-07,FY25-26,54,S02,P03,179.0,0.0,179.0,171.0,0,0,0,,1.0,245,110,135,43855.0,18397.5,25457.5
2025-04-14,FY25-26,55,S02,P03,179.0,0.0,179.0,171.0,0,0,0,,1.0,264,128,136,47256.0,20248.0,27008.0
2025-04-21,FY25-26,56,S02,P03,179.0,0.0,179.0,145.0,0,0,0,,1.0,257,109,148,46003.0,19012.75,26990.25
2025-04-28,FY25-26,57,S02,P03,179.0,0.0,179.0,171.0,0,0,0,,1.0,237,103,134,42423.0,17644.25,24778.75
2025-05-05,FY25-26,58,S02,P03,179.0,0.0,179.0,171.0,0,0,0,,1.0,270,126,144,48330.0,20488.5,27841.5
2025-05-12,FY25-26,59,S02,P03,179.0,0.0,179.0,172.0,0,0,0,,1.0,282,121,161,50478.0,20924.75,29553.25
2025-05-19,FY25-26,60,S02,P03,179.0,0.0,179.0,172.0,0,0,0,,1.0,296,139,157,52984.0,22500.25,30483.75
2025-05-26,FY25-26,61,S02,P03,179.0,0.0,179.0,172.0,0,0,0,,1.0,320,139,181,57280.0,23820.25,33459.75
2025-06-02,FY25-26,62,S02,P03,179.0,0.0,179.0,172.0,0,0,0,,0.96,261,147,114,46719.0,20933.25,25785.75
2025-06-09,FY25-26,63,S02,P03,179.0,0.0,179.0,172.0,0,0,0,,0.96,267,148,119,47793.0,21308.0,26485.0
2025-06-16,FY25-26,64,S02,P03,179.0,0.0,179.0,172.0,0,0,0,,0.96,260,151,109,46540.0,21057.25,25482.75
2025-06-23,FY25-26,65,S02,P03,179.0,0.0,179.0,173.0,0,0,0,,0.96,254,138,116,45466.0,20145.5,25320.5
2025-06-30,FY25-26,66,S02,P03,179.0,0.0,179.0,173.0,0,0,0,,0.96,251,142,109,44929.0,20159.5,24769.5
2025-07-07,FY25-26,67,S02,P03,179.0,0.0,179.0,173.0,0,0,0,,0.96,238,139,99,42602.0,19310.25,23291.75
2025-07-14,FY25-26,68,S02,P03,179.0,0.0,179.0,173.0,0,0,0,,0.96,248,142,106,44392.0,19994.5,24397.5
2025-07-21,FY25-26,69,S02,P03,179.0,0.0,179.0,173.0,0,0,0,,0.96,225,125,100,40275.0,17968.75,22306.25
2025-07-28,FY25-26,70,S02,P03,179.0,0.0,179.0,173.0,0,0,0,,0.96,273,153,120,48867.0,21861.75,27005.25
2025-08-04,FY25-26,71,S02,P03,179.0,0.0,179.0,174.0,0,0,0,,0.96,235,123,112,42065.0,18429.25,23635.75
2025-08-11,FY25-26,72,S02,P03,179.0,0.0,179.0,174.0,0,0,0,,0.96,285,149,136,51015.0,22342.75,28672.25
2025-08-18,FY25-26,73,S02,P03,179.0,0.0,179.0,174.0,0,0,0,,0.96,251,147,104,44929.0,20383.25,24545.75
2025-08-25,FY25-26,74,S02,P03,179.0,0.0,179.0,174.0,0,0,1,Ganesh Chaturthi,0.96,262,140,122,46898.0,20675.0,26223.0
2025-09-01,FY25-26,75,S02,P03,179.0,0.0,179.0,174.0,0,0,1,Ganesh Chaturthi,0.96,237,151,86,42423.0,19792.25,22630.75
2025-09-08,FY25-26,76,S02,P03,179.0,0.2,143.2,174.0,0,1,0,,0.96,366,202,164,52411.2,27361.6,25049.6
2025-09-15,FY25-26,77,S02,P03,179.0,0.0,179.0,175.0,0,0,0,,0.96,249,146,103,44571.0,20228.5,24342.5
2025-09-22,FY25-26,78,S02,P03,179.0,0.0,179.0,175.0,0,0,1,Navratri,0.96,260,140,120,46540.0,20565.0,25975.0
2025-09-29,FY25-26,79,S02,P03,169.0,0.0,169.0,175.0,1,0,1,Navratri,1.0,268,117,151,45292.0,19683.25,25608.75
2025-10-06,FY25-26,80,S02,P03,169.0,0.0,169.0,175.0,1,0,0,,1.0,268,124,144,45292.0,19979.0,25313.0
2025-10-13,FY25-26,81,S02,P03,169.0,0.0,169.0,175.0,1,0,1,Diwali,0.8,255,115,140,43095.0,18883.75,24211.25
2025-10-20,FY25-26,82,S02,P03,169.0,0.0,169.0,175.0,1,0,1,Diwali,0.8,217,101,116,36673.0,16202.25,20470.75
2025-10-27,FY25-26,83,S02,P03,179.0,0.0,179.0,176.0,0,0,0,,1.0,290,125,165,51910.0,21543.75,30366.25
2025-11-03,FY25-26,84,S02,P03,179.0,0.0,179.0,176.0,0,0,0,,1.0,308,150,158,55132.0,23652.5,31479.5
2025-11-10,FY25-26,85,S02,P03,179.0,0.0,179.0,176.0,0,0,0,,1.0,257,117,140,46003.0,19370.75,26632.25
2025-11-17,FY25-26,86,S02,P03,179.0,0.0,179.0,176.0,0,0,0,,1.0,279,130,149,49941.0,21162.5,28778.5
2025-11-24,FY25-26,87,S02,P03,179.0,0.0,179.0,176.0,0,0,0,,1.0,288,113,175,51552.0,20896.75,30655.25
2025-12-01,FY25-26,88,S02,P03,179.0,0.15,152.15,176.0,0,1,0,,1.0,349,140,209,53100.35,24520.25,28580.1
2025-12-08,FY25-26,89,S02,P03,179.0,0.0,179.0,176.0,0,0,0,,1.0,299,119,180,53521.0,21770.25,31750.75
2025-12-15,FY25-26,90,S02,P03,179.0,0.0,179.0,177.0,0,0,0,,1.0,280,136,144,50120.0,21486.0,28634.0
2025-12-22,FY25-26,91,S02,P03,179.0,0.0,179.0,177.0,0,0,1,Year End,0.85,247,101,146,44213.0,18104.75,26108.25
2025-12-29,FY25-26,92,S02,P03,179.0,0.0,179.0,177.0,0,0,1,Year End,0.85,242,101,141,43318.0,17829.75,25488.25
2026-01-05,FY25-26,93,S02,P03,179.0,0.0,179.0,177.0,0,0,0,,1.0,289,134,155,51731.0,21891.5,29839.5
2026-01-12,FY25-26,94,S02,P03,179.0,0.0,179.0,177.0,0,0,0,,1.0,302,143,159,54058.0,23009.25,31048.75
2026-01-19,FY25-26,95,S02,P03,179.0,0.15,152.15,177.0,0,1,0,,1.0,312,133,179,47470.8,22218.99,25251.81
2026-01-26,FY25-26,96,S02,P03,179.0,0.0,179.0,178.0,0,0,0,,1.0,291,134,157,52089.0,22001.5,30087.5
2026-02-02,FY25-26,97,S02,P03,179.0,0.0,179.0,178.0,0,0,0,,1.0,326,153,173,58354.0,24776.75,33577.25
2026-02-09,FY25-26,98,S02,P03,179.0,0.0,179.0,178.0,0,0,0,,1.0,269,126,143,48151.0,20433.5,27717.5
2026-02-16,FY25-26,99,S02,P03,179.0,0.0,179.0,178.0,0,0,0,,1.0,301,137,164,53879.0,22685.75,31193.25
2026-02-23,FY25-26,100,S02,P03,179.0,0.0,179.0,178.0,0,0,0,,1.0,273,113,160,48867.0,20071.75,28795.25
2026-03-02,FY25-26,101,S02,P03,179.0,0.0,179.0,178.0,0,0,0,,1.0,281,115,166,50299.0,20601.25,29697.75
2026-03-09,FY25-26,102,S02,P03,179.0,0.0,179.0,179.0,0,0,0,,1.0,294,141,153,52626.0,22479.75,30146.25
2026-03-16,FY25-26,103,S02,P03,179.0,0.0,179.0,179.0,0,0,0,,1.0,313,145,168,56027.0,23703.75,32323.25
2026-03-23,FY25-26,104,S02,P03,179.0,0.0,179.0,179.0,0,0,0,,1.0,247,110,137,44213.0,18507.5,25705.5
2024-04-01,FY24-25,1,S02,P04,249.0,0.0,249.0,200.0,0,0,0,,1.0,307,131,176,76443.0,37319.75,39123.25
2024-04-08,FY24-25,2,S02,P04,249.0,0.0,249.0,235.0,0,0,0,,1.0,329,140,189,81921.0,39970.0,41951.0
2024-04-15,FY24-25,3,S02,P04,249.0,0.0,249.0,200.0,0,0,0,,1.0,290,134,156,72210.0,35891.5,36318.5
2024-04-22,FY24-25,4,S02,P04,249.0,0.2,199.2,236.0,0,1,0,,1.0,421,200,221,83863.2,49955.0,33908.2
2024-04-29,FY24-25,5,S02,P04,249.0,0.0,249.0,201.0,0,0,0,,1.0,252,115,137,62748.0,31098.75,31649.25
2024-05-06,FY24-25,6,S02,P04,249.0,0.0,249.0,236.0,0,0,0,,1.0,379,170,209,94371.0,46587.5,47783.5
2024-05-13,FY24-25,7,S02,P04,249.0,0.0,249.0,236.0,0,0,0,,1.0,374,174,200,93126.0,46361.5,46764.5
2024-05-20,FY24-25,8,S02,P04,249.0,0.0,249.0,237.0,0,0,0,,1.0,356,170,186,88644.0,44402.5,44241.5
2024-05-27,FY24-25,9,S02,P04,249.0,0.0,249.0,237.0,0,0,0,,1.0,317,143,174,78933.0,39016.75,39916.25
2024-06-03,FY24-25,10,S02,P04,249.0,0.0,249.0,202.0,0,0,0,,0.96,297,162,135,73953.0,38299.5,35653.5
2024-06-10,FY24-25,11,S02,P04,249.0,0.0,249.0,237.0,0,0,0,,0.96,309,167,142,76941.0,39750.75,37190.25
2024-06-17,FY24-25,12,S02,P04,249.0,0.0,249.0,202.0,0,0,0,,0.96,295,183,112,73455.0,39416.75,34038.25
2024-06-24,FY24-25,13,S02,P04,249.0,0.0,249.0,238.0,0,0,0,,0.96,344,198,146,85656.0,45005.5,40650.5
2024-07-01,FY24-25,14,S02,P04,229.0,0.0,229.0,202.0,1,0,0,,0.96,280,155,125,64120.0,35473.75,28646.25
2024-07-08,FY24-25,15,S02,P04,229.0,0.0,229.0,238.0,1,0,0,,0.96,341,187,154,78089.0,43100.75,34988.25
2024-07-15,FY24-25,16,S02,P04,229.0,0.0,229.0,238.0,1,0,0,,0.96,304,170,134,69616.0,38612.5,31003.5
2024-07-22,FY24-25,17,S02,P04,229.0,0.0,229.0,239.0,1,0,0,,0.96,298,160,138,68242.0,37470.0,30772.0
2024-07-29,FY24-25,18,S02,P04,249.0,0.0,249.0,239.0,0,0,0,,0.96,277,150,127,68973.0,35652.5,33320.5
2024-08-05,FY24-25,19,S02,P04,249.0,0.0,249.0,239.0,0,0,0,,0.96,290,153,137,72210.0,37074.25,35135.75
2024-08-12,FY24-25,20,S02,P04,249.0,0.0,249.0,239.0,0,0,0,,0.96,264,154,110,65736.0,34666.5,31069.5
2024-08-19,FY24-25,21,S02,P04,249.0,0.0,249.0,240.0,0,0,0,,0.96,311,187,124,77439.0,41185.75,36253.25
2024-08-26,FY24-25,22,S02,P04,249.0,0.0,249.0,240.0,0,0,0,,0.96,365,195,170,90885.0,46813.75,44071.25
2024-09-02,FY24-25,23,S02,P04,249.0,0.0,249.0,240.0,0,0,1,Ganesh Chaturthi,0.96,289,170,119,71961.0,38037.5,33923.5
2024-09-09,FY24-25,24,S02,P04,249.0,0.0,249.0,240.0,0,0,1,Ganesh Chaturthi,0.96,306,162,144,76194.0,39154.5,37039.5
2024-09-16,FY24-25,25,S02,P04,249.0,0.0,249.0,240.0,0,0,1,Ganesh Chaturthi,0.96,402,215,187,100098.0,51573.75,48524.25
2024-09-23,FY24-25,26,S02,P04,249.0,0.0,249.0,241.0,0,0,0,,0.96,290,165,125,72210.0,37821.25,34388.75
2024-09-30,FY24-25,27,S02,P04,249.0,0.2,199.2,241.0,0,1,1,Navratri,1.0,487,226,261,97010.4,57519.8,39490.6
2024-10-07,FY24-25,28,S02,P04,249.0,0.0,249.0,241.0,0,0,1,Navratri,1.0,294,135,159,73206.0,36333.75,36872.25
2024-10-14,FY24-25,29,S02,P04,249.0,0.0,249.0,241.0,0,0,0,,1.0,288,133,155,71712.0,35639.25,36072.75
2024-10-21,FY24-25,30,S02,P04,249.0,0.0,249.0,242.0,0,0,0,,1.0,350,154,196,87150.0,42836.5,44313.5
2024-10-28,FY24-25,31,S02,P04,249.0,0.0,249.0,242.0,0,0,1,Diwali,0.8,241,104,137,60009.0,29369.0,30640.0
2024-11-04,FY24-25,32,S02,P04,249.0,0.0,249.0,242.0,0,0,0,,1.0,278,130,148,69222.0,34502.5,34719.5
2024-11-11,FY24-25,33,S02,P04,269.0,0.0,269.0,206.0,1,0,0,,1.0,299,133,166,80431.0,37349.25,43081.75
2024-11-18,FY24-25,34,S02,P04,269.0,0.0,269.0,206.0,1,0,0,,1.0,293,125,168,78817.0,36241.25,42575.75
2024-11-25,FY24-25,35,S02,P04,269.0,0.0,269.0,243.0,1,0,0,,1.0,306,133,173,82314.0,38014.25,44299.75
2024-12-02,FY24-25,36,S02,P04,269.0,0.0,269.0,243.0,1,0,0,,1.0,355,168,187,95495.0,45023.0,50472.0
2024-12-09,FY24-25,37,S02,P04,249.0,0.0,249.0,243.0,0,0,0,,1.0,303,143,160,75447.0,37686.75,37760.25
2024-12-16,FY24-25,38,S02,P04,249.0,0.0,249.0,243.0,0,0,1,Year End,0.85,287,135,152,71463.0,35668.75,35794.25
2024-12-23,FY24-25,39,S02,P04,249.0,0.0,249.0,244.0,0,0,1,Year End,0.85,301,148,153,74949.0,37808.0,37141.0
2024-12-30,FY24-25,40,S02,P04,249.0,0.0,249.0,244.0,0,0,1,Year End,0.85,260,115,145,64740.0,31858.75,32881.25
2025-01-06,FY24-25,41,S02,P04,249.0,0.0,249.0,244.0,0,0,0,,1.0,332,149,183,82668.0,40815.25,41852.75
2025-01-13,FY24-25,42,S02,P04,249.0,0.15,211.65,244.0,0,1,0,,1.0,405,160,245,85718.25,46941.0,38777.25
2025-01-20,FY24-25,43,S02,P04,249.0,0.0,249.0,245.0,0,0,0,,1.0,311,124,187,77439.0,37264.0,40175.0
2025-01-27,FY24-25,44,S02,P04,249.0,0.0,249.0,245.0,0,0,0,,1.0,382,159,223,95118.0,46187.75,48930.25
2025-02-03,FY24-25,45,S02,P04,249.0,0.0,249.0,208.0,0,0,0,,1.0,339,141,198,84411.0,40982.25,43428.75
2025-02-10,FY24-25,46,S02,P04,249.0,0.15,211.65,245.0,0,1,0,,1.0,376,158,218,79580.4,44080.18,35500.22
2025-02-17,FY24-25,47,S02,P04,249.0,0.0,249.0,246.0,0,0,0,,1.0,352,151,201,87648.0,42839.75,44808.25
2025-02-24,FY24-25,48,S02,P04,249.0,0.0,249.0,246.0,0,0,0,,1.0,294,140,154,73206.0,36645.0,36561.0
2025-03-03,FY24-25,49,S02,P04,249.0,0.0,249.0,246.0,0,0,0,,1.0,333,154,179,82917.0,41221.5,41695.5
2025-03-10,FY24-25,50,S02,P04,249.0,0.0,249.0,246.0,0,0,0,,1.0,311,121,190,77439.0,37077.25,40361.75
2025-03-17,FY24-25,51,S02,P04,249.0,0.0,249.0,246.0,0,0,0,,1.0,343,141,202,85407.0,41362.25,44044.75
2025-03-24,FY24-25,52,S02,P04,249.0,0.15,211.65,247.0,0,1,0,,1.0,470,196,274,99475.5,55020.85,44454.65
2025-03-31,FY24-25,53,S02,P04,259.0,0.0,259.0,247.0,0,0,0,,1.0,342,152,190,88578.0,42332.0,46246.0
2025-04-07,FY25-26,54,S02,P04,259.0,0.0,259.0,247.0,0,0,0,,1.0,351,162,189,90909.0,43834.5,47074.5
2025-04-14,FY25-26,55,S02,P04,259.0,0.0,259.0,210.0,0,0,0,,1.0,299,127,172,77441.0,36628.25,40812.75
2025-04-21,FY25-26,56,S02,P04,259.0,0.0,259.0,248.0,0,0,0,,1.0,305,130,175,78995.0,37392.5,41602.5
2025-04-28,FY25-26,57,S02,P04,259.0,0.0,259.0,248.0,0,0,0,,1.0,308,142,166,79772.0,38454.5,41317.5
2025-05-05,FY25-26,58,S02,P04,259.0,0.0,259.0,248.0,0,0,0,,1.0,302,130,172,78218.0,37107.5,41110.5
2025-05-12,FY25-26,59,S02,P04,259.0,0.0,259.0,248.0,0,0,0,,1.0,276,137,139,71484.0,35090.75,36393.25
2025-05-19,FY25-26,60,S02,P04,259.0,0.0,259.0,249.0,0,0,0,,1.0,327,136,191,84693.0,39871.0,44822.0
2025-05-26,FY25-26,61,S02,P04,259.0,0.0,259.0,249.0,0,0,0,,1.0,309,150,159,80031.0,39067.5,40963.5
2025-06-02,FY25-26,62,S02,P04,259.0,0.0,259.0,249.0,0,0,0,,0.96,358,188,170,92722.0,46183.0,46539.0
2025-06-09,FY25-26,63,S02,P04,259.0,0.1,233.1,249.0,0,1,0,,0.96,360,202,158,83916.0,45971.55,37944.45
2025-06-16,FY25-26,64,S02,P04,259.0,0.0,259.0,249.0,0,0,0,,0.96,334,176,158,86506.0,43126.0,43380.0
2025-06-23,FY25-26,65,S02,P04,259.0,0.0,259.0,250.0,0,0,0,,0.96,306,174,132,79254.0,40336.5,38917.5
2025-06-30,FY25-26,66,S02,P04,259.0,0.0,259.0,250.0,0,0,0,,0.96,322,169,153,83398.0,41532.75,41865.25
2025-07-07,FY25-26,67,S02,P04,259.0,0.0,259.0,250.0,0,0,0,,0.96,282,153,129,73038.0,36696.75,36341.25
2025-07-14,FY25-26,68,S02,P04,259.0,0.0,259.0,250.0,0,0,0,,0.96,306,159,147,79254.0,39365.25,39888.75
2025-07-21,FY25-26,69,S02,P04,259.0,0.0,259.0,251.0,0,0,0,,0.96,275,158,117,71225.0,36355.5,34869.5
2025-07-28,FY25-26,70,S02,P04,259.0,0.0,259.0,251.0,0,0,0,,0.96,329,176,153,85211.0,42651.0,42560.0
2025-08-04,FY25-26,71,S02,P04,259.0,0.0,259.0,251.0,0,0,0,,0.96,329,175,154,85211.0,42586.25,42624.75
2025-08-11,FY25-26,72,S02,P04,259.0,0.0,259.0,251.0,0,0,0,,0.96,345,181,164,89355.0,44494.75,44860.25
2025-08-18,FY25-26,73,S02,P04,259.0,0.0,259.0,252.0,0,0,0,,0.96,283,169,114,73297.0,37827.75,35469.25
2025-08-25,FY25-26,74,S02,P04,259.0,0.0,259.0,252.0,0,0,1,Ganesh Chaturthi,0.96,315,154,161,81585.0,39896.5,41688.5
2025-09-01,FY25-26,75,S02,P04,259.0,0.0,259.0,252.0,0,0,1,Ganesh Chaturthi,0.96,335,176,159,86765.0,43221.0,43544.0
2025-09-08,FY25-26,76,S02,P04,259.0,0.0,259.0,252.0,0,0,0,,0.96,339,167,172,87801.0,43018.25,44782.75
2025-09-15,FY25-26,77,S02,P04,259.0,0.1,233.1,253.0,0,1,0,,0.96,387,205,182,90209.7,48711.38,41498.32
2025-09-22,FY25-26,78,S02,P04,259.0,0.0,259.0,253.0,0,0,1,Navratri,0.96,287,151,136,74333.0,37042.25,37290.75
2025-09-29,FY25-26,79,S02,P04,259.0,0.0,259.0,253.0,0,0,1,Navratri,1.0,325,159,166,84175.0,41170.25,43004.75
2025-10-06,FY25-26,80,S02,P04,259.0,0.15,220.15,253.0,0,1,0,,1.0,387,162,225,85198.05,45681.08,39516.97
2025-10-13,FY25-26,81,S02,P04,259.0,0.0,259.0,253.0,0,0,1,Diwali,0.8,286,137,149,74074.0,36040.75,38033.25
2025-10-20,FY25-26,82,S02,P04,259.0,0.0,259.0,254.0,0,0,1,Diwali,0.8,271,114,157,70189.0,33126.5,37062.5
2025-10-27,FY25-26,83,S02,P04,259.0,0.0,259.0,254.0,0,0,0,,1.0,316,155,161,81844.0,40056.25,41787.75
2025-11-03,FY25-26,84,S02,P04,259.0,0.0,259.0,254.0,0,0,0,,1.0,344,154,190,89096.0,42651.5,46444.5
2025-11-10,FY25-26,85,S02,P04,259.0,0.0,259.0,254.0,0,0,0,,1.0,351,145,206,90909.0,42733.75,48175.25
2025-11-17,FY25-26,86,S02,P04,259.0,0.0,259.0,255.0,0,0,0,,1.0,314,135,179,81326.0,38571.25,42754.75
2025-11-24,FY25-26,87,S02,P04,259.0,0.1,233.1,255.0,0,1,0,,1.0,381,171,210,88811.1,46160.02,42651.08
2025-12-01,FY25-26,88,S02,P04,259.0,0.0,259.0,255.0,0,0,0,,1.0,368,164,204,95312.0,45579.0,49733.0
2025-12-08,FY25-26,89,S02,P04,259.0,0.0,259.0,255.0,0,0,0,,1.0,348,147,201,90132.0,42578.25,47553.75
2025-12-15,FY25-26,90,S02,P04,259.0,0.0,259.0,256.0,0,0,0,,1.0,330,165,165,85470.0,42033.75,43436.25
2025-12-22,FY25-26,91,S02,P04,259.0,0.0,259.0,256.0,0,0,1,Year End,0.85,302,140,162,78218.0,37755.0,40463.0
2025-12-29,FY25-26,92,S02,P04,259.0,0.0,259.0,256.0,0,0,1,Year End,0.85,305,143,162,78995.0,38234.25,40760.75
2026-01-05,FY25-26,93,S02,P04,259.0,0.2,207.2,218.0,0,1,0,,1.0,412,195,217,85366.4,49241.0,36125.4
2026-01-12,FY25-26,94,S02,P04,259.0,0.0,259.0,257.0,0,0,0,,1.0,352,147,205,91168.0,42958.25,48209.75
2026-01-19,FY25-26,95,S02,P04,259.0,0.0,259.0,257.0,0,0,0,,1.0,353,158,195,91427.0,43765.5,47661.5
2026-01-26,FY25-26,96,S02,P04,259.0,0.0,259.0,257.0,0,0,0,,1.0,357,178,179,92463.0,45440.5,47022.5
2026-02-02,FY25-26,97,S02,P04,259.0,0.0,259.0,257.0,0,0,0,,1.0,310,137,173,80290.0,38320.75,41969.25
2026-02-09,FY25-26,98,S02,P04,259.0,0.0,259.0,258.0,0,0,0,,1.0,278,116,162,72002.0,33921.0,38081.0
2026-02-16,FY25-26,99,S02,P04,259.0,0.0,259.0,258.0,0,0,0,,1.0,358,161,197,92722.0,44434.75,48287.25
2026-02-23,FY25-26,100,S02,P04,259.0,0.0,259.0,258.0,0,0,0,,1.0,353,168,185,91427.0,44413.0,47014.0
2026-03-02,FY25-26,101,S02,P04,259.0,0.0,259.0,258.0,0,0,0,,1.0,324,146,178,83916.0,40233.5,43682.5
2026-03-09,FY25-26,102,S02,P04,259.0,0.0,259.0,259.0,0,0,0,,1.0,318,139,179,82362.0,39210.25,43151.75
2026-03-16,FY25-26,103,S02,P04,259.0,0.0,259.0,259.0,0,0,0,,1.0,324,156,168,83916.0,40881.0,43035.0
2026-03-23,FY25-26,104,S02,P04,259.0,0.0,259.0,259.0,0,0,0,,1.0,350,160,190,90650.0,43610.0,47040.0
2024-04-01,FY24-25,1,S02,P05,89.0,0.0,89.0,90.0,0,0,0,,1.0,505,232,273,44945.0,19302.0,25643.0
2024-04-08,FY24-25,2,S02,P05,89.0,0.2,71.2,90.0,0,1,0,,1.0,783,346,437,55749.6,28082.8,27666.8
2024-04-15,FY24-25,3,S02,P05,89.0,0.0,89.0,90.0,0,0,0,,1.0,519,239,280,46191.0,19849.75,26341.25
2024-04-22,FY24-25,4,S02,P05,89.0,0.0,89.0,90.0,0,0,0,,1.0,540,263,277,48060.0,20971.75,27088.25
2024-04-29,FY24-25,5,S02,P05,89.0,0.0,89.0,90.0,0,0,0,,1.0,548,240,308,48772.0,20684.0,28088.0
2024-05-06,FY24-25,6,S02,P05,89.0,0.0,89.0,90.0,0,0,0,,1.0,454,204,250,40406.0,17251.0,23155.0
2024-05-13,FY24-25,7,S02,P05,89.0,0.0,89.0,90.0,0,0,0,,1.0,542,251,291,48238.0,20760.75,27477.25
2024-05-20,FY24-25,8,S02,P05,89.0,0.0,89.0,90.0,0,0,0,,1.0,560,247,313,49840.0,21175.75,28664.25
2024-05-27,FY24-25,9,S02,P05,89.0,0.0,89.0,77.0,0,0,0,,1.0,548,237,311,48772.0,20617.25,28154.75
2024-06-03,FY24-25,10,S02,P05,89.0,0.0,89.0,91.0,0,0,0,,1.056,602,325,277,53578.0,24087.25,29490.75
2024-06-10,FY24-25,11,S02,P05,89.0,0.0,89.0,91.0,0,0,0,,1.056,616,344,272,54824.0,24902.0,29922.0
2024-06-17,FY24-25,12,S02,P05,89.0,0.15,75.65,91.0,0,1,0,,1.056,772,417,355,58401.8,29502.51,28899.29
2024-06-24,FY24-25,13,S02,P05,89.0,0.0,89.0,91.0,0,0,0,,1.056,631,338,293,56159.0,25188.5,30970.5
2024-07-01,FY24-25,14,S02,P05,89.0,0.0,89.0,91.0,0,0,0,,1.056,538,313,225,47882.0,22028.25,25853.75
2024-07-08,FY24-25,15,S02,P05,89.0,0.1,80.1,91.0,0,1,0,,1.056,529,282,247,42372.9,20459.05,21913.85
2024-07-15,FY24-25,16,S02,P05,89.0,0.15,75.65,91.0,0,1,0,,1.056,715,387,328,54089.75,27339.14,26750.61
2024-07-22,FY24-25,17,S02,P05,89.0,0.0,89.0,91.0,0,0,0,,1.056,583,306,277,51887.0,23132.5,28754.5
2024-07-29,FY24-25,18,S02,P05,89.0,0.0,89.0,78.0,0,0,0,,1.056,532,281,251,47348.0,21148.25,26199.75
2024-08-05,FY24-25,19,S02,P05,89.0,0.0,89.0,91.0,0,0,0,,1.056,585,319,266,52065.0,23477.75,28587.25
2024-08-12,FY24-25,20,S02,P05,89.0,0.0,89.0,91.0,0,0,0,,1.056,565,298,267,50285.0,22450.5,27834.5
2024-08-19,FY24-25,21,S02,P05,89.0,0.0,89.0,92.0,0,0,0,,1.056,558,324,234,49662.0,22833.0,26829.0
2024-08-26,FY24-25,22,S02,P05,89.0,0.0,89.0,92.0,0,0,0,,1.056,607,317,290,54023.0,24049.25,29973.75
2024-09-02,FY24-25,23,S02,P05,89.0,0.0,89.0,92.0,0,0,1,Ganesh Chaturthi,1.056,649,381,268,57761.0,26649.25,31111.75
2024-09-09,FY24-25,24,S02,P05,89.0,0.0,89.0,92.0,0,0,1,Ganesh Chaturthi,1.056,538,291,247,47882.0,21538.75,26343.25
2024-09-16,FY24-25,25,S02,P05,89.0,0.0,89.0,92.0,1,0,1,Ganesh Chaturthi,1.056,571,300,271,50819.0,22663.0,28156.0
2024-09-23,FY24-25,26,S02,P05,89.0,0.0,89.0,92.0,1,0,0,,1.056,602,327,275,53578.0,24131.75,29446.25
2024-09-30,FY24-25,27,S02,P05,89.0,0.0,89.0,92.0,1,0,1,Navratri,1.0,584,281,303,51976.0,22604.25,29371.75
2024-10-07,FY24-25,28,S02,P05,89.0,0.0,89.0,92.0,1,0,1,Navratri,1.0,536,236,300,47704.0,20259.0,27445.0
2024-10-14,FY24-25,29,S02,P05,89.0,0.0,89.0,92.0,0,0,0,,1.0,529,219,310,47081.0,19684.75,27396.25
2024-10-21,FY24-25,30,S02,P05,89.0,0.0,89.0,92.0,0,0,0,,1.0,574,260,314,51086.0,21857.0,29229.0
2024-10-28,FY24-25,31,S02,P05,89.0,0.0,89.0,92.0,0,0,1,Diwali,0.8,471,204,267,41919.0,17727.0,24192.0
2024-11-04,FY24-25,32,S02,P05,89.0,0.0,89.0,93.0,0,0,0,,1.0,545,262,283,48505.0,21089.5,27415.5
2024-11-11,FY24-25,33,S02,P05,89.0,0.0,89.0,93.0,0,0,0,,1.0,540,253,287,48060.0,20749.25,27310.75
2024-11-18,FY24-25,34,S02,P05,89.0,0.0,89.0,79.0,0,0,0,,1.0,505,237,268,44945.0,19413.25,25531.75
2024-11-25,FY24-25,35,S02,P05,89.0,0.0,89.0,93.0,0,0,0,,1.0,603,261,342,53667.0,22691.25,30975.75
2024-12-02,FY24-25,36,S02,P05,89.0,0.0,89.0,93.0,0,0,0,,1.0,535,245,290,47615.0,20431.25,27183.75
2024-12-09,FY24-25,37,S02,P05,89.0,0.0,89.0,93.0,0,0,0,,1.0,567,244,323,50463.0,21305.0,29158.0
2024-12-16,FY24-25,38,S02,P05,89.0,0.0,89.0,93.0,0,0,1,Year End,0.85,405,209,196,36045.0,15990.25,20054.75
2024-12-23,FY24-25,39,S02,P05,89.0,0.0,89.0,93.0,0,0,1,Year End,0.85,474,221,253,42186.0,18189.25,23996.75
2024-12-30,FY24-25,40,S02,P05,89.0,0.0,89.0,93.0,0,0,1,Year End,0.85,465,214,251,41385.0,17781.5,23603.5
2025-01-06,FY24-25,41,S02,P05,89.0,0.0,89.0,93.0,0,0,0,,1.0,628,279,349,55892.0,23791.75,32100.25
2025-01-13,FY24-25,42,S02,P05,89.0,0.2,71.2,93.0,0,1,0,,1.0,886,390,496,63083.2,31750.0,31333.2
2025-01-20,FY24-25,43,S02,P05,89.0,0.0,89.0,93.0,0,0,0,,1.0,607,288,319,54023.0,23404.0,30619.0
2025-01-27,FY24-25,44,S02,P05,89.0,0.0,89.0,94.0,0,0,0,,1.0,502,248,254,44678.0,19574.0,25104.0
2025-02-03,FY24-25,45,S02,P05,89.0,0.0,89.0,94.0,0,0,0,,1.0,600,270,330,53400.0,22807.5,30592.5
2025-02-10,FY24-25,46,S02,P05,89.0,0.0,89.0,94.0,0,0,0,,1.0,627,296,331,55803.0,24142.0,31661.0
2025-02-17,FY24-25,47,S02,P05,89.0,0.1,80.1,94.0,0,1,0,,1.0,656,299,357,52545.6,24355.48,28190.12
2025-02-24,FY24-25,48,S02,P05,89.0,0.0,89.0,94.0,0,0,0,,1.0,495,210,285,44055.0,18532.5,25522.5
2025-03-03,FY24-25,49,S02,P05,89.0,0.0,89.0,94.0,0,0,0,,1.0,510,228,282,45390.0,19353.0,26037.0
2025-03-10,FY24-25,50,S02,P05,89.0,0.0,89.0,94.0,0,0,0,,1.0,537,265,272,47793.0,20932.25,26860.75
2025-03-17,FY24-25,51,S02,P05,89.0,0.0,89.0,94.0,0,0,0,,1.0,564,267,297,50196.0,21732.75,28463.25
2025-03-24,FY24-25,52,S02,P05,89.0,0.15,75.65,94.0,0,1,0,,1.0,863,414,449,65285.95,31993.78,33292.17
2025-03-31,FY24-25,53,S02,P05,99.0,0.0,99.0,94.0,0,0,0,,1.0,526,250,276,52074.0,20915.5,31158.5
2025-04-07,FY25-26,54,S02,P05,99.0,0.2,79.2,94.0,0,1,0,,1.0,680,328,352,53856.0,25534.4,28321.6
2025-04-14,FY25-26,55,S02,P05,99.0,0.0,99.0,95.0,0,0,0,,1.0,566,260,306,56034.0,22283.0,33751.0
2025-04-21,FY25-26,56,S02,P05,99.0,0.2,79.2,95.0,0,1,0,,1.0,702,327,375,55598.4,26130.6,29467.8
2025-04-28,FY25-26,57,S02,P05,99.0,0.0,99.0,95.0,0,0,0,,1.0,501,222,279,49599.0,19522.5,30076.5
2025-05-05,FY25-26,58,S02,P05,99.0,0.0,99.0,95.0,0,0,0,,1.0,498,227,271,49302.0,19562.25,29739.75
2025-05-12,FY25-26,59,S02,P05,99.0,0.0,99.0,95.0,0,0,0,,1.0,554,256,298,54846.0,21848.0,32998.0
2025-05-19,FY25-26,60,S02,P05,99.0,0.0,99.0,95.0,0,0,0,,1.0,520,226,294,51480.0,20153.5,31326.5
2025-05-26,FY25-26,61,S02,P05,99.0,0.0,99.0,95.0,0,0,0,,1.0,510,240,270,50490.0,20220.0,30270.0
2025-06-02,FY25-26,62,S02,P05,99.0,0.1,89.1,95.0,0,1,0,,1.056,622,351,271,55420.2,25234.52,30185.68
2025-06-09,FY25-26,63,S02,P05,99.0,0.0,99.0,95.0,0,0,0,,1.056,477,261,216,47223.0,19815.75,27407.25
2025-06-16,FY25-26,64,S02,P05,99.0,0.0,99.0,95.0,0,0,0,,1.056,521,266,255,51579.0,21171.5,30407.5
2025-06-23,FY25-26,65,S02,P05,99.0,0.0,99.0,95.0,0,0,0,,1.056,533,305,228,52767.0,22472.75,30294.25
2025-06-30,FY25-26,66,S02,P05,99.0,0.0,99.0,96.0,0,0,0,,1.056,519,272,247,51381.0,21264.0,30117.0
2025-07-07,FY25-26,67,S02,P05,99.0,0.0,99.0,96.0,0,0,0,,1.056,483,255,228,47817.0,19835.25,27981.75
2025-07-14,FY25-26,68,S02,P05,99.0,0.15,84.15,96.0,0,1,0,,1.056,703,367,336,59157.45,27404.76,31752.69
2025-07-21,FY25-26,69,S02,P05,99.0,0.0,99.0,96.0,0,0,0,,1.056,471,258,213,46629.0,19573.5,27055.5
2025-07-28,FY25-26,70,S02,P05,99.0,0.0,99.0,96.0,0,0,0,,1.056,567,312,255,56133.0,23598.0,32535.0
2025-08-04,FY25-26,71,S02,P05,99.0,0.1,89.1,96.0,0,1,0,,1.056,828,457,371,73774.8,33363.68,40411.12
2025-08-11,FY25-26,72,S02,P05,99.0,0.2,79.2,96.0,0,1,0,,1.056,648,352,296,51321.6,25113.6,26208.0
2025-08-18,FY25-26,73,S02,P05,99.0,0.2,79.2,96.0,0,1,0,,1.056,757,399,358,59954.4,29096.2,30858.2
2025-08-25,FY25-26,74,S02,P05,99.0,0.2,79.2,96.0,0,1,1,Ganesh Chaturthi,1.056,667,360,307,52826.4,25804.0,27022.4
2025-09-01,FY25-26,75,S02,P05,99.0,0.0,99.0,96.0,0,0,1,Ganesh Chaturthi,1.056,475,262,213,47025.0,19784.5,27240.5
2025-09-08,FY25-26,76,S02,P05,89.0,0.0,89.0,96.0,1,0,0,,1.056,575,308,267,51175.0,22953.0,28222.0
2025-09-15,FY25-26,77,S02,P05,89.0,0.0,89.0,97.0,1,0,0,,1.056,696,387,309,61944.0,28098.75,33845.25
2025-09-22,FY25-26,78,S02,P05,89.0,0.0,89.0,97.0,1,0,1,Navratri,1.056,607,350,257,54023.0,24783.5,29239.5
2025-09-29,FY25-26,79,S02,P05,89.0,0.0,89.0,97.0,1,0,1,Navratri,1.0,584,256,328,51976.0,22048.0,29928.0
2025-10-06,FY25-26,80,S02,P05,99.0,0.0,99.0,97.0,0,0,0,,1.0,486,229,257,48114.0,19275.75,28838.25
2025-10-13,FY25-26,81,S02,P05,99.0,0.0,99.0,97.0,0,0,1,Diwali,0.8,458,214,244,45342.0,18120.5,27221.5
2025-10-20,FY25-26,82,S02,P05,99.0,0.0,99.0,97.0,0,0,1,Diwali,0.8,430,191,239,42570.0,16767.25,25802.75
2025-10-27,FY25-26,83,S02,P05,99.0,0.0,99.0,97.0,0,0,0,,1.0,502,217,285,49698.0,19426.75,30271.25
2025-11-03,FY25-26,84,S02,P05,99.0,0.0,99.0,97.0,0,0,0,,1.0,489,208,281,48411.0,18840.0,29571.0
2025-11-10,FY25-26,85,S02,P05,99.0,0.0,99.0,97.0,0,0,0,,1.0,519,230,289,51381.0,20224.5,31156.5
2025-11-17,FY25-26,86,S02,P05,99.0,0.0,99.0,97.0,0,0,0,,1.0,453,207,246,44847.0,17807.25,27039.75
2025-11-24,FY25-26,87,S02,P05,99.0,0.0,99.0,97.0,0,0,0,,1.0,518,240,278,51282.0,20444.0,30838.0
2025-12-01,FY25-26,88,S02,P05,99.0,0.0,99.0,98.0,0,0,0,,1.0,510,220,290,50490.0,19725.0,30765.0
2025-12-08,FY25-26,89,S02,P05,99.0,0.0,99.0,98.0,0,0,0,,1.0,404,188,216,39996.0,15965.0,24031.0
2025-12-15,FY25-26,90,S02,P05,99.0,0.0,99.0,98.0,0,0,0,,1.0,530,231,299,52470.0,20557.25,31912.75
2025-12-22,FY25-26,91,S02,P05,99.0,0.0,99.0,98.0,0,0,1,Year End,0.85,464,190,274,45936.0,17694.5,28241.5
2025-12-29,FY25-26,92,S02,P05,99.0,0.0,99.0,98.0,0,0,1,Year End,0.85,404,193,211,39996.0,16088.75,23907.25
2026-01-05,FY25-26,93,S02,P05,99.0,0.0,99.0,98.0,0,0,0,,1.0,560,263,297,55440.0,22189.25,33250.75
2026-01-12,FY25-26,94,S02,P05,99.0,0.0,99.0,98.0,0,0,0,,1.0,463,214,249,45837.0,18260.5,27576.5
2026-01-19,FY25-26,95,S02,P05,99.0,0.0,99.0,98.0,0,0,0,,1.0,489,213,276,48411.0,18963.75,29447.25
2026-01-26,FY25-26,96,S02,P05,99.0,0.0,99.0,98.0,0,0,0,,1.0,530,242,288,52470.0,20829.5,31640.5
2026-02-02,FY25-26,97,S02,P05,99.0,0.0,99.0,98.0,0,0,0,,1.0,532,228,304,52668.0,20539.0,32129.0
2026-02-09,FY25-26,98,S02,P05,99.0,0.0,99.0,98.0,0,0,0,,1.0,503,207,296,49797.0,19207.25,30589.75
2026-02-16,FY25-26,99,S02,P05,99.0,0.0,99.0,99.0,0,0,0,,1.0,551,236,315,54549.0,21269.0,33280.0
2026-02-23,FY25-26,100,S02,P05,99.0,0.0,99.0,99.0,0,0,0,,1.0,466,212,254,46134.0,18295.0,27839.0
2026-03-02,FY25-26,101,S02,P05,99.0,0.0,99.0,99.0,0,0,0,,1.0,517,229,288,51183.0,20143.75,31039.25
2026-03-09,FY25-26,102,S02,P05,99.0,0.0,99.0,99.0,0,0,0,,1.0,555,246,309,54945.0,21628.5,33316.5
2026-03-16,FY25-26,103,S02,P05,99.0,0.0,99.0,99.0,0,0,0,,1.0,503,220,283,49797.0,19529.0,30268.0
2026-03-23,FY25-26,104,S02,P05,99.0,0.0,99.0,99.0,0,0,0,,1.0,516,237,279,51084.0,20313.75,30770.25
2024-04-01,FY24-25,1,S02,P06,119.0,0.0,119.0,117.0,0,0,0,,1.2,464,222,242,55216.0,22844.5,32371.5
2024-04-08,FY24-25,2,S02,P06,119.0,0.0,119.0,117.0,0,0,0,,1.2,527,215,312,62713.0,24841.25,37871.75
2024-04-15,FY24-25,3,S02,P06,119.0,0.1,107.1,117.0,0,1,0,,1.2,570,250,320,61047.0,26643.75,34403.25
2024-04-22,FY24-25,4,S02,P06,119.0,0.2,95.2,117.0,0,1,0,,1.2,704,334,370,67020.8,32589.2,34431.6
2024-04-29,FY24-25,5,S02,P06,119.0,0.0,119.0,118.0,0,0,0,,1.2,505,214,291,60095.0,24041.5,36053.5
2024-05-06,FY24-25,6,S02,P06,119.0,0.0,119.0,118.0,0,0,0,,1.2,429,193,236,51051.0,20756.75,30294.25
2024-05-13,FY24-25,7,S02,P06,119.0,0.0,119.0,118.0,0,0,0,,1.2,487,217,270,57953.0,23500.75,34452.25
2024-05-20,FY24-25,8,S02,P06,119.0,0.0,119.0,118.0,0,0,0,,1.2,486,232,254,57834.0,23912.0,33922.0
2024-05-27,FY24-25,9,S02,P06,119.0,0.0,119.0,118.0,0,0,0,,1.2,462,220,242,54978.0,22715.0,32263.0
2024-06-03,FY24-25,10,S02,P06,119.0,0.0,119.0,118.0,0,0,0,,0.96,392,205,187,46648.0,19818.75,26829.25
2024-06-10,FY24-25,11,S02,P06,119.0,0.0,119.0,118.0,0,0,0,,0.96,373,211,162,44387.0,19332.25,25054.75
2024-06-17,FY24-25,12,S02,P06,119.0,0.0,119.0,118.0,0,0,0,,0.96,407,226,181,48433.0,20968.5,27464.5
2024-06-24,FY24-25,13,S02,P06,119.0,0.0,119.0,118.0,0,0,0,,0.96,463,250,213,55097.0,23642.5,31454.5
2024-07-01,FY24-25,14,S02,P06,119.0,0.0,119.0,119.0,0,0,0,,0.96,387,222,165,46053.0,20149.5,25903.5
2024-07-08,FY24-25,15,S02,P06,119.0,0.0,119.0,119.0,0,0,0,,0.96,351,193,158,41769.0,18026.75,23742.25
2024-07-15,FY24-25,16,S02,P06,119.0,0.0,119.0,119.0,0,0,0,,0.96,382,209,173,45458.0,19587.75,25870.25
2024-07-22,FY24-25,17,S02,P06,119.0,0.15,101.15,119.0,0,1,0,,0.96,493,282,211,49866.95,24386.08,25480.87
2024-07-29,FY24-25,18,S02,P06,119.0,0.15,101.15,119.0,0,1,0,,0.96,555,318,237,56138.25,27466.42,28671.83
2024-08-05,FY24-25,19,S02,P06,119.0,0.0,119.0,119.0,0,0,0,,0.96,348,180,168,41412.0,17535.0,23877.0
2024-08-12,FY24-25,20,S02,P06,119.0,0.0,119.0,119.0,0,0,0,,0.96,334,183,151,39746.0,17134.25,22611.75
2024-08-19,FY24-25,21,S02,P06,119.0,0.0,119.0,119.0,0,0,0,,0.96,338,172,166,40222.0,16947.0,23275.0
2024-08-26,FY24-25,22,S02,P06,119.0,0.0,119.0,119.0,0,0,0,,0.96,382,202,180,45458.0,19379.5,26078.5
2024-09-02,FY24-25,23,S02,P06,119.0,0.0,119.0,120.0,0,0,1,Ganesh Chaturthi,0.96,446,248,198,53074.0,22988.0,30086.0
2024-09-09,FY24-25,24,S02,P06,119.0,0.0,119.0,120.0,0,0,1,Ganesh Chaturthi,0.96,355,208,147,42245.0,18613.0,23632.0
2024-09-16,FY24-25,25,S02,P06,119.0,0.0,119.0,120.0,0,0,1,Ganesh Chaturthi,0.96,469,264,205,55811.0,24269.0,31542.0
2024-09-23,FY24-25,26,S02,P06,119.0,0.0,119.0,120.0,0,0,0,,0.96,415,240,175,49385.0,21665.0,27720.0
2024-09-30,FY24-25,27,S02,P06,109.0,0.0,109.0,120.0,1,0,1,Navratri,1.0,451,208,243,49159.0,21453.0,27706.0
2024-10-07,FY24-25,28,S02,P06,109.0,0.0,109.0,120.0,1,0,1,Navratri,1.0,392,177,215,42728.0,18543.25,24184.75
2024-10-14,FY24-25,29,S02,P06,109.0,0.0,109.0,120.0,1,0,0,,1.0,400,181,219,43600.0,18932.25,24667.75
2024-10-21,FY24-25,30,S02,P06,109.0,0.0,109.0,120.0,1,0,0,,1.0,438,179,259,47742.0,20207.75,27534.25
2024-10-28,FY24-25,31,S02,P06,119.0,0.0,119.0,120.0,0,0,1,Diwali,0.8,300,142,158,35700.0,14724.5,20975.5
2024-11-04,FY24-25,32,S02,P06,119.0,0.15,101.15,121.0,0,1,0,,1.0,533,241,292,53912.95,24749.29,29163.66
2024-11-11,FY24-25,33,S02,P06,119.0,0.0,119.0,121.0,0,0,0,,1.0,402,177,225,47838.0,19335.75,28502.25
2024-11-18,FY24-25,34,S02,P06,119.0,0.0,119.0,121.0,0,0,0,,1.0,474,193,281,56406.0,22331.75,34074.25
2024-11-25,FY24-25,35,S02,P06,119.0,0.0,119.0,121.0,0,0,0,,1.0,396,202,194,47124.0,19869.5,27254.5
2024-12-02,FY24-25,36,S02,P06,119.0,0.0,119.0,121.0,0,0,0,,1.0,441,198,243,52479.0,21325.5,31153.5
2024-12-09,FY24-25,37,S02,P06,119.0,0.0,119.0,121.0,0,0,0,,1.0,467,200,267,55573.0,22295.0,33278.0
2024-12-16,FY24-25,38,S02,P06,119.0,0.15,101.15,121.0,0,1,1,Year End,0.85,424,180,244,42887.6,19391.75,23495.85
2024-12-23,FY24-25,39,S02,P06,119.0,0.0,119.0,121.0,0,0,1,Year End,0.85,316,136,180,37604.0,15106.0,22498.0
2024-12-30,FY24-25,40,S02,P06,119.0,0.0,119.0,121.0,0,0,1,Year End,0.85,360,155,205,42840.0,17211.25,25628.75
2025-01-06,FY24-25,41,S02,P06,119.0,0.1,107.1,122.0,0,1,0,,1.0,491,209,282,52586.1,22780.98,29805.12
2025-01-13,FY24-25,42,S02,P06,119.0,0.0,119.0,122.0,0,0,0,,1.0,416,179,237,49504.0,19885.25,29618.75
2025-01-20,FY24-25,43,S02,P06,119.0,0.0,119.0,122.0,0,0,0,,1.0,378,173,205,44982.0,18376.75,26605.25
2025-01-27,FY24-25,44,S02,P06,119.0,0.0,119.0,122.0,0,0,0,,1.0,423,202,221,50337.0,20814.5,29522.5
2025-02-03,FY24-25,45,S02,P06,119.0,0.0,119.0,122.0,0,0,0,,1.0,360,161,199,42840.0,17389.75,25450.25
2025-02-10,FY24-25,46,S02,P06,109.0,0.0,109.0,122.0,1,0,0,,1.0,452,214,238,49268.0,21651.5,27616.5
2025-02-17,FY24-25,47,S02,P06,109.0,0.0,109.0,122.0,1,0,0,,1.0,454,202,252,49486.0,21394.5,28091.5
2025-02-24,FY24-25,48,S02,P06,109.0,0.0,109.0,122.0,1,0,0,,1.0,499,209,290,54391.0,23160.25,31230.75
2025-03-03,FY24-25,49,S02,P06,109.0,0.0,109.0,123.0,1,0,0,,1.0,484,222,262,52756.0,22989.5,29766.5
2025-03-10,FY24-25,50,S02,P06,119.0,0.0,119.0,123.0,0,0,0,,1.0,403,182,221,47957.0,19519.5,28437.5
2025-03-17,FY24-25,51,S02,P06,119.0,0.0,119.0,123.0,0,0,0,,1.0,440,202,238,52360.0,21409.5,30950.5
2025-03-24,FY24-25,52,S02,P06,119.0,0.0,119.0,123.0,0,0,0,,1.0,405,192,213,48195.0,19887.0,28308.0
2025-03-31,FY24-25,53,S02,P06,129.0,0.0,129.0,123.0,0,0,0,,1.2,443,220,223,57147.0,22600.0,34547.0
2025-04-07,FY25-26,54,S02,P06,129.0,0.0,129.0,123.0,0,0,0,,1.2,452,197,255,58308.0,22173.25,36134.75
2025-04-14,FY25-26,55,S02,P06,129.0,0.0,129.0,123.0,0,0,0,,1.2,480,222,258,61920.0,23959.5,37960.5
2025-04-21,FY25-26,56,S02,P06,129.0,0.2,103.2,123.0,0,1,0,,1.2,606,267,339,62539.2,28098.6,34440.6
2025-04-28,FY25-26,57,S02,P06,129.0,0.0,129.0,123.0,0,0,0,,1.2,438,195,243,56502.0,21618.75,34883.25
2025-05-05,FY25-26,58,S02,P06,129.0,0.0,129.0,124.0,0,0,0,,1.2,454,197,257,58566.0,22243.25,36322.75
2025-05-12,FY25-26,59,S02,P06,129.0,0.0,129.0,124.0,0,0,0,,1.2,476,219,257,61404.0,23722.75,37681.25
2025-05-19,FY25-26,60,S02,P06,129.0,0.15,109.65,124.0,0,1,0,,1.2,585,250,335,64145.25,27328.12,36817.13
2025-05-26,FY25-26,61,S02,P06,129.0,0.0,129.0,124.0,0,0,0,,1.2,449,185,264,57921.0,21681.25,36239.75
2025-06-02,FY25-26,62,S02,P06,129.0,0.0,129.0,124.0,0,0,0,,0.96,358,200,158,46182.0,18980.0,27202.0
2025-06-09,FY25-26,63,S02,P06,129.0,0.0,129.0,124.0,0,0,0,,0.96,382,217,165,49278.0,20368.25,28909.75
2025-06-16,FY25-26,64,S02,P06,129.0,0.1,116.1,124.0,0,1,0,,0.96,442,252,190,51316.2,22784.3,28531.9
2025-06-23,FY25-26,65,S02,P06,129.0,0.0,129.0,124.0,0,0,0,,0.96,363,186,177,46827.0,18703.5,28123.5
2025-06-30,FY25-26,66,S02,P06,129.0,0.1,116.1,124.0,0,1,0,,0.96,466,272,194,54102.6,24204.8,29897.8
2025-07-07,FY25-26,67,S02,P06,129.0,0.0,129.0,125.0,0,0,0,,0.96,363,197,166,46827.0,19058.25,27768.75
2025-07-14,FY25-26,68,S02,P06,129.0,0.0,129.0,125.0,0,0,0,,0.96,365,210,155,47085.0,19547.5,27537.5
2025-07-21,FY25-26,69,S02,P06,129.0,0.0,129.0,125.0,0,0,0,,0.96,382,199,183,49278.0,19787.75,29490.25
2025-07-28,FY25-26,70,S02,P06,129.0,0.1,116.1,125.0,0,1,0,,0.96,400,220,180,46440.0,20385.5,26054.5
2025-08-04,FY25-26,71,S02,P06,129.0,0.15,109.65,125.0,0,1,0,,0.96,465,254,211,50987.25,23237.78,27749.47
2025-08-11,FY25-26,72,S02,P06,129.0,0.0,129.0,125.0,0,0,0,,0.96,355,177,178,45795.0,18133.25,27661.75
2025-08-18,FY25-26,73,S02,P06,129.0,0.0,129.0,125.0,0,0,0,,0.96,352,188,164,45408.0,18383.0,27025.0
2025-08-25,FY25-26,74,S02,P06,129.0,0.0,129.0,107.0,0,0,1,Ganesh Chaturthi,0.96,334,183,151,43086.0,17591.75,25494.25
2025-09-01,FY25-26,75,S02,P06,129.0,0.2,103.2,126.0,0,1,1,Ganesh Chaturthi,0.96,549,295,254,56656.8,26826.0,29830.8
2025-09-08,FY25-26,76,S02,P06,129.0,0.0,129.0,126.0,0,0,0,,0.96,363,212,151,46827.0,19542.0,27285.0
2025-09-15,FY25-26,77,S02,P06,129.0,0.0,129.0,126.0,0,0,0,,0.96,363,189,174,46827.0,18800.25,28026.75
2025-09-22,FY25-26,78,S02,P06,139.0,0.0,139.0,126.0,1,0,1,Navratri,0.96,373,200,173,51847.0,20005.0,31842.0
2025-09-29,FY25-26,79,S02,P06,139.0,0.0,139.0,126.0,1,0,1,Navratri,1.0,350,158,192,48650.0,17740.5,30909.5
2025-10-06,FY25-26,80,S02,P06,139.0,0.0,139.0,126.0,1,0,0,,1.0,349,154,195,48511.0,17566.5,30944.5
2025-10-13,FY25-26,81,S02,P06,139.0,0.0,139.0,126.0,1,0,1,Diwali,0.8,263,120,143,36557.0,13375.0,23182.0
2025-10-20,FY25-26,82,S02,P06,129.0,0.0,129.0,126.0,0,0,1,Diwali,0.8,301,135,166,38829.0,14888.75,23940.25
2025-10-27,FY25-26,83,S02,P06,129.0,0.2,103.2,126.0,0,1,0,,1.0,548,253,295,56553.6,25707.4,30846.2
2025-11-03,FY25-26,84,S02,P06,129.0,0.0,129.0,127.0,0,0,0,,1.0,402,190,212,51858.0,20197.5,31660.5
2025-11-10,FY25-26,85,S02,P06,129.0,0.0,129.0,127.0,0,0,0,,1.0,424,181,243,54696.0,20677.25,34018.75
2025-11-17,FY25-26,86,S02,P06,129.0,0.0,129.0,127.0,0,0,0,,1.0,374,164,210,48246.0,18379.0,29867.0
2025-11-24,FY25-26,87,S02,P06,129.0,0.0,129.0,127.0,0,0,0,,1.0,341,149,192,43989.0,16740.25,27248.75
2025-12-01,FY25-26,88,S02,P06,129.0,0.0,129.0,127.0,0,0,0,,1.0,350,153,197,45150.0,17184.25,27965.75
2025-12-08,FY25-26,89,S02,P06,129.0,0.0,129.0,127.0,0,0,0,,1.0,339,155,184,43731.0,16863.75,26867.25
2025-12-15,FY25-26,90,S02,P06,129.0,0.0,129.0,127.0,0,0,0,,1.0,418,185,233,53922.0,20596.25,33325.75
2025-12-22,FY25-26,91,S02,P06,129.0,0.0,129.0,127.0,0,0,1,Year End,0.85,326,153,173,42054.0,16344.25,25709.75
2025-12-29,FY25-26,92,S02,P06,129.0,0.0,129.0,128.0,0,0,1,Year End,0.85,325,156,169,41925.0,16406.0,25519.0
2026-01-05,FY25-26,93,S02,P06,129.0,0.2,103.2,128.0,0,1,0,,1.0,565,267,298,58308.0,26663.6,31644.4
2026-01-12,FY25-26,94,S02,P06,129.0,0.0,129.0,128.0,0,0,0,,1.0,381,176,205,49149.0,19011.0,30138.0
2026-01-19,FY25-26,95,S02,P06,129.0,0.0,129.0,128.0,0,0,0,,1.0,428,195,233,55212.0,21268.75,33943.25
2026-01-26,FY25-26,96,S02,P06,129.0,0.0,129.0,128.0,0,0,0,,1.0,357,150,207,46053.0,17332.5,28720.5
2026-02-02,FY25-26,97,S02,P06,129.0,0.0,129.0,128.0,0,0,0,,1.0,366,164,202,47214.0,18099.0,29115.0
2026-02-09,FY25-26,98,S02,P06,129.0,0.0,129.0,128.0,0,0,0,,1.0,353,161,192,45537.0,17547.25,27989.75
2026-02-16,FY25-26,99,S02,P06,129.0,0.0,129.0,128.0,0,0,0,,1.0,406,174,232,52374.0,19821.5,32552.5
2026-02-23,FY25-26,100,S02,P06,129.0,0.0,129.0,129.0,0,0,0,,1.0,405,183,222,52245.0,20076.75,32168.25
2026-03-02,FY25-26,101,S02,P06,129.0,0.0,129.0,129.0,0,0,0,,1.0,394,170,224,50826.0,19272.5,31553.5
2026-03-09,FY25-26,102,S02,P06,129.0,0.0,129.0,129.0,0,0,0,,1.0,378,182,196,48762.0,19099.5,29662.5
2026-03-16,FY25-26,103,S02,P06,129.0,0.0,129.0,129.0,0,0,0,,1.0,370,181,189,47730.0,18787.25,28942.75
2026-03-23,FY25-26,104,S02,P06,129.0,0.0,129.0,129.0,0,0,0,,1.0,447,190,257,57663.0,21772.5,35890.5
2024-04-01,FY24-25,1,S03,P01,189.0,0.0,189.0,190.0,0,0,0,,1.0,252,85,167,47628.0,21656.25,25971.75
2024-04-08,FY24-25,2,S03,P01,189.0,0.0,189.0,190.0,0,0,0,,1.0,245,83,162,46305.0,21071.75,25233.25
2024-04-15,FY24-25,3,S03,P01,189.0,0.0,189.0,190.0,0,0,0,,1.0,267,87,180,50463.0,22800.75,27662.25
2024-04-22,FY24-25,4,S03,P01,189.0,0.0,189.0,190.0,0,0,0,,1.0,277,101,176,52353.0,24162.25,28190.75
2024-04-29,FY24-25,5,S03,P01,189.0,0.0,189.0,190.0,0,0,0,,1.0,311,127,184,58779.0,27770.75,31008.25
2024-05-06,FY24-25,6,S03,P01,189.0,0.0,189.0,191.0,0,0,0,,1.0,274,104,170,51786.0,24094.0,27692.0
2024-05-13,FY24-25,7,S03,P01,189.0,0.0,189.0,191.0,0,0,0,,1.0,267,113,154,50463.0,24029.25,26433.75
2024-05-20,FY24-25,8,S03,P01,189.0,0.0,189.0,191.0,0,0,0,,1.0,284,98,186,53676.0,24510.5,29165.5
2024-05-27,FY24-25,9,S03,P01,189.0,0.0,189.0,191.0,0,0,0,,1.0,254,90,164,48006.0,22032.5,25973.5
2024-06-03,FY24-25,10,S03,P01,189.0,0.0,189.0,191.0,0,0,0,,0.96,255,115,140,48195.0,23283.75,24911.25
2024-06-10,FY24-25,11,S03,P01,189.0,0.0,189.0,192.0,0,0,0,,0.96,254,116,138,48006.0,23261.0,24745.0
2024-06-17,FY24-25,12,S03,P01,189.0,0.0,189.0,192.0,0,0,0,,0.96,322,142,180,60858.0,29249.5,31608.5
2024-06-24,FY24-25,13,S03,P01,189.0,0.0,189.0,192.0,0,0,0,,0.96,293,132,161,55377.0,26747.0,28630.0
2024-07-01,FY24-25,14,S03,P01,189.0,0.0,189.0,192.0,0,0,0,,0.96,287,136,151,54243.0,26516.0,27727.0
2024-07-08,FY24-25,15,S03,P01,189.0,0.0,189.0,163.0,0,0,0,,0.96,255,127,128,48195.0,23850.75,24344.25
2024-07-15,FY24-25,16,S03,P01,189.0,0.0,189.0,192.0,0,0,0,,0.96,298,122,176,56322.0,26624.5,29697.5
2024-07-22,FY24-25,17,S03,P01,189.0,0.0,189.0,193.0,0,0,0,,0.96,251,132,119,47439.0,23807.0,23632.0
2024-07-29,FY24-25,18,S03,P01,189.0,0.15,160.65,193.0,0,1,0,,0.96,312,132,180,50122.8,27141.45,22981.35
2024-08-05,FY24-25,19,S03,P01,189.0,0.0,189.0,193.0,0,0,0,,0.96,217,108,109,41013.0,20293.0,20720.0
2024-08-12,FY24-25,20,S03,P01,189.0,0.0,189.0,193.0,0,0,0,,0.96,262,105,157,49518.0,23301.25,26216.75
2024-08-19,FY24-25,21,S03,P01,189.0,0.0,189.0,193.0,0,0,0,,0.96,242,123,119,45738.0,22751.75,22986.25
2024-08-26,FY24-25,22,S03,P01,189.0,0.0,189.0,194.0,0,0,0,,0.96,248,116,132,46872.0,22841.0,24031.0
2024-09-02,FY24-25,23,S03,P01,189.0,0.0,189.0,194.0,0,0,1,Ganesh Chaturthi,0.96,280,115,165,52920.0,25033.75,27886.25
2024-09-09,FY24-25,24,S03,P01,189.0,0.0,189.0,165.0,0,0,1,Ganesh Chaturthi,0.96,290,121,169,54810.0,26017.25,28792.75
2024-09-16,FY24-25,25,S03,P01,189.0,0.0,189.0,194.0,0,0,1,Ganesh Chaturthi,0.96,273,139,134,51597.0,25677.75,25919.25
2024-09-23,FY24-25,26,S03,P01,189.0,0.0,189.0,194.0,0,0,0,,0.96,267,121,146,50463.0,24407.25,26055.75
2024-09-30,FY24-25,27,S03,P01,189.0,0.0,189.0,194.0,0,0,1,Navratri,1.0,278,101,177,52542.0,24232.25,28309.75
2024-10-07,FY24-25,28,S03,P01,189.0,0.0,189.0,195.0,0,0,1,Navratri,1.0,282,97,185,53298.0,24323.25,28974.75
2024-10-14,FY24-25,29,S03,P01,189.0,0.0,189.0,195.0,0,0,0,,1.0,277,86,191,52353.0,23453.5,28899.5
2024-10-21,FY24-25,30,S03,P01,209.0,0.0,209.0,195.0,1,0,0,,1.0,255,86,169,53295.0,22343.5,30951.5
2024-10-28,FY24-25,31,S03,P01,209.0,0.0,209.0,195.0,1,0,1,Diwali,1.0,240,83,157,50160.0,21136.75,29023.25
2024-11-04,FY24-25,32,S03,P01,209.0,0.0,209.0,195.0,1,0,0,,1.0,239,100,139,49951.0,21955.0,27996.0
2024-11-11,FY24-25,33,S03,P01,209.0,0.0,209.0,196.0,1,0,0,,1.0,281,93,188,58729.0,24529.25,34199.75
2024-11-18,FY24-25,34,S03,P01,189.0,0.0,189.0,196.0,0,0,0,,1.0,285,106,179,53865.0,24958.5,28906.5
2024-11-25,FY24-25,35,S03,P01,189.0,0.0,189.0,196.0,0,0,0,,1.0,252,102,150,47628.0,22459.5,25168.5
2024-12-02,FY24-25,36,S03,P01,189.0,0.0,189.0,196.0,0,0,0,,1.0,265,99,166,50085.0,23227.75,26857.25
2024-12-09,FY24-25,37,S03,P01,189.0,0.0,189.0,196.0,0,0,0,,1.0,284,104,180,53676.0,24794.0,28882.0
2024-12-16,FY24-25,38,S03,P01,189.0,0.0,189.0,196.0,0,0,1,Year End,1.1,329,119,210,62181.0,28652.75,33528.25
2024-12-23,FY24-25,39,S03,P01,189.0,0.0,189.0,197.0,0,0,1,Year End,1.1,292,102,190,55188.0,25259.5,29928.5
2024-12-30,FY24-25,40,S03,P01,189.0,0.0,189.0,197.0,0,0,1,Year End,1.1,350,129,221,66150.0,30595.25,35554.75
2025-01-06,FY24-25,41,S03,P01,189.0,0.0,189.0,197.0,0,0,0,,1.0,309,106,203,58401.0,26638.5,31762.5
2025-01-13,FY24-25,42,S03,P01,189.0,0.0,189.0,197.0,0,0,0,,1.0,256,95,161,48384.0,22408.75,25975.25
2025-01-20,FY24-25,43,S03,P01,189.0,0.0,189.0,197.0,0,0,0,,1.0,290,88,202,54810.0,24458.0,30352.0
2025-01-27,FY24-25,44,S03,P01,189.0,0.0,189.0,198.0,0,0,0,,1.0,288,118,170,54432.0,25735.5,28696.5
2025-02-03,FY24-25,45,S03,P01,189.0,0.0,189.0,168.0,0,0,0,,1.0,262,94,168,49518.0,22781.5,26736.5
2025-02-10,FY24-25,46,S03,P01,189.0,0.0,189.0,198.0,0,0,0,,1.0,281,98,183,53109.0,24300.5,28808.5
2025-02-17,FY24-25,47,S03,P01,189.0,0.0,189.0,198.0,0,0,0,,1.0,243,81,162,45927.0,20837.25,25089.75
2025-02-24,FY24-25,48,S03,P01,189.0,0.0,189.0,198.0,0,0,0,,1.0,289,116,173,54621.0,25711.0,28910.0
2025-03-03,FY24-25,49,S03,P01,189.0,0.0,189.0,198.0,0,0,0,,1.0,304,105,199,57456.0,26241.25,31214.75
2025-03-10,FY24-25,50,S03,P01,189.0,0.0,189.0,199.0,0,0,0,,1.0,309,110,199,58401.0,26827.5,31573.5
2025-03-17,FY24-25,51,S03,P01,189.0,0.0,189.0,199.0,0,0,0,,1.0,286,107,179,54054.0,25075.75,28978.25
2025-03-24,FY24-25,52,S03,P01,189.0,0.2,151.2,199.0,0,1,0,,1.0,340,119,221,51408.0,28298.2,23109.8
2025-03-31,FY24-25,53,S03,P01,199.0,0.0,199.0,199.0,0,0,0,,1.0,316,108,208,62884.0,27493.0,35391.0
2025-04-07,FY25-26,54,S03,P01,199.0,0.0,199.0,199.0,0,0,0,,1.0,310,111,199,61690.0,27222.25,34467.75
2025-04-14,FY25-26,55,S03,P01,199.0,0.0,199.0,200.0,0,0,0,,1.0,250,108,142,49750.0,22873.0,26877.0
2025-04-21,FY25-26,56,S03,P01,199.0,0.0,199.0,200.0,0,0,0,,1.0,267,107,160,53133.0,24013.25,29119.75
2025-04-28,FY25-26,57,S03,P01,199.0,0.0,199.0,200.0,0,0,0,,1.0,277,101,176,55123.0,24414.75,30708.25
2025-05-05,FY25-26,58,S03,P01,199.0,0.0,199.0,200.0,0,0,0,,1.0,270,103,167,53730.0,24024.25,29705.75
2025-05-12,FY25-26,59,S03,P01,199.0,0.0,199.0,200.0,0,0,0,,1.0,288,116,172,57312.0,25931.0,31381.0
2025-05-19,FY25-26,60,S03,P01,199.0,0.0,199.0,201.0,0,0,0,,1.0,262,93,169,52138.0,22966.75,29171.25
2025-05-26,FY25-26,61,S03,P01,199.0,0.15,169.15,201.0,0,1,0,,1.0,351,132,219,59371.65,30151.95,29219.7
2025-06-02,FY25-26,62,S03,P01,199.0,0.0,199.0,201.0,0,0,0,,0.96,260,119,141,51740.0,24120.25,27619.75
2025-06-09,FY25-26,63,S03,P01,209.0,0.0,209.0,201.0,1,0,0,,0.96,245,104,141,51205.0,22584.0,28621.0
2025-06-16,FY25-26,64,S03,P01,209.0,0.0,209.0,201.0,1,0,0,,0.96,260,124,136,54340.0,24679.0,29661.0
2025-06-23,FY25-26,65,S03,P01,209.0,0.0,209.0,201.0,1,0,0,,0.96,267,144,123,55803.0,26214.0,29589.0
2025-06-30,FY25-26,66,S03,P01,209.0,0.0,209.0,202.0,1,0,0,,0.96,260,122,138,54340.0,24574.5,29765.5
2025-07-07,FY25-26,67,S03,P01,199.0,0.0,199.0,202.0,0,0,0,,0.96,269,123,146,53531.0,24949.25,28581.75
2025-07-14,FY25-26,68,S03,P01,199.0,0.15,169.15,202.0,0,1,0,,0.96,334,144,190,56496.1,29469.4,27026.7
2025-07-21,FY25-26,69,S03,P01,199.0,0.0,199.0,202.0,0,0,0,,0.96,270,112,158,53730.0,24472.0,29258.0
2025-07-28,FY25-26,70,S03,P01,199.0,0.0,199.0,202.0,0,0,0,,0.96,242,113,129,48158.0,22561.75,25596.25
2025-08-04,FY25-26,71,S03,P01,199.0,0.0,199.0,203.0,0,0,0,,0.96,226,100,126,44974.0,20795.0,24179.0
2025-08-11,FY25-26,72,S03,P01,199.0,0.0,199.0,203.0,0,0,0,,0.96,272,114,158,54128.0,24711.5,29416.5
2025-08-18,FY25-26,73,S03,P01,199.0,0.0,199.0,203.0,0,0,0,,0.96,275,130,145,54725.0,25717.5,29007.5
2025-08-25,FY25-26,74,S03,P01,199.0,0.0,199.0,203.0,0,0,1,Ganesh Chaturthi,0.96,310,144,166,61690.0,28864.0,32826.0
2025-09-01,FY25-26,75,S03,P01,199.0,0.0,199.0,203.0,0,0,1,Ganesh Chaturthi,0.96,290,130,160,57710.0,26767.5,30942.5
2025-09-08,FY25-26,76,S03,P01,199.0,0.0,199.0,204.0,0,0,0,,0.96,258,116,142,51342.0,23831.0,27511.0
2025-09-15,FY25-26,77,S03,P01,199.0,0.2,159.2,204.0,0,1,0,,0.96,369,162,207,58744.8,32277.6,26467.2
2025-09-22,FY25-26,78,S03,P01,199.0,0.0,199.0,204.0,0,0,1,Navratri,0.96,280,123,157,55720.0,25719.25,30000.75
2025-09-29,FY25-26,79,S03,P01,199.0,0.0,199.0,204.0,0,0,1,Navratri,1.0,280,92,188,55720.0,24177.0,31543.0
2025-10-06,FY25-26,80,S03,P01,199.0,0.0,199.0,204.0,0,0,0,,1.0,305,114,191,60695.0,27021.5,33673.5
2025-10-13,FY25-26,81,S03,P01,199.0,0.0,199.0,205.0,0,0,1,Diwali,1.0,311,103,208,61889.0,26894.25,34994.75
2025-10-20,FY25-26,82,S03,P01,199.0,0.0,199.0,205.0,0,0,1,Diwali,1.0,290,100,190,57710.0,25275.0,32435.0
2025-10-27,FY25-26,83,S03,P01,199.0,0.0,199.0,205.0,0,0,0,,1.0,280,90,190,55720.0,24077.5,31642.5
2025-11-03,FY25-26,84,S03,P01,219.0,0.0,219.0,205.0,1,0,0,,1.0,249,87,162,54531.0,22193.25,32337.75
2025-11-10,FY25-26,85,S03,P01,219.0,0.0,219.0,205.0,1,0,0,,1.0,241,82,159,52779.0,21359.5,31419.5
2025-11-17,FY25-26,86,S03,P01,219.0,0.0,219.0,205.0,1,0,0,,1.0,251,85,166,54969.0,22223.75,32745.25
2025-11-24,FY25-26,87,S03,P01,219.0,0.0,219.0,206.0,1,0,0,,1.0,237,86,151,51903.0,21298.5,30604.5
2025-12-01,FY25-26,88,S03,P01,199.0,0.0,199.0,206.0,0,0,0,,1.0,293,104,189,58307.0,25684.0,32623.0
2025-12-08,FY25-26,89,S03,P01,199.0,0.0,199.0,206.0,0,0,0,,1.0,294,87,207,58506.0,24908.25,33597.75
2025-12-15,FY25-26,90,S03,P01,199.0,0.15,169.15,206.0,0,1,0,,1.0,356,137,219,60217.4,30713.39,29504.01
2025-12-22,FY25-26,91,S03,P01,199.0,0.0,199.0,206.0,0,0,1,Year End,1.1,344,114,230,68456.0,29751.5,38704.5
2025-12-29,FY25-26,92,S03,P01,199.0,0.0,199.0,207.0,0,0,1,Year End,1.1,311,105,206,61889.0,26993.75,34895.25
2026-01-05,FY25-26,93,S03,P01,199.0,0.0,199.0,207.0,0,0,0,,1.0,300,97,203,59700.0,25825.75,33874.25
2026-01-12,FY25-26,94,S03,P01,199.0,0.0,199.0,207.0,0,0,0,,1.0,294,117,177,58506.0,26400.75,32105.25
2026-01-19,FY25-26,95,S03,P01,199.0,0.0,199.0,207.0,0,0,0,,1.0,277,108,169,55123.0,24763.0,30360.0
2026-01-26,FY25-26,96,S03,P01,199.0,0.0,199.0,207.0,0,0,0,,1.0,274,94,180,54526.0,23856.5,30669.5
2026-02-02,FY25-26,97,S03,P01,199.0,0.0,199.0,208.0,0,0,0,,1.0,282,101,181,56118.0,24764.75,31353.25
2026-02-09,FY25-26,98,S03,P01,199.0,0.0,199.0,208.0,0,0,0,,1.0,350,128,222,69650.0,30868.0,38782.0
2026-02-16,FY25-26,99,S03,P01,199.0,0.0,199.0,208.0,0,0,0,,1.0,373,152,221,74227.0,33672.0,40555.0
2026-02-23,FY25-26,100,S03,P01,199.0,0.0,199.0,208.0,0,0,0,,1.0,307,108,199,61093.0,26863.0,34230.0
2026-03-02,FY25-26,101,S03,P01,199.0,0.0,199.0,208.0,0,0,0,,1.0,282,94,188,56118.0,24416.5,31701.5
2026-03-09,FY25-26,102,S03,P01,199.0,0.0,199.0,209.0,0,0,0,,1.0,298,105,193,59302.0,26083.75,33218.25
2026-03-16,FY25-26,103,S03,P01,199.0,0.0,199.0,209.0,0,0,0,,1.0,317,125,192,63083.0,28408.75,34674.25
2026-03-23,FY25-26,104,S03,P01,199.0,0.0,199.0,209.0,0,0,0,,1.0,308,105,203,61292.0,26783.75,34508.25
2024-04-01,FY24-25,1,S03,P02,219.0,0.0,219.0,218.0,0,0,0,,1.0,297,112,185,65043.0,31377.0,33666.0
2024-04-08,FY24-25,2,S03,P02,219.0,0.0,219.0,218.0,0,0,0,,1.0,304,116,188,66576.0,32191.0,34385.0
2024-04-15,FY24-25,3,S03,P02,219.0,0.0,219.0,186.0,0,0,0,,1.0,276,96,180,60444.0,28716.0,31728.0
2024-04-22,FY24-25,4,S03,P02,219.0,0.0,219.0,219.0,0,0,0,,1.0,299,109,190,65481.0,31382.75,34098.25
2024-04-29,FY24-25,5,S03,P02,219.0,0.0,219.0,219.0,0,0,0,,1.0,316,106,210,69204.0,32663.5,36540.5
2024-05-06,FY24-25,6,S03,P02,219.0,0.15,186.15,219.0,0,1,0,,1.0,353,101,252,65710.95,34705.29,31005.66
2024-05-13,FY24-25,7,S03,P02,219.0,0.0,219.0,219.0,0,0,0,,1.0,259,97,162,56721.0,27325.75,29395.25
2024-05-20,FY24-25,8,S03,P02,219.0,0.0,219.0,219.0,0,0,0,,1.0,299,95,204,65481.0,30616.25,34864.75
2024-05-27,FY24-25,9,S03,P02,219.0,0.0,219.0,220.0,0,0,0,,1.0,291,129,162,63729.0,31797.75,31931.25
2024-06-03,FY24-25,10,S03,P02,219.0,0.0,219.0,220.0,0,0,0,,0.96,259,101,158,56721.0,27544.75,29176.25
2024-06-10,FY24-25,11,S03,P02,219.0,0.0,219.0,220.0,0,0,0,,0.96,287,129,158,62853.0,31457.75,31395.25
2024-06-17,FY24-25,12,S03,P02,219.0,0.1,197.1,220.0,0,1,0,,0.96,297,127,170,58538.7,31502.92,27035.78
2024-06-24,FY24-25,13,S03,P02,219.0,0.0,219.0,187.0,0,0,0,,0.96,289,138,151,63291.0,32120.5,31170.5
2024-07-01,FY24-25,14,S03,P02,219.0,0.0,219.0,221.0,0,0,0,,0.96,329,143,186,72051.0,35794.25,36256.75
2024-07-08,FY24-25,15,S03,P02,219.0,0.0,219.0,221.0,0,0,0,,0.96,250,125,125,54750.0,28093.75,26656.25
2024-07-15,FY24-25,16,S03,P02,219.0,0.0,219.0,221.0,0,0,0,,0.96,270,123,147,59130.0,29684.25,29445.75
2024-07-22,FY24-25,17,S03,P02,219.0,0.0,219.0,221.0,0,0,0,,0.96,253,111,142,55407.0,27582.25,27824.75
2024-07-29,FY24-25,18,S03,P02,219.0,0.0,219.0,221.0,0,0,0,,0.96,296,131,165,64824.0,32332.25,32491.75
2024-08-05,FY24-25,19,S03,P02,229.0,0.0,229.0,222.0,1,0,0,,0.96,266,117,149,60914.0,29308.25,31605.75
2024-08-12,FY24-25,20,S03,P02,229.0,0.0,229.0,222.0,1,0,0,,0.96,309,127,182,70761.0,33535.75,37225.25
2024-08-19,FY24-25,21,S03,P02,229.0,0.0,229.0,222.0,1,0,0,,0.96,279,139,140,63891.0,31672.75,32218.25
2024-08-26,FY24-25,22,S03,P02,229.0,0.0,229.0,222.0,1,0,0,,0.96,282,126,156,64578.0,31183.5,33394.5
2024-09-02,FY24-25,23,S03,P02,219.0,0.0,219.0,222.0,0,0,1,Ganesh Chaturthi,0.96,311,150,161,68109.0,34647.5,33461.5
2024-09-09,FY24-25,24,S03,P02,219.0,0.0,219.0,223.0,0,0,1,Ganesh Chaturthi,0.96,301,132,169,65919.0,32812.0,33107.0
2024-09-16,FY24-25,25,S03,P02,219.0,0.0,219.0,223.0,0,0,1,Ganesh Chaturthi,0.96,278,131,147,60882.0,30802.25,30079.75
2024-09-23,FY24-25,26,S03,P02,219.0,0.0,219.0,223.0,0,0,0,,0.96,290,127,163,63510.0,31603.25,31906.75
2024-09-30,FY24-25,27,S03,P02,219.0,0.0,219.0,223.0,0,0,1,Navratri,1.0,309,122,187,67671.0,32944.5,34726.5
2024-10-07,FY24-25,28,S03,P02,219.0,0.0,219.0,223.0,0,0,1,Navratri,1.0,327,118,209,71613.0,34255.5,37357.5
2024-10-14,FY24-25,29,S03,P02,219.0,0.0,219.0,224.0,0,0,0,,1.0,291,99,192,63729.0,30155.25,33573.75
2024-10-21,FY24-25,30,S03,P02,219.0,0.0,219.0,224.0,0,0,0,,1.0,323,113,210,70737.0,33641.75,37095.25
2024-10-28,FY24-25,31,S03,P02,219.0,0.2,175.2,190.0,0,1,1,Diwali,1.0,396,143,253,69379.2,39923.4,29455.8
2024-11-04,FY24-25,32,S03,P02,219.0,0.0,219.0,224.0,0,0,0,,1.0,303,122,181,66357.0,32434.5,33922.5
2024-11-11,FY24-25,33,S03,P02,219.0,0.0,219.0,225.0,0,0,0,,1.0,278,97,181,60882.0,28940.75,31941.25
2024-11-18,FY24-25,34,S03,P02,219.0,0.0,219.0,191.0,0,0,0,,1.0,298,113,185,65262.0,31516.75,33745.25
2024-11-25,FY24-25,35,S03,P02,219.0,0.0,219.0,225.0,0,0,0,,1.0,332,121,211,72708.0,34844.75,37863.25
2024-12-02,FY24-25,36,S03,P02,219.0,0.0,219.0,225.0,0,0,0,,1.0,307,115,192,67233.0,32391.25,34841.75
2024-12-09,FY24-25,37,S03,P02,219.0,0.0,219.0,225.0,0,0,0,,1.0,266,82,184,58254.0,27099.5,31154.5
2024-12-16,FY24-25,38,S03,P02,219.0,0.0,219.0,226.0,0,0,1,Year End,1.1,319,105,214,69861.0,32863.75,36997.25
2024-12-23,FY24-25,39,S03,P02,219.0,0.0,219.0,226.0,0,0,1,Year End,1.1,348,128,220,76212.0,36588.0,39624.0
2024-12-30,FY24-25,40,S03,P02,219.0,0.0,219.0,226.0,0,0,1,Year End,1.1,336,121,215,73584.0,35184.75,38399.25
2025-01-06,FY24-25,41,S03,P02,219.0,0.1,197.1,226.0,0,1,0,,1.0,366,135,231,72138.6,37762.12,34376.48
2025-01-13,FY24-25,42,S03,P02,219.0,0.0,219.0,226.0,0,0,0,,1.0,319,111,208,69861.0,33192.25,36668.75
2025-01-20,FY24-25,43,S03,P02,219.0,0.0,219.0,227.0,0,0,0,,1.0,297,106,191,65043.0,31048.5,33994.5
2025-01-27,FY24-25,44,S03,P02,219.0,0.0,219.0,227.0,0,0,0,,1.0,321,114,207,70299.0,33526.5,36772.5
2025-02-03,FY24-25,45,S03,P02,219.0,0.0,219.0,227.0,0,0,0,,1.0,303,115,188,66357.0,32051.25,34305.75
2025-02-10,FY24-25,46,S03,P02,219.0,0.0,219.0,227.0,0,0,0,,1.0,352,118,234,77088.0,36380.5,40707.5
2025-02-17,FY24-25,47,S03,P02,219.0,0.0,219.0,228.0,0,0,0,,1.0,399,149,250,87381.0,42072.75,45308.25
2025-02-24,FY24-25,48,S03,P02,219.0,0.15,186.15,228.0,0,1,0,,1.0,367,112,255,68317.05,36407.2,31909.85
2025-03-03,FY24-25,49,S03,P02,219.0,0.0,219.0,228.0,0,0,0,,1.0,302,113,189,66138.0,31856.75,34281.25
2025-03-10,FY24-25,50,S03,P02,219.0,0.0,219.0,228.0,0,0,0,,1.0,354,132,222,77526.0,37317.0,40209.0
2025-03-17,FY24-25,51,S03,P02,219.0,0.0,219.0,228.0,0,0,0,,1.0,331,127,204,72489.0,35088.25,37400.75
2025-03-24,FY24-25,52,S03,P02,219.0,0.1,197.1,229.0,0,1,0,,1.0,377,139,238,74306.7,38894.22,35412.48
2025-03-31,FY24-25,53,S03,P02,229.0,0.0,229.0,229.0,0,0,0,,1.0,320,95,225,73280.0,32638.75,40641.25
2025-04-07,FY25-26,54,S03,P02,229.0,0.0,229.0,229.0,0,0,0,,1.0,341,124,217,78089.0,36084.0,42005.0
2025-04-14,FY25-26,55,S03,P02,229.0,0.1,206.1,229.0,0,1,0,,1.0,357,118,239,73577.7,36424.95,37152.75
2025-04-21,FY25-26,56,S03,P02,229.0,0.0,229.0,195.0,0,0,0,,1.0,256,87,169,58624.0,26740.75,31883.25
2025-04-28,FY25-26,57,S03,P02,229.0,0.0,229.0,230.0,0,0,0,,1.0,335,112,223,76715.0,34887.0,41828.0
2025-05-05,FY25-26,58,S03,P02,229.0,0.0,229.0,195.0,0,0,0,,1.0,304,101,203,69616.0,31622.25,37993.75
2025-05-12,FY25-26,59,S03,P02,229.0,0.0,229.0,230.0,0,0,0,,1.0,303,104,199,69387.0,31709.0,37678.0
2025-05-19,FY25-26,60,S03,P02,229.0,0.0,229.0,230.0,0,0,0,,1.0,303,123,180,69387.0,32796.75,36590.25
2025-05-26,FY25-26,61,S03,P02,229.0,0.0,229.0,231.0,0,0,0,,1.0,321,113,208,73509.0,33754.25,39754.75
2025-06-02,FY25-26,62,S03,P02,229.0,0.0,229.0,231.0,0,0,0,,0.96,281,118,163,64349.0,30640.5,33708.5
2025-06-09,FY25-26,63,S03,P02,229.0,0.0,229.0,231.0,0,0,0,,0.96,271,122,149,62059.0,30019.5,32039.5
2025-06-16,FY25-26,64,S03,P02,229.0,0.0,229.0,231.0,0,0,0,,0.96,263,113,150,60227.0,28824.25,31402.75
2025-06-23,FY25-26,65,S03,P02,229.0,0.0,229.0,231.0,0,0,0,,0.96,283,137,146,64807.0,31898.25,32908.75
2025-06-30,FY25-26,66,S03,P02,229.0,0.0,229.0,232.0,0,0,0,,0.96,260,115,145,59540.0,28683.75,30856.25
2025-07-07,FY25-26,67,S03,P02,229.0,0.0,229.0,232.0,0,0,0,,0.96,289,128,161,66181.0,31893.0,34288.0
2025-07-14,FY25-26,68,S03,P02,229.0,0.1,206.1,197.0,0,1,0,,0.96,319,149,170,65745.9,34792.22,30953.68
2025-07-21,FY25-26,69,S03,P02,229.0,0.0,229.0,232.0,0,0,0,,0.96,322,150,172,73738.0,35957.5,37780.5
2025-07-28,FY25-26,70,S03,P02,229.0,0.0,229.0,232.0,0,0,0,,0.96,278,120,158,63662.0,30500.0,33162.0
2025-08-04,FY25-26,71,S03,P02,229.0,0.0,229.0,233.0,0,0,0,,0.96,288,124,164,65952.0,31579.0,34373.0
2025-08-11,FY25-26,72,S03,P02,229.0,0.0,229.0,233.0,0,0,0,,0.96,288,124,164,65952.0,31579.0,34373.0
2025-08-18,FY25-26,73,S03,P02,229.0,0.0,229.0,233.0,0,0,0,,0.96,276,122,154,63204.0,30444.5,32759.5
2025-08-25,FY25-26,74,S03,P02,229.0,0.0,229.0,233.0,0,0,1,Ganesh Chaturthi,0.96,257,121,136,58853.0,28772.25,30080.75
2025-09-01,FY25-26,75,S03,P02,229.0,0.1,206.1,234.0,0,1,1,Ganesh Chaturthi,0.96,366,167,199,75432.6,39714.68,35717.92
2025-09-08,FY25-26,76,S03,P02,229.0,0.0,229.0,234.0,0,0,0,,0.96,284,133,151,65036.0,31754.25,33281.75
2025-09-15,FY25-26,77,S03,P02,229.0,0.0,229.0,234.0,0,0,0,,0.96,341,145,196,78089.0,37286.25,40802.75
2025-09-22,FY25-26,78,S03,P02,229.0,0.0,229.0,234.0,0,0,1,Navratri,0.96,301,140,161,68929.0,33600.0,35329.0
2025-09-29,FY25-26,79,S03,P02,229.0,0.0,229.0,234.0,0,0,1,Navratri,1.0,277,94,183,63433.0,28926.5,34506.5
2025-10-06,FY25-26,80,S03,P02,229.0,0.0,229.0,235.0,0,0,0,,1.0,341,115,226,78089.0,35568.75,42520.25
2025-10-13,FY25-26,81,S03,P02,229.0,0.15,194.65,200.0,0,1,1,Diwali,1.0,277,93,184,53918.05,28070.61,25847.44
2025-10-20,FY25-26,82,S03,P02,229.0,0.15,194.65,235.0,0,1,1,Diwali,1.0,368,121,247,71631.2,37168.16,34463.04
2025-10-27,FY25-26,83,S03,P02,229.0,0.0,229.0,235.0,0,0,0,,1.0,283,99,184,64807.0,29722.75,35084.25
2025-11-03,FY25-26,84,S03,P02,229.0,0.0,229.0,236.0,0,0,0,,1.0,316,105,211,72364.0,32871.25,39492.75
2025-11-10,FY25-26,85,S03,P02,229.0,0.0,229.0,236.0,0,0,0,,1.0,295,113,182,67555.0,31544.25,36010.75
2025-11-17,FY25-26,86,S03,P02,229.0,0.0,229.0,236.0,0,0,0,,1.0,338,112,226,77402.0,35142.0,42260.0
2025-11-24,FY25-26,87,S03,P02,229.0,0.0,229.0,236.0,0,0,0,,1.0,334,110,224,76486.0,34687.5,41798.5
2025-12-01,FY25-26,88,S03,P02,229.0,0.0,229.0,201.0,0,0,0,,1.0,327,103,224,74883.0,33691.75,41191.25
2025-12-08,FY25-26,89,S03,P02,229.0,0.0,229.0,201.0,0,0,0,,1.0,297,106,191,68013.0,31313.5,36699.5
2025-12-15,FY25-26,90,S03,P02,219.0,0.0,219.0,237.0,1,0,0,,1.0,291,100,191,63729.0,30210.0,33519.0
2025-12-22,FY25-26,91,S03,P02,219.0,0.0,219.0,237.0,1,0,1,Year End,1.1,344,115,229,75336.0,35536.25,39799.75
2025-12-29,FY25-26,92,S03,P02,219.0,0.0,219.0,237.0,1,0,1,Year End,1.1,371,136,235,81249.0,38981.0,42268.0
2026-01-05,FY25-26,93,S03,P02,219.0,0.0,219.0,238.0,1,0,0,,1.0,305,100,205,66795.0,31400.0,35395.0
2026-01-12,FY25-26,94,S03,P02,229.0,0.0,229.0,238.0,0,0,0,,1.0,325,130,195,74425.0,35067.5,39357.5
2026-01-19,FY25-26,95,S03,P02,229.0,0.0,229.0,238.0,0,0,0,,1.0,319,107,212,73051.0,33240.75,39810.25
2026-01-26,FY25-26,96,S03,P02,229.0,0.0,229.0,238.0,0,0,0,,1.0,332,112,220,76028.0,34632.0,41396.0
2026-02-02,FY25-26,97,S03,P02,229.0,0.0,229.0,238.0,0,0,0,,1.0,298,99,199,68242.0,30997.75,37244.25
2026-02-09,FY25-26,98,S03,P02,229.0,0.0,229.0,239.0,0,0,0,,1.0,330,115,215,75570.0,34633.75,40936.25
2026-02-16,FY25-26,99,S03,P02,229.0,0.0,229.0,239.0,0,0,0,,1.0,258,89,169,59082.0,27025.25,32056.75
2026-02-23,FY25-26,100,S03,P02,229.0,0.0,229.0,239.0,0,0,0,,1.0,304,93,211,69616.0,31164.25,38451.75
2026-03-02,FY25-26,101,S03,P02,229.0,0.0,229.0,239.0,0,0,0,,1.0,300,108,192,68700.0,31683.0,37017.0
2026-03-09,FY25-26,102,S03,P02,229.0,0.0,229.0,204.0,0,0,0,,1.0,325,138,187,74425.0,35525.5,38899.5
2026-03-16,FY25-26,103,S03,P02,229.0,0.0,229.0,240.0,0,0,0,,1.0,350,131,219,80150.0,37249.75,42900.25
2026-03-23,FY25-26,104,S03,P02,229.0,0.0,229.0,240.0,0,0,0,,1.0,282,97,185,64578.0,29523.25,35054.75
2024-04-01,FY24-25,1,S03,P03,169.0,0.0,169.0,171.0,0,0,0,,1.0,189,80,109,31941.0,13775.0,18166.0
2024-04-08,FY24-25,2,S03,P03,169.0,0.2,135.2,171.0,0,1,0,,1.0,204,72,132,27580.8,13653.6,13927.2
2024-04-15,FY24-25,3,S03,P03,169.0,0.0,169.0,171.0,0,0,0,,1.0,190,60,130,32110.0,12985.0,19125.0
2024-04-22,FY24-25,4,S03,P03,169.0,0.0,169.0,171.0,0,0,0,,1.0,166,60,106,28054.0,11665.0,16389.0
2024-04-29,FY24-25,5,S03,P03,169.0,0.0,169.0,146.0,0,0,0,,1.0,197,72,125,33293.0,13877.0,19416.0
2024-05-06,FY24-25,6,S03,P03,169.0,0.0,169.0,171.0,0,0,0,,1.0,195,69,126,32955.0,13640.25,19314.75
2024-05-13,FY24-25,7,S03,P03,169.0,0.0,169.0,172.0,0,0,0,,1.0,202,63,139,34138.0,13771.75,20366.25
2024-05-20,FY24-25,8,S03,P03,169.0,0.0,169.0,172.0,0,0,0,,1.0,169,63,106,28561.0,11956.75,16604.25
2024-05-27,FY24-25,9,S03,P03,169.0,0.0,169.0,172.0,0,0,0,,1.0,184,65,119,31096.0,12866.25,18229.75
2024-06-03,FY24-25,10,S03,P03,169.0,0.0,169.0,172.0,0,0,0,,0.96,209,98,111,35321.0,15635.5,19685.5
2024-06-10,FY24-25,11,S03,P03,169.0,0.0,169.0,172.0,0,0,0,,0.96,177,76,101,29913.0,12946.0,16967.0
2024-06-17,FY24-25,12,S03,P03,169.0,0.2,135.2,172.0,0,1,0,,0.96,232,116,116,31366.4,16680.8,14685.6
2024-06-24,FY24-25,13,S03,P03,169.0,0.0,169.0,173.0,0,0,0,,0.96,206,96,110,34814.0,15386.0,19428.0
2024-07-01,FY24-25,14,S03,P03,169.0,0.0,169.0,173.0,0,0,0,,0.96,193,90,103,32617.0,14417.5,18199.5
2024-07-08,FY24-25,15,S03,P03,169.0,0.0,169.0,173.0,0,0,0,,0.96,185,80,105,31265.0,13555.0,17710.0
2024-07-15,FY24-25,16,S03,P03,169.0,0.2,135.2,173.0,0,1,0,,0.96,216,87,129,29203.2,14820.6,14382.6
2024-07-22,FY24-25,17,S03,P03,169.0,0.0,169.0,173.0,0,0,0,,0.96,184,89,95,31096.0,13880.25,17215.75
2024-07-29,FY24-25,18,S03,P03,169.0,0.0,169.0,173.0,0,0,0,,0.96,183,94,89,30927.0,14036.5,16890.5
2024-08-05,FY24-25,19,S03,P03,169.0,0.0,169.0,174.0,0,0,0,,0.96,187,86,101,31603.0,13918.5,17684.5
2024-08-12,FY24-25,20,S03,P03,169.0,0.0,169.0,174.0,0,0,0,,0.96,176,71,105,29744.0,12679.75,17064.25
2024-08-19,FY24-25,21,S03,P03,169.0,0.0,169.0,174.0,0,0,0,,0.96,188,89,99,31772.0,14100.25,17671.75
2024-08-26,FY24-25,22,S03,P03,169.0,0.0,169.0,174.0,0,0,0,,0.96,181,89,92,30589.0,13715.25,16873.75
2024-09-02,FY24-25,23,S03,P03,169.0,0.0,169.0,174.0,0,0,1,Ganesh Chaturthi,0.96,188,77,111,31772.0,13593.25,18178.75
2024-09-09,FY24-25,24,S03,P03,169.0,0.0,169.0,174.0,0,0,1,Ganesh Chaturthi,0.96,162,78,84,27378.0,12205.5,15172.5
2024-09-16,FY24-25,25,S03,P03,169.0,0.0,169.0,148.0,0,0,1,Ganesh Chaturthi,0.96,178,96,82,30082.0,13846.0,16236.0
2024-09-23,FY24-25,26,S03,P03,169.0,0.0,169.0,175.0,0,0,0,,0.96,203,96,107,34307.0,15221.0,19086.0
2024-09-30,FY24-25,27,S03,P03,169.0,0.0,169.0,175.0,0,0,1,Navratri,1.0,218,68,150,36842.0,14863.0,21979.0
2024-10-07,FY24-25,28,S03,P03,169.0,0.0,169.0,175.0,0,0,1,Navratri,1.0,186,63,123,31434.0,12891.75,18542.25
2024-10-14,FY24-25,29,S03,P03,169.0,0.0,169.0,175.0,0,0,0,,1.0,209,68,141,35321.0,14368.0,20953.0
2024-10-21,FY24-25,30,S03,P03,169.0,0.0,169.0,175.0,0,0,0,,1.0,198,82,116,33462.0,14354.5,19107.5
2024-10-28,FY24-25,31,S03,P03,169.0,0.0,169.0,176.0,0,0,1,Diwali,1.0,208,67,141,35152.0,14270.75,20881.25
2024-11-04,FY24-25,32,S03,P03,169.0,0.0,169.0,176.0,0,0,0,,1.0,174,52,122,29406.0,11767.0,17639.0
2024-11-11,FY24-25,33,S03,P03,169.0,0.0,169.0,176.0,0,0,0,,1.0,154,52,102,26026.0,10667.0,15359.0
2024-11-18,FY24-25,34,S03,P03,169.0,0.0,169.0,176.0,0,0,0,,1.0,211,77,134,35659.0,14858.25,20800.75
2024-11-25,FY24-25,35,S03,P03,169.0,0.0,169.0,176.0,0,0,0,,1.0,198,66,132,33462.0,13678.5,19783.5
2024-12-02,FY24-25,36,S03,P03,169.0,0.1,152.1,176.0,0,1,0,,1.0,223,83,140,33918.3,15421.08,18497.22
2024-12-09,FY24-25,37,S03,P03,169.0,0.0,169.0,177.0,0,0,0,,1.0,198,62,136,33462.0,13509.5,19952.5
2024-12-16,FY24-25,38,S03,P03,169.0,0.0,169.0,177.0,0,0,1,Year End,1.1,224,80,144,37856.0,15700.0,22156.0
2024-12-23,FY24-25,39,S03,P03,169.0,0.0,169.0,177.0,0,0,1,Year End,1.1,192,59,133,32448.0,13052.75,19395.25
2024-12-30,FY24-25,40,S03,P03,169.0,0.0,169.0,177.0,0,0,1,Year End,1.1,201,72,129,33969.0,14097.0,19872.0
2025-01-06,FY24-25,41,S03,P03,169.0,0.1,152.1,177.0,0,1,0,,1.0,233,83,150,35439.3,15971.08,19468.22
2025-01-13,FY24-25,42,S03,P03,169.0,0.0,169.0,177.0,0,0,0,,1.0,178,65,113,30082.0,12536.25,17545.75
2025-01-20,FY24-25,43,S03,P03,169.0,0.0,169.0,178.0,0,0,0,,1.0,213,73,140,35997.0,14799.25,21197.75
2025-01-27,FY24-25,44,S03,P03,169.0,0.0,169.0,178.0,0,0,0,,1.0,190,71,119,32110.0,13449.75,18660.25
2025-02-03,FY24-25,45,S03,P03,169.0,0.0,169.0,178.0,0,0,0,,1.0,213,90,123,35997.0,15517.5,20479.5
2025-02-10,FY24-25,46,S03,P03,169.0,0.0,169.0,178.0,0,0,0,,1.0,198,65,133,33462.0,13636.25,19825.75
2025-02-17,FY24-25,47,S03,P03,169.0,0.0,169.0,178.0,0,0,0,,1.0,217,83,134,36673.0,15441.75,21231.25
2025-02-24,FY24-25,48,S03,P03,169.0,0.0,169.0,178.0,0,0,0,,1.0,219,80,139,37011.0,15425.0,21586.0
2025-03-03,FY24-25,49,S03,P03,169.0,0.0,169.0,179.0,0,0,0,,1.0,209,86,123,35321.0,15128.5,20192.5
2025-03-10,FY24-25,50,S03,P03,169.0,0.2,135.2,179.0,0,1,0,,1.0,258,87,171,34881.6,17130.6,17751.0
2025-03-17,FY24-25,51,S03,P03,169.0,0.15,143.65,179.0,0,1,0,,1.0,247,98,149,35481.55,17104.42,18377.13
2025-03-24,FY24-25,52,S03,P03,169.0,0.0,169.0,179.0,0,0,0,,1.0,210,67,143,35490.0,14380.75,21109.25
2025-03-31,FY24-25,53,S03,P03,179.0,0.0,179.0,179.0,0,0,0,,1.0,182,76,106,32578.0,13411.0,19167.0
2025-04-07,FY25-26,54,S03,P03,179.0,0.15,152.15,179.0,0,1,0,,1.0,198,76,122,30125.7,13780.85,16344.85
2025-04-14,FY25-26,55,S03,P03,179.0,0.0,179.0,180.0,0,0,0,,1.0,178,60,118,31862.0,12475.0,19387.0
2025-04-21,FY25-26,56,S03,P03,179.0,0.0,179.0,180.0,0,0,0,,1.0,176,59,117,31504.0,12320.25,19183.75
2025-04-28,FY25-26,57,S03,P03,179.0,0.0,179.0,180.0,0,0,0,,1.0,175,59,116,31325.0,12265.25,19059.75
2025-05-05,FY25-26,58,S03,P03,179.0,0.0,179.0,180.0,0,0,0,,1.0,215,72,143,38485.0,15047.0,23438.0
2025-05-12,FY25-26,59,S03,P03,179.0,0.0,179.0,180.0,0,0,0,,1.0,198,68,130,35442.0,13933.0,21509.0
2025-05-19,FY25-26,60,S03,P03,179.0,0.0,179.0,180.0,0,0,0,,1.0,189,63,126,33831.0,13214.25,20616.75
2025-05-26,FY25-26,61,S03,P03,179.0,0.0,179.0,181.0,0,0,0,,1.0,198,60,138,35442.0,13575.0,21867.0
2025-06-02,FY25-26,62,S03,P03,179.0,0.0,179.0,181.0,0,0,0,,0.96,181,88,93,32399.0,13893.0,18506.0
2025-06-09,FY25-26,63,S03,P03,179.0,0.0,179.0,181.0,0,0,0,,0.96,189,77,112,33831.0,13840.75,19990.25
2025-06-16,FY25-26,64,S03,P03,179.0,0.0,179.0,181.0,0,0,0,,0.96,191,79,112,34189.0,14040.25,20148.75
2025-06-23,FY25-26,65,S03,P03,179.0,0.0,179.0,181.0,0,0,0,,0.96,209,96,113,37411.0,15791.0,21620.0
2025-06-30,FY25-26,66,S03,P03,179.0,0.0,179.0,181.0,0,0,0,,0.96,219,92,127,39201.0,16162.0,23039.0
2025-07-07,FY25-26,67,S03,P03,179.0,0.0,179.0,154.0,0,0,0,,0.96,160,70,90,28640.0,11932.5,16707.5
2025-07-14,FY25-26,68,S03,P03,179.0,0.0,179.0,182.0,0,0,0,,0.96,175,79,96,31325.0,13160.25,18164.75
2025-07-21,FY25-26,69,S03,P03,179.0,0.0,179.0,182.0,0,0,0,,0.96,183,86,97,32757.0,13913.5,18843.5
2025-07-28,FY25-26,70,S03,P03,179.0,0.0,179.0,182.0,0,0,0,,0.96,188,84,104,33652.0,14099.0,19553.0
2025-08-04,FY25-26,71,S03,P03,179.0,0.0,179.0,182.0,0,0,0,,0.96,193,84,109,34547.0,14374.0,20173.0
2025-08-11,FY25-26,72,S03,P03,179.0,0.0,179.0,182.0,0,0,0,,0.96,213,99,114,38127.0,16145.25,21981.75
2025-08-18,FY25-26,73,S03,P03,199.0,0.0,199.0,183.0,1,0,0,,0.96,174,83,91,34626.0,13699.25,20926.75
2025-08-25,FY25-26,74,S03,P03,199.0,0.0,199.0,183.0,1,0,1,Ganesh Chaturthi,0.96,180,76,104,35820.0,13681.0,22139.0
2025-09-01,FY25-26,75,S03,P03,199.0,0.0,199.0,183.0,1,0,1,Ganesh Chaturthi,0.96,163,79,84,32437.0,12895.25,19541.75
2025-09-08,FY25-26,76,S03,P03,199.0,0.0,199.0,183.0,1,0,0,,0.96,177,76,101,35223.0,13516.0,21707.0
2025-09-15,FY25-26,77,S03,P03,179.0,0.15,152.15,183.0,0,1,0,,0.96,220,103,117,33473.0,16017.86,17455.14
2025-09-22,FY25-26,78,S03,P03,179.0,0.2,143.2,183.0,0,1,1,Navratri,0.96,240,98,142,34368.0,16708.4,17659.6
2025-09-29,FY25-26,79,S03,P03,179.0,0.0,179.0,184.0,0,0,1,Navratri,1.0,200,81,119,35800.0,14624.75,21175.25
2025-10-06,FY25-26,80,S03,P03,179.0,0.0,179.0,184.0,0,0,0,,1.0,207,68,139,37053.0,14428.0,22625.0
2025-10-13,FY25-26,81,S03,P03,179.0,0.0,179.0,184.0,0,0,1,Diwali,1.0,185,59,126,33115.0,12815.25,20299.75
2025-10-20,FY25-26,82,S03,P03,179.0,0.0,179.0,184.0,0,0,1,Diwali,1.0,184,64,120,32936.0,12984.0,19952.0
2025-10-27,FY25-26,83,S03,P03,179.0,0.0,179.0,184.0,0,0,0,,1.0,193,73,120,34547.0,13881.75,20665.25
2025-11-03,FY25-26,84,S03,P03,179.0,0.0,179.0,185.0,0,0,0,,1.0,188,84,104,33652.0,14099.0,19553.0
2025-11-10,FY25-26,85,S03,P03,199.0,0.0,199.0,157.0,1,0,0,,1.0,175,64,111,34825.0,12809.0,22016.0
2025-11-17,FY25-26,86,S03,P03,199.0,0.0,199.0,185.0,1,0,0,,1.0,187,76,111,37213.0,14066.0,23147.0
2025-11-24,FY25-26,87,S03,P03,199.0,0.0,199.0,185.0,1,0,0,,1.0,175,62,113,34825.0,12709.5,22115.5
2025-12-01,FY25-26,88,S03,P03,199.0,0.0,199.0,185.0,1,0,0,,1.0,168,78,90,33432.0,13120.5,20311.5
2025-12-08,FY25-26,89,S03,P03,179.0,0.0,179.0,185.0,0,0,0,,1.0,198,60,138,35442.0,13575.0,21867.0
2025-12-15,FY25-26,90,S03,P03,179.0,0.0,179.0,186.0,0,0,0,,1.0,193,70,123,34547.0,13747.5,20799.5
2025-12-22,FY25-26,91,S03,P03,179.0,0.2,143.2,186.0,0,1,1,Year End,1.1,271,98,173,38807.2,18413.4,20393.8
2025-12-29,FY25-26,92,S03,P03,179.0,0.0,179.0,186.0,0,0,1,Year End,1.1,210,83,127,37590.0,15264.25,22325.75
2026-01-05,FY25-26,93,S03,P03,179.0,0.0,179.0,186.0,0,0,0,,1.0,203,67,136,36337.0,14163.25,22173.75
2026-01-12,FY25-26,94,S03,P03,179.0,0.0,179.0,186.0,0,0,0,,1.0,215,72,143,38485.0,15047.0,23438.0
2026-01-19,FY25-26,95,S03,P03,179.0,0.0,179.0,186.0,0,0,0,,1.0,191,62,129,34189.0,13279.5,20909.5
2026-01-26,FY25-26,96,S03,P03,179.0,0.0,179.0,159.0,0,0,0,,1.0,194,90,104,34726.0,14697.5,20028.5
2026-02-02,FY25-26,97,S03,P03,179.0,0.0,179.0,187.0,0,0,0,,1.0,211,60,151,37769.0,14290.0,23479.0
2026-02-09,FY25-26,98,S03,P03,179.0,0.0,179.0,187.0,0,0,0,,1.0,191,60,131,34189.0,13190.0,20999.0
2026-02-16,FY25-26,99,S03,P03,179.0,0.0,179.0,187.0,0,0,0,,1.0,184,64,120,32936.0,12984.0,19952.0
2026-02-23,FY25-26,100,S03,P03,179.0,0.0,179.0,187.0,0,0,0,,1.0,189,63,126,33831.0,13214.25,20616.75
2026-03-02,FY25-26,101,S03,P03,179.0,0.0,179.0,187.0,0,0,0,,1.0,188,66,122,33652.0,13293.5,20358.5
2026-03-09,FY25-26,102,S03,P03,179.0,0.0,179.0,188.0,0,0,0,,1.0,177,73,104,31683.0,13001.75,18681.25
2026-03-16,FY25-26,103,S03,P03,179.0,0.0,179.0,188.0,0,0,0,,1.0,208,62,146,37232.0,14214.5,23017.5
2026-03-23,FY25-26,104,S03,P03,179.0,0.0,179.0,188.0,0,0,0,,1.0,179,66,113,32041.0,12798.5,19242.5
2024-04-01,FY24-25,1,S03,P04,249.0,0.15,211.65,247.0,0,1,0,,1.0,254,89,165,53759.1,28839.21,24919.89
2024-04-08,FY24-25,2,S03,P04,249.0,0.0,249.0,247.0,0,0,0,,1.0,215,79,136,53535.0,25342.75,28192.25
2024-04-15,FY24-25,3,S03,P04,249.0,0.0,249.0,247.0,0,0,0,,1.0,215,66,149,53535.0,24533.5,29001.5
2024-04-22,FY24-25,4,S03,P04,249.0,0.0,249.0,248.0,0,0,0,,1.0,190,65,125,47310.0,22096.25,25213.75
2024-04-29,FY24-25,5,S03,P04,249.0,0.0,249.0,248.0,0,0,0,,1.0,251,96,155,62499.0,29821.0,32678.0
2024-05-06,FY24-25,6,S03,P04,249.0,0.0,249.0,248.0,0,0,0,,1.0,270,98,172,67230.0,31750.5,35479.5
2024-05-13,FY24-25,7,S03,P04,249.0,0.0,249.0,248.0,0,0,0,,1.0,233,79,154,58017.0,27052.75,30964.25
2024-05-20,FY24-25,8,S03,P04,249.0,0.0,249.0,249.0,0,0,0,,1.0,225,71,154,56025.0,25794.75,30230.25
2024-05-27,FY24-25,9,S03,P04,249.0,0.0,249.0,249.0,0,0,0,,1.0,228,81,147,56772.0,26702.25,30069.75
2024-06-03,FY24-25,10,S03,P04,249.0,0.0,249.0,249.0,0,0,0,,0.96,199,90,109,49551.0,24507.5,25043.5
2024-06-10,FY24-25,11,S03,P04,249.0,0.0,249.0,249.0,0,0,0,,0.96,217,97,120,54033.0,26653.25,27379.75
2024-06-17,FY24-25,12,S03,P04,249.0,0.15,211.65,250.0,0,1,0,,0.96,272,108,164,57568.8,31554.55,26014.25
2024-06-24,FY24-25,13,S03,P04,249.0,0.0,249.0,250.0,0,0,0,,0.96,208,90,118,51792.0,25362.5,26429.5
2024-07-01,FY24-25,14,S03,P04,249.0,0.0,249.0,250.0,0,0,0,,0.96,206,81,125,51294.0,24612.25,26681.75
2024-07-08,FY24-25,15,S03,P04,249.0,0.0,249.0,250.0,0,0,0,,0.96,194,101,93,48306.0,24717.25,23588.75
2024-07-15,FY24-25,16,S03,P04,249.0,0.0,249.0,250.0,0,0,0,,0.96,215,93,122,53535.0,26214.25,27320.75
2024-07-22,FY24-25,17,S03,P04,249.0,0.1,224.1,251.0,0,1,0,,0.96,223,98,125,49974.3,26675.45,23298.85
2024-07-29,FY24-25,18,S03,P04,249.0,0.2,199.2,213.0,0,1,0,,0.96,261,139,122,51991.2,31717.2,20274.0
2024-08-05,FY24-25,19,S03,P04,249.0,0.0,249.0,251.0,0,0,0,,0.96,245,107,138,61005.0,29935.75,31069.25
2024-08-12,FY24-25,20,S03,P04,249.0,0.0,249.0,251.0,0,0,0,,0.96,220,96,124,54780.0,26876.0,27904.0
2024-08-19,FY24-25,21,S03,P04,249.0,0.1,224.1,252.0,0,1,0,,0.96,242,119,123,54232.2,29656.98,24575.22
2024-08-26,FY24-25,22,S03,P04,229.0,0.0,229.0,252.0,1,0,0,,0.96,216,101,115,49464.0,26302.25,23161.75
2024-09-02,FY24-25,23,S03,P04,229.0,0.0,229.0,252.0,1,0,1,Ganesh Chaturthi,0.96,231,112,119,52899.0,28357.0,24542.0
2024-09-09,FY24-25,24,S03,P04,229.0,0.0,229.0,252.0,1,0,1,Ganesh Chaturthi,0.96,226,102,124,51754.0,27309.5,24444.5
2024-09-16,FY24-25,25,S03,P04,229.0,0.0,229.0,215.0,1,0,1,Ganesh Chaturthi,0.96,221,112,109,50609.0,27407.0,23202.0
2024-09-23,FY24-25,26,S03,P04,249.0,0.0,249.0,253.0,0,0,0,,0.96,231,89,142,57519.0,27485.25,30033.75
2024-09-30,FY24-25,27,S03,P04,249.0,0.0,249.0,253.0,0,0,1,Navratri,1.0,247,100,147,61503.0,29690.0,31813.0
2024-10-07,FY24-25,28,S03,P04,249.0,0.0,249.0,253.0,0,0,1,Navratri,1.0,209,77,132,52041.0,24648.25,27392.75
2024-10-14,FY24-25,29,S03,P04,249.0,0.0,249.0,254.0,0,0,0,,1.0,224,98,126,55776.0,27380.5,28395.5
2024-10-21,FY24-25,30,S03,P04,249.0,0.0,249.0,254.0,0,0,0,,1.0,241,78,163,60009.0,27750.5,32258.5
2024-10-28,FY24-25,31,S03,P04,249.0,0.0,249.0,254.0,0,0,1,Diwali,1.0,216,69,147,53784.0,24815.25,28968.75
2024-11-04,FY24-25,32,S03,P04,249.0,0.0,249.0,216.0,0,0,0,,1.0,243,80,163,60507.0,28065.0,32442.0
2024-11-11,FY24-25,33,S03,P04,249.0,0.0,249.0,254.0,0,0,0,,1.0,215,77,138,53535.0,25218.25,28316.75
2024-11-18,FY24-25,34,S03,P04,249.0,0.0,249.0,255.0,0,0,0,,1.0,239,88,151,59511.0,28183.0,31328.0
2024-11-25,FY24-25,35,S03,P04,249.0,0.0,249.0,217.0,0,0,0,,1.0,232,83,149,57768.0,27206.75,30561.25
2024-12-02,FY24-25,36,S03,P04,249.0,0.0,249.0,255.0,0,0,0,,1.0,237,71,166,59013.0,26934.75,32078.25
2024-12-09,FY24-25,37,S03,P04,249.0,0.0,249.0,255.0,0,0,0,,1.0,225,97,128,56025.0,27413.25,28611.75
2024-12-16,FY24-25,38,S03,P04,249.0,0.0,249.0,256.0,0,0,1,Year End,1.1,227,79,148,56523.0,26482.75,30040.25
2024-12-23,FY24-25,39,S03,P04,249.0,0.0,249.0,256.0,0,0,1,Year End,1.1,229,73,156,57021.0,26299.25,30721.75
2024-12-30,FY24-25,40,S03,P04,249.0,0.0,249.0,256.0,0,0,1,Year End,1.1,265,90,175,65985.0,30777.5,35207.5
2025-01-06,FY24-25,41,S03,P04,249.0,0.0,249.0,256.0,0,0,0,,1.0,232,93,139,57768.0,27829.25,29938.75
2025-01-13,FY24-25,42,S03,P04,249.0,0.0,249.0,257.0,0,0,0,,1.0,224,75,149,55776.0,25948.75,29827.25
2025-01-20,FY24-25,43,S03,P04,249.0,0.0,249.0,257.0,0,0,0,,1.0,229,83,146,57021.0,26921.75,30099.25
2025-01-27,FY24-25,44,S03,P04,249.0,0.0,249.0,257.0,0,0,0,,1.0,250,81,169,62250.0,28792.25,33457.75
2025-02-03,FY24-25,45,S03,P04,249.0,0.0,249.0,257.0,0,0,0,,1.0,182,58,124,45318.0,20900.5,24417.5
2025-02-10,FY24-25,46,S03,P04,249.0,0.0,249.0,258.0,0,0,0,,1.0,233,72,161,58017.0,26617.0,31400.0
2025-02-17,FY24-25,47,S03,P04,249.0,0.0,249.0,258.0,0,0,0,,1.0,257,93,164,63993.0,30204.25,33788.75
2025-02-24,FY24-25,48,S03,P04,249.0,0.0,249.0,258.0,0,0,0,,1.0,234,82,152,58266.0,27334.5,30931.5
2025-03-03,FY24-25,49,S03,P04,249.0,0.0,249.0,258.0,0,0,0,,1.0,223,84,139,55527.0,26414.0,29113.0
2025-03-10,FY24-25,50,S03,P04,249.0,0.0,249.0,259.0,0,0,0,,1.0,225,65,160,56025.0,25421.25,30603.75
2025-03-17,FY24-25,51,S03,P04,249.0,0.0,249.0,259.0,0,0,0,,1.0,246,106,140,61254.0,29968.5,31285.5
2025-03-24,FY24-25,52,S03,P04,249.0,0.0,249.0,259.0,0,0,0,,1.0,224,86,138,55776.0,26633.5,29142.5
2025-03-31,FY24-25,53,S03,P04,259.0,0.0,259.0,259.0,0,0,0,,1.0,200,73,127,51800.0,23726.75,28073.25
2025-04-07,FY25-26,54,S03,P04,259.0,0.0,259.0,260.0,0,0,0,,1.0,247,90,157,63973.0,29292.5,34680.5
2025-04-14,FY25-26,55,S03,P04,259.0,0.0,259.0,260.0,0,0,0,,1.0,221,66,155,57239.0,25268.5,31970.5
2025-04-21,FY25-26,56,S03,P04,259.0,0.0,259.0,260.0,0,0,0,,1.0,215,78,137,55685.0,25475.5,30209.5
2025-04-28,FY25-26,57,S03,P04,259.0,0.0,259.0,260.0,0,0,0,,1.0,247,82,165,63973.0,28774.5,35198.5
2025-05-05,FY25-26,58,S03,P04,289.0,0.0,289.0,261.0,1,0,0,,1.0,230,82,148,66470.0,27774.5,38695.5
2025-05-12,FY25-26,59,S03,P04,289.0,0.0,289.0,261.0,1,0,0,,1.0,233,86,147,67337.0,28348.5,38988.5
2025-05-19,FY25-26,60,S03,P04,289.0,0.0,289.0,261.0,1,0,0,,1.0,250,92,158,72250.0,30397.0,41853.0
2025-05-26,FY25-26,61,S03,P04,289.0,0.0,289.0,261.0,1,0,0,,1.0,225,84,141,65025.0,27444.0,37581.0
2025-06-02,FY25-26,62,S03,P04,259.0,0.0,259.0,261.0,0,0,0,,0.96,197,91,106,51023.0,24607.25,26415.75
2025-06-09,FY25-26,63,S03,P04,259.0,0.1,233.1,262.0,0,1,0,,0.96,243,100,143,56643.3,28912.5,27730.8
2025-06-16,FY25-26,64,S03,P04,259.0,0.0,259.0,262.0,0,0,0,,0.96,208,94,114,53872.0,25846.5,28025.5
2025-06-23,FY25-26,65,S03,P04,259.0,0.0,259.0,262.0,0,0,0,,0.96,217,93,124,56203.0,26636.75,29566.25
2025-06-30,FY25-26,66,S03,P04,259.0,0.0,259.0,262.0,0,0,0,,0.96,204,92,112,52836.0,25337.0,27499.0
2025-07-07,FY25-26,67,S03,P04,259.0,0.0,259.0,263.0,0,0,0,,0.96,224,93,131,58016.0,27301.75,30714.25
2025-07-14,FY25-26,68,S03,P04,259.0,0.0,259.0,263.0,0,0,0,,0.96,188,85,103,48692.0,23363.75,25328.25
2025-07-21,FY25-26,69,S03,P04,259.0,0.0,259.0,263.0,0,0,0,,0.96,206,100,106,53354.0,26045.0,27309.0
2025-07-28,FY25-26,70,S03,P04,259.0,0.15,220.15,263.0,0,1,0,,0.96,259,110,149,57018.85,30659.12,26359.73
2025-08-04,FY25-26,71,S03,P04,259.0,0.0,259.0,264.0,0,0,0,,0.96,207,104,103,53613.0,26399.0,27214.0
2025-08-11,FY25-26,72,S03,P04,259.0,0.0,259.0,264.0,0,0,0,,0.96,239,104,135,61901.0,29439.0,32462.0
2025-08-18,FY25-26,73,S03,P04,259.0,0.0,259.0,264.0,0,0,0,,0.96,224,89,135,58016.0,27042.75,30973.25
2025-08-25,FY25-26,74,S03,P04,259.0,0.0,259.0,264.0,0,0,1,Ganesh Chaturthi,0.96,210,96,114,54390.0,26166.0,28224.0
2025-09-01,FY25-26,75,S03,P04,259.0,0.0,259.0,265.0,0,0,1,Ganesh Chaturthi,0.96,200,86,114,51800.0,24568.5,27231.5
2025-09-08,FY25-26,76,S03,P04,259.0,0.0,259.0,265.0,0,0,0,,0.96,218,101,117,56462.0,27249.75,29212.25
2025-09-15,FY25-26,77,S03,P04,259.0,0.2,207.2,265.0,0,1,0,,0.96,218,96,122,45169.6,25682.8,19486.8
2025-09-22,FY25-26,78,S03,P04,259.0,0.0,259.0,265.0,0,0,1,Navratri,0.96,250,110,140,64750.0,30872.5,33877.5
2025-09-29,FY25-26,79,S03,P04,259.0,0.0,259.0,266.0,0,0,1,Navratri,1.0,223,90,133,57757.0,27012.5,30744.5
2025-10-06,FY25-26,80,S03,P04,259.0,0.1,233.1,266.0,0,1,0,,1.0,282,100,182,65734.2,32617.5,33116.7
2025-10-13,FY25-26,81,S03,P04,259.0,0.0,259.0,226.0,0,0,1,Diwali,1.0,244,81,163,63196.0,28424.75,34771.25
2025-10-20,FY25-26,82,S03,P04,259.0,0.0,259.0,266.0,0,0,1,Diwali,1.0,238,78,160,61642.0,27660.5,33981.5
2025-10-27,FY25-26,83,S03,P04,259.0,0.0,259.0,267.0,0,0,0,,1.0,245,67,178,63455.0,27613.25,35841.75
2025-11-03,FY25-26,84,S03,P04,259.0,0.0,259.0,267.0,0,0,0,,1.0,252,88,164,65268.0,29638.0,35630.0
2025-11-10,FY25-26,85,S03,P04,259.0,0.0,259.0,227.0,0,0,0,,1.0,228,75,153,59052.0,26516.25,32535.75
2025-11-17,FY25-26,86,S03,P04,259.0,0.2,207.2,227.0,0,1,0,,1.0,280,100,180,58016.0,31780.0,26236.0
2025-11-24,FY25-26,87,S03,P04,259.0,0.0,259.0,268.0,0,0,0,,1.0,223,78,145,57757.0,26235.5,31521.5
2025-12-01,FY25-26,88,S03,P04,259.0,0.0,259.0,268.0,0,0,0,,1.0,245,69,176,63455.0,27742.75,35712.25
2025-12-08,FY25-26,89,S03,P04,259.0,0.0,259.0,268.0,0,0,0,,1.0,229,88,141,59311.0,27453.0,31858.0
2025-12-15,FY25-26,90,S03,P04,259.0,0.0,259.0,268.0,0,0,0,,1.0,235,71,164,60865.0,26922.25,33942.75
2025-12-22,FY25-26,91,S03,P04,259.0,0.0,259.0,269.0,0,0,1,Year End,1.1,269,95,174,69671.0,31706.25,37964.75
2025-12-29,FY25-26,92,S03,P04,269.0,0.0,269.0,269.0,1,0,1,Year End,1.1,226,73,153,60794.0,26379.25,34414.75
2026-01-05,FY25-26,93,S03,P04,269.0,0.0,269.0,269.0,1,0,0,,1.0,198,70,128,53262.0,23517.5,29744.5
2026-01-12,FY25-26,94,S03,P04,269.0,0.0,269.0,269.0,1,0,0,,1.0,200,78,122,53800.0,24245.5,29554.5
2026-01-19,FY25-26,95,S03,P04,269.0,0.0,269.0,270.0,1,0,0,,1.0,208,63,145,55952.0,23996.75,31955.25
2026-01-26,FY25-26,96,S03,P04,259.0,0.0,259.0,270.0,0,0,0,,1.0,257,96,161,66563.0,30631.0,35932.0
2026-02-02,FY25-26,97,S03,P04,259.0,0.0,259.0,270.0,0,0,0,,1.0,208,74,134,53872.0,24551.5,29320.5
2026-02-09,FY25-26,98,S03,P04,259.0,0.0,259.0,270.0,0,0,0,,1.0,225,85,140,58275.0,26878.75,31396.25
2026-02-16,FY25-26,99,S03,P04,259.0,0.0,259.0,271.0,0,0,0,,1.0,242,87,155,62678.0,28623.25,34054.75
2026-02-23,FY25-26,100,S03,P04,259.0,0.0,259.0,230.0,0,0,0,,1.0,248,85,163,64232.0,29063.75,35168.25
2026-03-02,FY25-26,101,S03,P04,259.0,0.0,259.0,231.0,0,0,0,,1.0,213,81,132,55167.0,25479.75,29687.25
2026-03-09,FY25-26,102,S03,P04,259.0,0.0,259.0,271.0,0,0,0,,1.0,201,75,126,52059.0,23951.25,28107.75
2026-03-16,FY25-26,103,S03,P04,259.0,0.0,259.0,272.0,0,0,0,,1.0,215,71,144,55685.0,25022.25,30662.75
2026-03-23,FY25-26,104,S03,P04,259.0,0.0,259.0,272.0,0,0,0,,1.0,225,81,144,58275.0,26619.75,31655.25
2024-04-01,FY24-25,1,S03,P05,89.0,0.0,89.0,94.0,0,0,0,,1.0,350,122,228,31150.0,12514.5,18635.5
2024-04-08,FY24-25,2,S03,P05,89.0,0.0,89.0,95.0,0,0,0,,1.0,358,112,246,31862.0,12516.0,19346.0
2024-04-15,FY24-25,3,S03,P05,89.0,0.0,89.0,95.0,0,0,0,,1.0,377,121,256,33553.0,13248.25,20304.75
2024-04-22,FY24-25,4,S03,P05,89.0,0.0,89.0,95.0,0,0,0,,1.0,320,110,210,28480.0,11407.5,17072.5
2024-04-29,FY24-25,5,S03,P05,89.0,0.0,89.0,95.0,0,0,0,,1.0,372,129,243,33108.0,13286.25,19821.75
2024-05-06,FY24-25,6,S03,P05,89.0,0.0,89.0,95.0,0,0,0,,1.0,351,122,229,31239.0,12542.5,18696.5
2024-05-13,FY24-25,7,S03,P05,89.0,0.0,89.0,95.0,0,0,0,,1.0,400,152,248,35600.0,14582.0,21018.0
2024-05-20,FY24-25,8,S03,P05,89.0,0.0,89.0,95.0,0,0,0,,1.0,413,132,281,36757.0,14501.0,22256.0
2024-05-27,FY24-25,9,S03,P05,89.0,0.0,89.0,95.0,0,0,0,,1.0,372,126,246,33108.0,13219.5,19888.5
2024-06-03,FY24-25,10,S03,P05,89.0,0.0,89.0,95.0,0,0,0,,1.056,405,178,227,36045.0,15300.5,20744.5
2024-06-10,FY24-25,11,S03,P05,89.0,0.0,89.0,95.0,0,0,0,,1.056,385,179,206,34265.0,14762.75,19502.25
2024-06-17,FY24-25,12,S03,P05,89.0,0.0,89.0,95.0,0,0,0,,1.056,419,178,241,37291.0,15692.5,21598.5
2024-06-24,FY24-25,13,S03,P05,99.0,0.0,99.0,95.0,1,0,0,,1.056,272,123,149,26928.0,10660.25,16267.75
2024-07-01,FY24-25,14,S03,P05,99.0,0.0,99.0,96.0,1,0,0,,1.056,364,170,194,36036.0,14399.5,21636.5
2024-07-08,FY24-25,15,S03,P05,99.0,0.0,99.0,96.0,1,0,0,,1.056,365,166,199,36135.0,14328.5,21806.5
2024-07-15,FY24-25,16,S03,P05,99.0,0.0,99.0,96.0,1,0,0,,1.056,370,160,210,36630.0,14320.0,22310.0
2024-07-22,FY24-25,17,S03,P05,89.0,0.0,89.0,96.0,0,0,0,,1.056,367,162,205,32663.0,13880.5,18782.5
2024-07-29,FY24-25,18,S03,P05,89.0,0.0,89.0,96.0,0,0,0,,1.056,361,148,213,32129.0,13401.0,18728.0
2024-08-05,FY24-25,19,S03,P05,89.0,0.0,89.0,82.0,0,0,0,,1.056,371,164,207,33019.0,14037.0,18982.0
2024-08-12,FY24-25,20,S03,P05,89.0,0.0,89.0,96.0,0,0,0,,1.056,409,175,234,36401.0,15345.75,21055.25
2024-08-19,FY24-25,21,S03,P05,89.0,0.0,89.0,96.0,0,0,0,,1.056,404,200,204,35956.0,15762.0,20194.0
2024-08-26,FY24-25,22,S03,P05,89.0,0.0,89.0,96.0,0,0,0,,1.056,380,173,207,33820.0,14489.25,19330.75
2024-09-02,FY24-25,23,S03,P05,89.0,0.0,89.0,96.0,0,0,1,Ganesh Chaturthi,1.056,400,195,205,35600.0,15538.75,20061.25
2024-09-09,FY24-25,24,S03,P05,89.0,0.0,89.0,96.0,0,0,1,Ganesh Chaturthi,1.056,374,189,185,33286.0,14677.25,18608.75
2024-09-16,FY24-25,25,S03,P05,89.0,0.0,89.0,97.0,0,0,1,Ganesh Chaturthi,1.056,431,201,230,38359.0,16540.25,21818.75
2024-09-23,FY24-25,26,S03,P05,89.0,0.0,89.0,97.0,0,0,0,,1.056,368,170,198,32752.0,14086.5,18665.5
2024-09-30,FY24-25,27,S03,P05,89.0,0.0,89.0,97.0,0,0,1,Navratri,1.0,402,146,256,35778.0,14504.5,21273.5
2024-10-07,FY24-25,28,S03,P05,89.0,0.0,89.0,97.0,0,0,1,Navratri,1.0,380,141,239,33820.0,13777.25,20042.75
2024-10-14,FY24-25,29,S03,P05,89.0,0.0,89.0,82.0,0,0,0,,1.0,363,139,224,32307.0,13256.75,19050.25
2024-10-21,FY24-25,30,S03,P05,89.0,0.0,89.0,97.0,0,0,0,,1.0,328,109,219,29192.0,11609.25,17582.75
2024-10-28,FY24-25,31,S03,P05,89.0,0.0,89.0,97.0,0,0,1,Diwali,1.0,425,157,268,37825.0,15393.25,22431.75
2024-11-04,FY24-25,32,S03,P05,89.0,0.0,89.0,97.0,0,0,0,,1.0,359,117,242,31951.0,12655.25,19295.75
2024-11-11,FY24-25,33,S03,P05,89.0,0.0,89.0,97.0,0,0,0,,1.0,366,132,234,32574.0,13185.0,19389.0
2024-11-18,FY24-25,34,S03,P05,89.0,0.0,89.0,97.0,0,0,0,,1.0,446,176,270,39694.0,16404.0,23290.0
2024-11-25,FY24-25,35,S03,P05,89.0,0.0,89.0,97.0,0,0,0,,1.0,345,120,225,30705.0,12330.0,18375.0
2024-12-02,FY24-25,36,S03,P05,89.0,0.0,89.0,98.0,0,0,0,,1.0,368,120,248,32752.0,12974.0,19778.0
2024-12-09,FY24-25,37,S03,P05,89.0,0.0,89.0,98.0,0,0,0,,1.0,413,140,273,36757.0,14679.0,22078.0
2024-12-16,FY24-25,38,S03,P05,89.0,0.0,89.0,98.0,0,0,1,Year End,1.1,445,151,294,39605.0,15819.75,23785.25
2024-12-23,FY24-25,39,S03,P05,89.0,0.0,89.0,83.0,0,0,1,Year End,1.1,438,148,290,38982.0,15557.0,23425.0
2024-12-30,FY24-25,40,S03,P05,89.0,0.0,89.0,98.0,0,0,1,Year End,1.1,422,143,279,37558.0,14997.75,22560.25
2025-01-06,FY24-25,41,S03,P05,89.0,0.1,80.1,98.0,0,1,0,,1.0,413,138,275,33081.3,14327.45,18753.85
2025-01-13,FY24-25,42,S03,P05,89.0,0.0,89.0,98.0,0,0,0,,1.0,345,120,225,30705.0,12330.0,18375.0
2025-01-20,FY24-25,43,S03,P05,89.0,0.0,89.0,98.0,0,0,0,,1.0,382,135,247,33998.0,13699.75,20298.25
2025-01-27,FY24-25,44,S03,P05,89.0,0.0,89.0,98.0,0,0,0,,1.0,393,130,263,34977.0,13896.5,21080.5
2025-02-03,FY24-25,45,S03,P05,89.0,0.15,75.65,98.0,0,1,0,,1.0,492,187,305,37219.8,17312.64,19907.16
2025-02-10,FY24-25,46,S03,P05,89.0,0.0,89.0,98.0,0,0,0,,1.0,357,120,237,31773.0,12666.0,19107.0
2025-02-17,FY24-25,47,S03,P05,89.0,0.0,89.0,99.0,0,0,0,,1.0,405,156,249,36045.0,14811.0,21234.0
2025-02-24,FY24-25,48,S03,P05,89.0,0.0,89.0,99.0,0,0,0,,1.0,374,119,255,33286.0,13119.75,20166.25
2025-03-03,FY24-25,49,S03,P05,89.0,0.0,89.0,99.0,0,0,0,,1.0,493,166,327,43877.0,17497.5,26379.5
2025-03-10,FY24-25,50,S03,P05,89.0,0.0,89.0,99.0,1,0,0,,1.0,401,135,266,35689.0,14231.75,21457.25
2025-03-17,FY24-25,51,S03,P05,89.0,0.0,89.0,99.0,1,0,0,,1.0,345,120,225,30705.0,12330.0,18375.0
2025-03-24,FY24-25,52,S03,P05,89.0,0.0,89.0,99.0,1,0,0,,1.0,335,136,199,29815.0,12406.0,17409.0
2025-03-31,FY24-25,53,S03,P05,99.0,0.0,99.0,99.0,1,0,0,,1.0,346,118,228,34254.0,12608.5,21645.5
2025-04-07,FY25-26,54,S03,P05,99.0,0.0,99.0,99.0,0,0,0,,1.0,416,138,278,41184.0,15063.5,26120.5
2025-04-14,FY25-26,55,S03,P05,99.0,0.0,99.0,99.0,0,0,0,,1.0,343,137,206,33957.0,12994.75,20962.25
2025-04-21,FY25-26,56,S03,P05,99.0,0.0,99.0,99.0,0,0,0,,1.0,337,103,234,33363.0,11985.25,21377.75
2025-04-28,FY25-26,57,S03,P05,99.0,0.0,99.0,85.0,0,0,0,,1.0,325,114,211,32175.0,11921.5,20253.5
2025-05-05,FY25-26,58,S03,P05,99.0,0.2,79.2,100.0,0,1,0,,1.0,470,157,313,37224.0,16268.6,20955.4
2025-05-12,FY25-26,59,S03,P05,99.0,0.0,99.0,100.0,0,0,0,,1.0,351,112,239,34749.0,12600.0,22149.0
2025-05-19,FY25-26,60,S03,P05,99.0,0.0,99.0,100.0,0,0,0,,1.0,369,122,247,36531.0,13351.5,23179.5
2025-05-26,FY25-26,61,S03,P05,99.0,0.0,99.0,100.0,0,0,0,,1.0,305,94,211,30195.0,10866.5,19328.5
2025-06-02,FY25-26,62,S03,P05,99.0,0.0,99.0,100.0,0,0,0,,1.056,367,170,197,36333.0,14483.5,21849.5
2025-06-09,FY25-26,63,S03,P05,99.0,0.1,89.1,100.0,0,1,0,,1.056,446,208,238,39738.6,17121.2,22617.4
2025-06-16,FY25-26,64,S03,P05,99.0,0.0,99.0,100.0,0,0,0,,1.056,349,142,207,34551.0,13286.5,21264.5
2025-06-23,FY25-26,65,S03,P05,99.0,0.0,99.0,100.0,0,0,0,,1.056,363,155,208,35937.0,14000.25,21936.75
2025-06-30,FY25-26,66,S03,P05,99.0,0.0,99.0,100.0,0,0,0,,1.056,370,153,217,36630.0,14146.75,22483.25
2025-07-07,FY25-26,67,S03,P05,99.0,0.0,99.0,100.0,0,0,0,,1.056,361,167,194,35739.0,14241.25,21497.75
2025-07-14,FY25-26,68,S03,P05,99.0,0.0,99.0,101.0,0,0,0,,1.056,354,157,197,35046.0,13797.75,21248.25
2025-07-21,FY25-26,69,S03,P05,99.0,0.0,99.0,101.0,0,0,0,,1.056,305,148,157,30195.0,12203.0,17992.0
2025-07-28,FY25-26,70,S03,P05,99.0,0.15,84.15,101.0,0,1,0,,1.056,405,166,239,34080.75,14832.22,19248.53
2025-08-04,FY25-26,71,S03,P05,99.0,0.0,99.0,101.0,0,0,0,,1.056,423,194,229,41877.0,16645.5,25231.5
2025-08-11,FY25-26,72,S03,P05,99.0,0.0,99.0,101.0,0,0,0,,1.056,319,140,179,31581.0,12397.0,19184.0
2025-08-18,FY25-26,73,S03,P05,99.0,0.0,99.0,101.0,0,0,0,,1.056,347,169,178,34353.0,13898.75,20454.25
2025-08-25,FY25-26,74,S03,P05,99.0,0.0,99.0,101.0,0,0,1,Ganesh Chaturthi,1.056,397,170,227,39303.0,15323.5,23979.5
2025-09-01,FY25-26,75,S03,P05,99.0,0.0,99.0,101.0,0,0,1,Ganesh Chaturthi,1.056,346,160,186,34254.0,13648.0,20606.0
2025-09-08,FY25-26,76,S03,P05,99.0,0.0,99.0,101.0,0,0,0,,1.056,339,155,184,33561.0,13328.25,20232.75
2025-09-15,FY25-26,77,S03,P05,99.0,0.0,99.0,101.0,0,0,0,,1.056,371,159,212,36729.0,14323.25,22405.75
2025-09-22,FY25-26,78,S03,P05,99.0,0.0,99.0,101.0,0,0,1,Navratri,1.056,360,146,214,35640.0,13693.5,21946.5
2025-09-29,FY25-26,79,S03,P05,99.0,0.0,99.0,102.0,0,0,1,Navratri,1.0,341,119,222,33759.0,12493.25,21265.75
2025-10-06,FY25-26,80,S03,P05,99.0,0.0,99.0,102.0,0,0,0,,1.0,364,140,224,36036.0,13657.0,22379.0
2025-10-13,FY25-26,81,S03,P05,99.0,0.0,99.0,102.0,0,0,1,Diwali,1.0,338,120,218,33462.0,12434.0,21028.0
2025-10-20,FY25-26,82,S03,P05,99.0,0.0,99.0,102.0,0,0,1,Diwali,1.0,300,103,197,29700.0,10949.25,18750.75
2025-10-27,FY25-26,83,S03,P05,99.0,0.0,99.0,102.0,0,0,0,,1.0,394,138,256,39006.0,14447.5,24558.5
2025-11-03,FY25-26,84,S03,P05,99.0,0.0,99.0,102.0,0,0,0,,1.0,347,113,234,34353.0,12512.75,21840.25
2025-11-10,FY25-26,85,S03,P05,99.0,0.1,89.1,102.0,0,1,0,,1.0,425,128,297,37867.5,14751.2,23116.3
2025-11-17,FY25-26,86,S03,P05,99.0,0.0,99.0,102.0,0,0,0,,1.0,415,157,258,41085.0,15505.75,25579.25
2025-11-24,FY25-26,87,S03,P05,99.0,0.0,99.0,102.0,0,0,0,,1.0,380,145,235,37620.0,14228.75,23391.25
2025-12-01,FY25-26,88,S03,P05,99.0,0.0,99.0,102.0,0,0,0,,1.0,376,139,237,37224.0,13968.25,23255.75
2025-12-08,FY25-26,89,S03,P05,99.0,0.0,99.0,103.0,0,0,0,,1.0,367,134,233,36333.0,13592.5,22740.5
2025-12-15,FY25-26,90,S03,P05,99.0,0.0,99.0,87.0,0,0,0,,1.0,419,140,279,41481.0,15197.0,26284.0
2025-12-22,FY25-26,91,S03,P05,99.0,0.1,89.1,103.0,0,1,1,Year End,1.1,425,134,291,37867.5,14884.85,22982.65
2025-12-29,FY25-26,92,S03,P05,99.0,0.0,99.0,87.0,0,0,1,Year End,1.1,345,133,212,34155.0,12951.75,21203.25
2026-01-05,FY25-26,93,S03,P05,99.0,0.15,84.15,103.0,0,1,0,,1.0,498,179,319,41906.7,17709.71,24196.99
2026-01-12,FY25-26,94,S03,P05,99.0,0.0,99.0,103.0,0,0,0,,1.0,342,116,226,33858.0,12447.0,21411.0
2026-01-19,FY25-26,95,S03,P05,99.0,0.0,99.0,103.0,0,0,0,,1.0,316,128,188,31284.0,12016.0,19268.0
2026-01-26,FY25-26,96,S03,P05,99.0,0.0,99.0,103.0,0,0,0,,1.0,341,143,198,33759.0,13087.25,20671.75
2026-02-02,FY25-26,97,S03,P05,99.0,0.0,99.0,103.0,0,0,0,,1.0,330,106,224,32670.0,11863.5,20806.5
2026-02-09,FY25-26,98,S03,P05,99.0,0.0,99.0,103.0,0,0,0,,1.0,379,129,250,37521.0,13804.75,23716.25
2026-02-16,FY25-26,99,S03,P05,99.0,0.0,99.0,104.0,0,0,0,,1.0,350,138,212,34650.0,13215.5,21434.5
2026-02-23,FY25-26,100,S03,P05,99.0,0.0,99.0,104.0,0,0,0,,1.0,327,121,206,32373.0,12150.75,20222.25
2026-03-02,FY25-26,101,S03,P05,99.0,0.0,99.0,104.0,0,0,0,,1.0,359,123,236,35541.0,13096.25,22444.75
2026-03-09,FY25-26,102,S03,P05,99.0,0.0,99.0,104.0,0,0,0,,1.0,335,123,212,33165.0,12424.25,20740.75
2026-03-16,FY25-26,103,S03,P05,99.0,0.0,99.0,104.0,0,0,0,,1.0,333,127,206,32967.0,12467.25,20499.75
2026-03-23,FY25-26,104,S03,P05,99.0,0.0,99.0,104.0,0,0,0,,1.0,335,122,213,33165.0,12399.5,20765.5
2024-04-01,FY24-25,1,S03,P06,119.0,0.0,119.0,123.0,0,0,0,,1.2,301,117,184,35819.0,14015.75,21803.25
2024-04-08,FY24-25,2,S03,P06,119.0,0.2,95.2,123.0,0,1,0,,1.2,401,129,272,38175.2,17105.2,21070.0
2024-04-15,FY24-25,3,S03,P06,119.0,0.0,119.0,123.0,0,0,0,,1.2,306,111,195,36414.0,14012.25,22401.75
2024-04-22,FY24-25,4,S03,P06,119.0,0.0,119.0,104.0,0,0,0,,1.2,275,96,179,32725.0,12481.0,20244.0
2024-04-29,FY24-25,5,S03,P06,119.0,0.0,119.0,123.0,0,0,0,,1.2,365,120,245,43435.0,16345.0,27090.0
2024-05-06,FY24-25,6,S03,P06,119.0,0.0,119.0,123.0,0,0,0,,1.2,340,111,229,40460.0,15202.25,25257.75
2024-05-13,FY24-25,7,S03,P06,119.0,0.0,119.0,123.0,0,0,0,,1.2,266,97,169,31654.0,12195.75,19458.25
2024-05-20,FY24-25,8,S03,P06,119.0,0.0,119.0,123.0,0,0,0,,1.2,313,95,218,37247.0,13781.25,23465.75
2024-05-27,FY24-25,9,S03,P06,119.0,0.0,119.0,123.0,0,0,0,,1.2,325,96,229,38675.0,14231.0,24444.0
2024-06-03,FY24-25,10,S03,P06,119.0,0.0,119.0,124.0,0,0,0,,0.96,247,114,133,29393.0,12036.5,17356.5
2024-06-10,FY24-25,11,S03,P06,119.0,0.0,119.0,124.0,0,0,0,,0.96,225,105,120,26775.0,10998.75,15776.25
2024-06-17,FY24-25,12,S03,P06,119.0,0.2,95.2,124.0,0,1,0,,0.96,368,168,200,35033.6,16878.4,18155.2
2024-06-24,FY24-25,13,S03,P06,119.0,0.0,119.0,124.0,0,0,0,,0.96,274,134,140,32606.0,13576.5,19029.5
2024-07-01,FY24-25,14,S03,P06,119.0,0.0,119.0,124.0,0,0,0,,0.96,255,129,126,30345.0,12762.75,17582.25
2024-07-08,FY24-25,15,S03,P06,119.0,0.0,119.0,124.0,0,0,0,,0.96,284,127,157,33796.0,13718.25,20077.75
2024-07-15,FY24-25,16,S03,P06,119.0,0.0,119.0,124.0,0,0,0,,0.96,266,109,157,31654.0,12552.75,19101.25
2024-07-22,FY24-25,17,S03,P06,119.0,0.0,119.0,124.0,0,0,0,,0.96,285,133,152,33915.0,13931.75,19983.25
2024-07-29,FY24-25,18,S03,P06,119.0,0.2,95.2,125.0,0,1,0,,0.96,352,144,208,33510.4,15747.2,17763.2
2024-08-05,FY24-25,19,S03,P06,119.0,0.0,119.0,125.0,0,0,0,,0.96,268,110,158,31892.0,12652.5,19239.5
2024-08-12,FY24-25,20,S03,P06,119.0,0.0,119.0,125.0,0,0,0,,0.96,259,107,152,30821.0,12248.25,18572.75
2024-08-19,FY24-25,21,S03,P06,119.0,0.2,95.2,125.0,0,1,0,,0.96,375,159,216,35700.0,16909.2,18790.8
2024-08-26,FY24-25,22,S03,P06,119.0,0.0,119.0,125.0,0,0,0,,0.96,272,125,147,32368.0,13238.75,19129.25
2024-09-02,FY24-25,23,S03,P06,119.0,0.0,119.0,125.0,0,0,1,Ganesh Chaturthi,0.96,256,109,147,30464.0,12202.75,18261.25
2024-09-09,FY24-25,24,S03,P06,119.0,0.1,107.1,125.0,0,1,1,Ganesh Chaturthi,0.96,273,131,142,29238.3,13062.52,16175.78
2024-09-16,FY24-25,25,S03,P06,119.0,0.0,119.0,125.0,0,0,1,Ganesh Chaturthi,0.96,279,122,157,33201.0,13394.5,19806.5
2024-09-23,FY24-25,26,S03,P06,119.0,0.0,119.0,125.0,0,0,0,,0.96,271,107,164,32249.0,12668.25,19580.75
2024-09-30,FY24-25,27,S03,P06,119.0,0.0,119.0,126.0,0,0,1,Navratri,1.0,255,92,163,30345.0,11662.0,18683.0
2024-10-07,FY24-25,28,S03,P06,119.0,0.1,107.1,126.0,0,1,1,Navratri,1.0,302,107,195,32344.2,13434.92,18909.28
2024-10-14,FY24-25,29,S03,P06,119.0,0.0,119.0,126.0,0,0,0,,1.0,301,107,194,35819.0,13718.25,22100.75
2024-10-21,FY24-25,30,S03,P06,119.0,0.0,119.0,126.0,0,0,0,,1.0,255,79,176,30345.0,11275.25,19069.75
2024-10-28,FY24-25,31,S03,P06,119.0,0.0,119.0,126.0,0,0,1,Diwali,1.0,274,91,183,32606.0,12297.25,20308.75
2024-11-04,FY24-25,32,S03,P06,119.0,0.0,119.0,126.0,0,0,0,,1.0,343,116,227,40817.0,15456.0,25361.0
2024-11-11,FY24-25,33,S03,P06,119.0,0.0,119.0,126.0,0,0,0,,1.0,296,90,206,35224.0,13037.5,22186.5
2024-11-18,FY24-25,34,S03,P06,129.0,0.0,129.0,126.0,1,0,0,,1.0,231,77,154,29799.0,10568.25,19230.75
2024-11-25,FY24-25,35,S03,P06,129.0,0.0,129.0,108.0,1,0,0,,1.0,261,101,160,33669.0,12392.25,21276.75
2024-12-02,FY24-25,36,S03,P06,129.0,0.0,129.0,108.0,1,0,0,,1.0,243,92,151,31347.0,11472.0,19875.0
2024-12-09,FY24-25,37,S03,P06,129.0,0.0,129.0,127.0,1,0,0,,1.0,288,91,197,37152.0,13014.75,24137.25
2024-12-16,FY24-25,38,S03,P06,119.0,0.0,119.0,127.0,0,0,1,Year End,1.1,274,100,174,32606.0,12565.0,20041.0
2024-12-23,FY24-25,39,S03,P06,119.0,0.15,101.15,108.0,0,1,1,Year End,1.1,366,132,234,37020.9,16147.95,20872.95
2024-12-30,FY24-25,40,S03,P06,119.0,0.0,119.0,127.0,0,0,1,Year End,1.1,298,107,191,35462.0,13613.25,21848.75
2025-01-06,FY24-25,41,S03,P06,119.0,0.0,119.0,108.0,0,0,0,,1.0,238,82,156,28322.0,10769.5,17552.5
2025-01-13,FY24-25,42,S03,P06,119.0,0.0,119.0,127.0,0,0,0,,1.0,285,105,180,33915.0,13098.75,20816.25
2025-01-20,FY24-25,43,S03,P06,119.0,0.0,119.0,108.0,0,0,0,,1.0,274,94,180,32606.0,12386.5,20219.5
2025-01-27,FY24-25,44,S03,P06,119.0,0.0,119.0,128.0,0,0,0,,1.0,252,88,164,29988.0,11438.0,18550.0
2025-02-03,FY24-25,45,S03,P06,119.0,0.0,119.0,128.0,0,0,0,,1.0,239,95,144,28441.0,11191.25,17249.75
2025-02-10,FY24-25,46,S03,P06,119.0,0.0,119.0,128.0,0,0,0,,1.0,283,95,188,33677.0,12731.25,20945.75
2025-02-17,FY24-25,47,S03,P06,119.0,0.0,119.0,128.0,0,0,0,,1.0,290,104,186,34510.0,13244.0,21266.0
2025-02-24,FY24-25,48,S03,P06,119.0,0.0,119.0,128.0,0,0,0,,1.0,240,88,152,28560.0,11018.0,17542.0
2025-03-03,FY24-25,49,S03,P06,119.0,0.0,119.0,128.0,0,0,0,,1.0,273,87,186,32487.0,12143.25,20343.75
2025-03-10,FY24-25,50,S03,P06,119.0,0.0,119.0,109.0,0,0,0,,1.0,277,80,197,32963.0,12075.0,20888.0
2025-03-17,FY24-25,51,S03,P06,119.0,0.0,119.0,128.0,0,0,0,,1.0,269,108,161,32011.0,12628.0,19383.0
2025-03-24,FY24-25,52,S03,P06,119.0,0.1,107.1,129.0,0,1,0,,1.0,282,94,188,30202.2,12386.85,17815.35
2025-03-31,FY24-25,53,S03,P06,129.0,0.0,129.0,129.0,0,0,0,,1.2,271,88,183,34959.0,12323.0,22636.0
2025-04-07,FY25-26,54,S03,P06,129.0,0.0,129.0,129.0,0,0,0,,1.2,322,111,211,41538.0,14849.75,26688.25
2025-04-14,FY25-26,55,S03,P06,119.0,0.0,119.0,129.0,1,0,0,,1.2,328,111,217,39032.0,14782.25,24249.75
2025-04-21,FY25-26,56,S03,P06,119.0,0.0,119.0,110.0,1,0,0,,1.2,287,104,183,34153.0,13139.0,21014.0
2025-04-28,FY25-26,57,S03,P06,119.0,0.0,119.0,129.0,1,0,0,,1.2,332,130,202,39508.0,15487.5,24020.5
2025-05-05,FY25-26,58,S03,P06,119.0,0.0,119.0,129.0,1,0,0,,1.2,325,107,218,38675.0,14558.25,24116.75
2025-05-12,FY25-26,59,S03,P06,129.0,0.15,109.65,110.0,0,1,0,,1.2,349,117,232,38267.85,15422.26,22845.59
2025-05-19,FY25-26,60,S03,P06,129.0,0.2,103.2,110.0,0,1,0,,1.2,343,114,229,35397.6,14946.2,20451.4
2025-05-26,FY25-26,61,S03,P06,129.0,0.0,129.0,130.0,0,0,0,,1.2,314,106,208,40506.0,14408.5,26097.5
2025-06-02,FY25-26,62,S03,P06,129.0,0.0,129.0,130.0,0,0,0,,0.96,245,104,141,31605.0,11929.0,19676.0
2025-06-09,FY25-26,63,S03,P06,129.0,0.0,129.0,130.0,0,0,0,,0.96,278,135,143,35862.0,14083.75,21778.25
2025-06-16,FY25-26,64,S03,P06,129.0,0.0,129.0,130.0,0,0,0,,0.96,250,128,122,32250.0,12878.0,19372.0
2025-06-23,FY25-26,65,S03,P06,129.0,0.0,129.0,130.0,0,0,0,,0.96,240,105,135,30960.0,11786.25,19173.75
2025-06-30,FY25-26,66,S03,P06,129.0,0.0,129.0,130.0,0,0,0,,0.96,260,117,143,33540.0,12873.25,20666.75
2025-07-07,FY25-26,67,S03,P06,129.0,0.0,129.0,130.0,0,0,0,,0.96,254,101,153,32766.0,12147.25,20618.75
2025-07-14,FY25-26,68,S03,P06,129.0,0.0,129.0,111.0,0,0,0,,0.96,242,101,141,31218.0,11727.25,19490.75
2025-07-21,FY25-26,69,S03,P06,129.0,0.0,129.0,131.0,0,0,0,,0.96,260,109,151,33540.0,12615.25,20924.75
2025-07-28,FY25-26,70,S03,P06,129.0,0.0,129.0,131.0,0,0,0,,0.96,242,113,129,31218.0,12114.25,19103.75
2025-08-04,FY25-26,71,S03,P06,129.0,0.0,129.0,131.0,0,0,0,,0.96,235,102,133,30315.0,11514.5,18800.5
2025-08-11,FY25-26,72,S03,P06,129.0,0.0,129.0,131.0,0,0,0,,0.96,257,113,144,33153.0,12639.25,20513.75
2025-08-18,FY25-26,73,S03,P06,129.0,0.0,129.0,131.0,0,0,0,,0.96,262,125,137,33798.0,13201.25,20596.75
2025-08-25,FY25-26,74,S03,P06,129.0,0.0,129.0,131.0,0,0,1,Ganesh Chaturthi,0.96,283,132,151,36507.0,14162.0,22345.0
2025-09-01,FY25-26,75,S03,P06,129.0,0.15,109.65,131.0,0,1,1,Ganesh Chaturthi,0.96,308,139,169,33772.2,14590.34,19181.86
2025-09-08,FY25-26,76,S03,P06,129.0,0.15,109.65,131.0,0,1,0,,0.96,310,135,175,33991.5,14550.69,19440.81
2025-09-15,FY25-26,77,S03,P06,129.0,0.0,129.0,132.0,0,0,0,,0.96,286,129,157,36894.0,14170.25,22723.75
2025-09-22,FY25-26,78,S03,P06,129.0,0.0,129.0,112.0,0,0,1,Navratri,0.96,246,106,140,31734.0,12028.5,19705.5
2025-09-29,FY25-26,79,S03,P06,129.0,0.0,129.0,132.0,0,0,1,Navratri,1.0,262,93,169,33798.0,12169.25,21628.75
2025-10-06,FY25-26,80,S03,P06,129.0,0.0,129.0,132.0,0,0,0,,1.0,292,108,184,37668.0,13703.0,23965.0
2025-10-13,FY25-26,81,S03,P06,129.0,0.0,129.0,132.0,0,0,1,Diwali,1.0,257,86,171,33153.0,11768.5,21384.5
2025-10-20,FY25-26,82,S03,P06,129.0,0.0,129.0,132.0,0,0,1,Diwali,1.0,245,86,159,31605.0,11348.5,20256.5
2025-10-27,FY25-26,83,S03,P06,129.0,0.0,129.0,132.0,0,0,0,,1.0,254,93,161,32766.0,11889.25,20876.75
2025-11-03,FY25-26,84,S03,P06,129.0,0.0,129.0,132.0,0,0,0,,1.0,311,110,201,40119.0,14432.5,25686.5
2025-11-10,FY25-26,85,S03,P06,129.0,0.0,129.0,133.0,0,0,0,,1.0,285,102,183,36765.0,13264.5,23500.5
2025-11-17,FY25-26,86,S03,P06,129.0,0.0,129.0,133.0,0,0,0,,1.0,295,105,190,38055.0,13711.25,24343.75
2025-11-24,FY25-26,87,S03,P06,129.0,0.0,129.0,133.0,0,0,0,,1.0,235,96,139,30315.0,11321.0,18994.0
2025-12-01,FY25-26,88,S03,P06,129.0,0.0,129.0,133.0,0,0,0,,1.0,276,110,166,35604.0,13207.5,22396.5
2025-12-08,FY25-26,89,S03,P06,129.0,0.0,129.0,133.0,0,0,0,,1.0,266,89,177,34314.0,12180.25,22133.75
2025-12-15,FY25-26,90,S03,P06,129.0,0.0,129.0,133.0,0,0,0,,1.0,237,79,158,30573.0,10842.75,19730.25
2025-12-22,FY25-26,91,S03,P06,129.0,0.0,129.0,133.0,0,0,1,Year End,1.1,264,83,181,34056.0,11916.75,22139.25
2025-12-29,FY25-26,92,S03,P06,129.0,0.0,129.0,113.0,0,0,1,Year End,1.1,270,94,176,34830.0,12481.5,22348.5
2026-01-05,FY25-26,93,S03,P06,129.0,0.2,103.2,134.0,0,1,0,,1.0,368,135,233,37977.6,16363.0,21614.6
2026-01-12,FY25-26,94,S03,P06,129.0,0.0,129.0,134.0,0,0,0,,1.0,308,109,199,39732.0,14295.25,25436.75
2026-01-19,FY25-26,95,S03,P06,129.0,0.0,129.0,134.0,0,0,0,,1.0,268,97,171,34572.0,12508.25,22063.75
2026-01-26,FY25-26,96,S03,P06,129.0,0.0,129.0,134.0,0,0,0,,1.0,292,112,180,37668.0,13832.0,23836.0
2026-02-02,FY25-26,97,S03,P06,129.0,0.0,129.0,134.0,0,0,0,,1.0,265,102,163,34185.0,12564.5,21620.5
2026-02-09,FY25-26,98,S03,P06,129.0,0.0,129.0,134.0,0,0,0,,1.0,254,81,173,32766.0,11502.25,21263.75
2026-02-16,FY25-26,99,S03,P06,129.0,0.0,129.0,134.0,0,0,0,,1.0,242,84,158,31218.0,11179.0,20039.0
2026-02-23,FY25-26,100,S03,P06,129.0,0.0,129.0,134.0,0,0,0,,1.0,289,102,187,37281.0,13404.5,23876.5
2026-03-02,FY25-26,101,S03,P06,129.0,0.0,129.0,135.0,0,0,0,,1.0,256,91,165,33024.0,11894.75,21129.25
2026-03-09,FY25-26,102,S03,P06,129.0,0.0,129.0,135.0,0,0,0,,1.0,272,100,172,35088.0,12745.0,22343.0
2026-03-16,FY25-26,103,S03,P06,129.0,0.0,129.0,135.0,0,0,0,,1.0,274,91,183,35346.0,12524.75,22821.25
2026-03-23,FY25-26,104,S03,P06,129.0,0.0,129.0,135.0,0,0,0,,1.0,290,105,185,37410.0,13536.25,23873.75
2024-04-01,FY24-25,1,S04,P01,189.0,0.0,189.0,177.0,0,0,0,,1.0,354,188,166,66906.0,33663.0,33243.0
2024-04-08,FY24-25,2,S04,P01,189.0,0.0,189.0,177.0,0,0,0,,1.0,340,172,168,64260.0,31927.0,32333.0
2024-04-15,FY24-25,3,S04,P01,189.0,0.0,189.0,151.0,0,0,0,,1.0,269,146,123,50841.0,25728.5,25112.5
2024-04-22,FY24-25,4,S04,P01,189.0,0.2,151.2,178.0,0,1,0,,1.0,451,251,200,68191.2,41057.8,27133.4
2024-04-29,FY24-25,5,S04,P01,189.0,0.15,160.65,178.0,0,1,0,,1.0,425,235,190,68276.25,39188.19,29088.06
2024-05-06,FY24-25,6,S04,P01,189.0,0.0,189.0,178.0,0,0,0,,1.0,338,174,164,63882.0,31881.5,32000.5
2024-05-13,FY24-25,7,S04,P01,189.0,0.0,189.0,178.0,0,0,0,,1.0,330,193,137,62370.0,32219.25,30150.75
2024-05-20,FY24-25,8,S04,P01,189.0,0.0,189.0,178.0,0,0,0,,1.0,402,230,172,75978.0,39007.5,36970.5
2024-05-27,FY24-25,9,S04,P01,189.0,0.0,189.0,178.0,0,0,0,,1.0,342,190,152,64638.0,32917.5,31720.5
2024-06-03,FY24-25,10,S04,P01,189.0,0.0,189.0,179.0,0,0,0,,0.96,331,218,113,62559.0,33470.5,29088.5
2024-06-10,FY24-25,11,S04,P01,189.0,0.0,189.0,179.0,0,0,0,,0.96,338,211,127,63882.0,33629.75,30252.25
2024-06-17,FY24-25,12,S04,P01,189.0,0.0,189.0,152.0,0,0,0,,0.96,336,212,124,63504.0,33537.0,29967.0
2024-06-24,FY24-25,13,S04,P01,189.0,0.0,189.0,179.0,0,0,0,,0.96,310,213,97,58590.0,31764.25,26825.75
2024-07-01,FY24-25,14,S04,P01,189.0,0.0,189.0,179.0,0,0,0,,0.96,319,211,108,60291.0,32299.75,27991.25
2024-07-08,FY24-25,15,S04,P01,189.0,0.0,189.0,179.0,0,0,0,,0.96,330,229,101,62370.0,33920.25,28449.75
2024-07-15,FY24-25,16,S04,P01,189.0,0.0,189.0,180.0,0,0,0,,0.96,333,217,116,62937.0,33563.25,29373.75
2024-07-22,FY24-25,17,S04,P01,189.0,0.0,189.0,180.0,0,0,0,,0.96,351,230,121,66339.0,35437.5,30901.5
2024-07-29,FY24-25,18,S04,P01,189.0,0.0,189.0,180.0,0,0,0,,0.96,385,252,133,72765.0,38857.0,33908.0
2024-08-05,FY24-25,19,S04,P01,189.0,0.1,170.1,180.0,0,1,0,,0.96,404,265,139,68720.4,39549.12,29171.28
2024-08-12,FY24-25,20,S04,P01,189.0,0.0,189.0,180.0,0,0,0,,0.96,298,207,91,56322.0,30640.75,25681.25
2024-08-19,FY24-25,21,S04,P01,189.0,0.0,189.0,180.0,0,0,0,,0.96,326,207,119,61614.0,32600.75,29013.25
2024-08-26,FY24-25,22,S04,P01,189.0,0.0,189.0,181.0,0,0,0,,0.96,321,217,104,60669.0,32723.25,27945.75
2024-09-02,FY24-25,23,S04,P01,169.0,0.0,169.0,181.0,1,0,1,Ganesh Chaturthi,1.075,472,309,163,79768.0,46095.25,33672.75
2024-09-09,FY24-25,24,S04,P01,169.0,0.0,169.0,181.0,1,0,1,Ganesh Chaturthi,1.075,460,282,178,77740.0,44114.5,33625.5
2024-09-16,FY24-25,25,S04,P01,169.0,0.0,169.0,181.0,1,0,1,Ganesh Chaturthi,1.075,404,275,129,68276.0,39898.75,28377.25
2024-09-23,FY24-25,26,S04,P01,169.0,0.0,169.0,181.0,1,0,0,,0.96,383,255,128,64727.0,37583.75,27143.25
2024-09-30,FY24-25,27,S04,P01,189.0,0.0,189.0,181.0,0,0,1,Navratri,1.12,381,216,165,72009.0,36876.0,35133.0
2024-10-07,FY24-25,28,S04,P01,189.0,0.0,189.0,182.0,0,0,1,Navratri,1.12,418,232,186,79002.0,40222.0,38780.0
2024-10-14,FY24-25,29,S04,P01,189.0,0.0,189.0,182.0,0,0,0,,1.0,339,176,163,64071.0,32046.0,32025.0
2024-10-21,FY24-25,30,S04,P01,189.0,0.0,189.0,182.0,0,0,0,,1.0,343,197,146,64827.0,33318.25,31508.75
2024-10-28,FY24-25,31,S04,P01,189.0,0.0,189.0,182.0,0,0,1,Diwali,1.12,352,192,160,66528.0,33712.0,32816.0
2024-11-04,FY24-25,32,S04,P01,189.0,0.0,189.0,182.0,0,0,0,,1.0,373,231,142,70497.0,37024.75,33472.25
2024-11-11,FY24-25,33,S04,P01,189.0,0.0,189.0,182.0,0,0,0,,1.0,313,184,129,59157.0,30604.0,28553.0
2024-11-18,FY24-25,34,S04,P01,169.0,0.0,169.0,183.0,1,0,0,,1.0,377,197,180,63713.0,34713.25,28999.75
2024-11-25,FY24-25,35,S04,P01,169.0,0.0,169.0,183.0,1,0,0,,1.0,367,193,174,62023.0,33844.25,28178.75
2024-12-02,FY24-25,36,S04,P01,169.0,0.0,169.0,183.0,1,0,0,,1.0,400,215,185,67600.0,37083.75,30516.25
2024-12-09,FY24-25,37,S04,P01,169.0,0.0,169.0,183.0,1,0,0,,1.0,397,208,189,67093.0,36578.0,30515.0
2024-12-16,FY24-25,38,S04,P01,189.0,0.0,189.0,183.0,0,0,1,Year End,1.0,386,220,166,72954.0,37415.0,35539.0
2024-12-23,FY24-25,39,S04,P01,189.0,0.0,189.0,183.0,0,0,1,Year End,1.0,391,207,184,73899.0,37150.75,36748.25
2024-12-30,FY24-25,40,S04,P01,189.0,0.0,189.0,184.0,0,0,1,Year End,1.0,348,185,163,65772.0,33101.25,32670.75
2025-01-06,FY24-25,41,S04,P01,189.0,0.0,189.0,156.0,0,0,0,,1.0,318,172,146,60102.0,30387.0,29715.0
2025-01-13,FY24-25,42,S04,P01,189.0,0.1,170.1,184.0,0,1,0,,1.0,373,205,168,63447.3,34827.62,28619.68
2025-01-20,FY24-25,43,S04,P01,189.0,0.0,189.0,184.0,0,0,0,,1.0,402,191,211,75978.0,37164.75,38813.25
2025-01-27,FY24-25,44,S04,P01,189.0,0.0,189.0,184.0,0,0,0,,1.0,335,196,139,63315.0,32711.0,30604.0
2025-02-03,FY24-25,45,S04,P01,189.0,0.0,189.0,184.0,0,0,0,,1.0,408,226,182,77112.0,39238.5,37873.5
2025-02-10,FY24-25,46,S04,P01,189.0,0.0,189.0,185.0,0,0,0,,1.0,307,170,137,58023.0,29522.5,28500.5
2025-02-17,FY24-25,47,S04,P01,189.0,0.0,189.0,185.0,0,0,0,,1.0,337,188,149,63693.0,32473.0,31220.0
2025-02-24,FY24-25,48,S04,P01,189.0,0.0,189.0,185.0,0,0,0,,1.0,333,180,153,62937.0,31815.0,31122.0
2025-03-03,FY24-25,49,S04,P01,189.0,0.0,189.0,157.0,0,0,0,,1.0,340,193,147,64260.0,32919.25,31340.75
2025-03-10,FY24-25,50,S04,P01,189.0,0.0,189.0,185.0,0,0,0,,1.0,355,198,157,67095.0,34205.5,32889.5
2025-03-17,FY24-25,51,S04,P01,189.0,0.0,189.0,186.0,0,0,0,,1.0,319,173,146,60291.0,30504.25,29786.75
2025-03-24,FY24-25,52,S04,P01,189.0,0.0,189.0,158.0,0,0,0,,1.0,357,194,163,67473.0,34156.5,33316.5
2025-03-31,FY24-25,53,S04,P01,199.0,0.0,199.0,186.0,0,0,0,,1.0,297,175,122,59103.0,29496.25,29606.75
2025-04-07,FY25-26,54,S04,P01,199.0,0.0,199.0,186.0,0,0,0,,1.0,393,217,176,78207.0,38305.75,39901.25
2025-04-14,FY25-26,55,S04,P01,199.0,0.0,199.0,186.0,0,0,0,,1.0,296,177,119,58904.0,29525.75,29378.25
2025-04-21,FY25-26,56,S04,P01,199.0,0.0,199.0,186.0,0,0,0,,1.0,332,173,159,66068.0,31846.75,34221.25
2025-04-28,FY25-26,57,S04,P01,199.0,0.0,199.0,187.0,0,0,0,,1.0,353,174,179,70247.0,33366.5,36880.5
2025-05-05,FY25-26,58,S04,P01,199.0,0.15,169.15,187.0,0,1,0,,1.0,453,250,203,76624.95,42281.88,34343.07
2025-05-12,FY25-26,59,S04,P01,199.0,0.0,199.0,187.0,0,0,0,,1.0,332,189,143,66068.0,32642.75,33425.25
2025-05-19,FY25-26,60,S04,P01,199.0,0.0,199.0,187.0,0,0,0,,1.0,329,175,154,65471.0,31736.25,33734.75
2025-05-26,FY25-26,61,S04,P01,199.0,0.0,199.0,187.0,0,0,0,,1.0,368,207,161,73232.0,36058.25,37173.75
2025-06-02,FY25-26,62,S04,P01,199.0,0.0,199.0,187.0,0,0,0,,0.96,329,209,120,65471.0,33427.75,32043.25
2025-06-09,FY25-26,63,S04,P01,199.0,0.0,199.0,188.0,0,0,0,,0.96,323,206,117,64277.0,32858.5,31418.5
2025-06-16,FY25-26,64,S04,P01,199.0,0.0,199.0,188.0,0,0,0,,0.96,377,237,140,75023.0,38180.75,36842.25
2025-06-23,FY25-26,65,S04,P01,199.0,0.0,199.0,188.0,0,0,0,,0.96,299,195,104,59501.0,30631.25,28869.75
2025-06-30,FY25-26,66,S04,P01,199.0,0.0,199.0,160.0,0,0,0,,0.96,287,190,97,57113.0,29542.5,27570.5
2025-07-07,FY25-26,67,S04,P01,199.0,0.0,199.0,188.0,0,0,0,,0.96,344,216,128,68456.0,34826.0,33630.0
2025-07-14,FY25-26,68,S04,P01,199.0,0.0,199.0,189.0,0,0,0,,0.96,328,217,111,65272.0,33755.75,31516.25
2025-07-21,FY25-26,69,S04,P01,199.0,0.0,199.0,189.0,0,0,0,,0.96,284,183,101,56516.0,28984.25,27531.75
2025-07-28,FY25-26,70,S04,P01,199.0,0.0,199.0,189.0,0,0,0,,0.96,377,248,129,75023.0,38728.0,36295.0
2025-08-04,FY25-26,71,S04,P01,199.0,0.0,199.0,189.0,0,0,0,,0.96,308,206,102,61292.0,31808.5,29483.5
2025-08-11,FY25-26,72,S04,P01,199.0,0.0,199.0,189.0,0,0,0,,0.96,310,198,112,61690.0,31550.5,30139.5
2025-08-18,FY25-26,73,S04,P01,199.0,0.15,169.15,189.0,0,1,0,,0.96,412,258,154,69689.8,39750.18,29939.62
2025-08-25,FY25-26,74,S04,P01,199.0,0.0,199.0,190.0,0,0,1,Ganesh Chaturthi,1.075,354,234,120,70446.0,36421.5,34024.5
2025-09-01,FY25-26,75,S04,P01,199.0,0.0,199.0,190.0,0,0,1,Ganesh Chaturthi,1.075,401,256,145,79799.0,40806.0,38993.0
2025-09-08,FY25-26,76,S04,P01,199.0,0.0,199.0,190.0,0,0,0,,0.96,317,197,120,63083.0,31990.75,31092.25
2025-09-15,FY25-26,77,S04,P01,199.0,0.0,199.0,190.0,0,0,0,,0.96,407,271,136,80993.0,41972.25,39020.75
2025-09-22,FY25-26,78,S04,P01,199.0,0.0,199.0,190.0,0,0,1,Navratri,1.075,379,244,135,75421.0,38669.0,36752.0
2025-09-29,FY25-26,79,S04,P01,199.0,0.0,199.0,190.0,0,0,1,Navratri,1.12,395,203,192,78605.0,37749.25,40855.75
2025-10-06,FY25-26,80,S04,P01,199.0,0.0,199.0,191.0,0,0,0,,1.0,354,197,157,70446.0,34580.75,35865.25
2025-10-13,FY25-26,81,S04,P01,199.0,0.0,199.0,162.0,0,0,1,Diwali,1.12,331,193,138,65869.0,32771.75,33097.25
2025-10-20,FY25-26,82,S04,P01,199.0,0.0,199.0,191.0,0,0,1,Diwali,1.12,444,245,199,88356.0,43268.75,45087.25
2025-10-27,FY25-26,83,S04,P01,199.0,0.0,199.0,191.0,0,0,0,,1.0,386,214,172,76814.0,37666.5,39147.5
2025-11-03,FY25-26,84,S04,P01,199.0,0.0,199.0,191.0,0,0,0,,1.0,347,205,142,69053.0,34488.75,34564.25
2025-11-10,FY25-26,85,S04,P01,199.0,0.0,199.0,192.0,0,0,0,,1.0,338,180,158,67262.0,32615.0,34647.0
2025-11-17,FY25-26,86,S04,P01,199.0,0.0,199.0,192.0,0,0,0,,1.0,299,156,143,59501.0,28691.0,30810.0
2025-11-24,FY25-26,87,S04,P01,199.0,0.0,199.0,192.0,0,0,0,,1.0,330,186,144,65670.0,32353.5,33316.5
2025-12-01,FY25-26,88,S04,P01,199.0,0.2,159.2,163.0,0,1,0,,1.0,470,251,219,74824.0,42889.8,31934.2
2025-12-08,FY25-26,89,S04,P01,199.0,0.0,199.0,192.0,0,0,0,,1.0,333,167,166,66267.0,31618.25,34648.75
2025-12-15,FY25-26,90,S04,P01,199.0,0.0,199.0,192.0,0,0,0,,1.0,326,187,139,64874.0,32123.25,32750.75
2025-12-22,FY25-26,91,S04,P01,199.0,0.0,199.0,193.0,0,0,1,Year End,1.0,350,189,161,69650.0,33902.75,35747.25
2025-12-29,FY25-26,92,S04,P01,189.0,0.0,189.0,193.0,1,0,1,Year End,1.0,401,226,175,75789.0,38748.5,37040.5
2026-01-05,FY25-26,93,S04,P01,189.0,0.0,189.0,193.0,1,0,0,,1.0,383,196,187,72387.0,36071.0,36316.0
2026-01-12,FY25-26,94,S04,P01,189.0,0.0,189.0,193.0,1,0,0,,1.0,329,178,151,62181.0,31440.5,30740.5
2026-01-19,FY25-26,95,S04,P01,189.0,0.0,189.0,193.0,1,0,0,,1.0,374,217,157,70686.0,36433.25,34252.75
2026-01-26,FY25-26,96,S04,P01,199.0,0.0,199.0,194.0,0,0,0,,1.0,392,221,171,78008.0,38434.75,39573.25
2026-02-02,FY25-26,97,S04,P01,199.0,0.0,199.0,194.0,0,0,0,,1.0,339,198,141,67461.0,33580.5,33880.5
2026-02-09,FY25-26,98,S04,P01,199.0,0.0,199.0,194.0,0,0,0,,1.0,316,175,141,62884.0,30826.25,32057.75
2026-02-16,FY25-26,99,S04,P01,199.0,0.0,199.0,194.0,0,0,0,,1.0,344,176,168,68456.0,32836.0,35620.0
2026-02-23,FY25-26,100,S04,P01,199.0,0.0,199.0,165.0,0,0,0,,1.0,354,214,140,70446.0,35426.5,35019.5
2026-03-02,FY25-26,101,S04,P01,199.0,0.0,199.0,194.0,0,0,0,,1.0,325,182,143,64675.0,31804.5,32870.5
2026-03-09,FY25-26,102,S04,P01,199.0,0.0,199.0,195.0,0,0,0,,1.0,367,196,171,73033.0,35441.0,37592.0
2026-03-16,FY25-26,103,S04,P01,199.0,0.0,199.0,195.0,0,0,0,,1.0,343,185,158,68257.0,33213.75,35043.25
2026-03-23,FY25-26,104,S04,P01,199.0,0.0,199.0,195.0,0,0,0,,1.0,337,184,153,67063.0,32744.0,34319.0
2024-04-01,FY24-25,1,S04,P02,219.0,0.15,186.15,203.0,0,1,0,,1.0,491,245,246,91399.65,53136.69,38262.96
2024-04-08,FY24-25,2,S04,P02,219.0,0.0,219.0,204.0,0,0,0,,1.0,373,195,178,81687.0,42381.25,39305.75
2024-04-15,FY24-25,3,S04,P02,219.0,0.0,219.0,204.0,0,0,0,,1.0,382,214,168,83658.0,44186.5,39471.5
2024-04-22,FY24-25,4,S04,P02,229.0,0.0,229.0,204.0,1,0,0,,1.0,340,192,148,77860.0,39892.0,37968.0
2024-04-29,FY24-25,5,S04,P02,229.0,0.0,229.0,204.0,1,0,0,,1.0,373,207,166,85417.0,43555.75,41861.25
2024-05-06,FY24-25,6,S04,P02,229.0,0.0,229.0,204.0,1,0,0,,1.0,353,204,149,80837.0,41684.0,39153.0
2024-05-13,FY24-25,7,S04,P02,229.0,0.0,229.0,205.0,1,0,0,,1.0,341,181,160,78089.0,39347.25,38741.75
2024-05-20,FY24-25,8,S04,P02,219.0,0.0,219.0,205.0,0,0,0,,1.0,388,217,171,84972.0,44860.75,40111.25
2024-05-27,FY24-25,9,S04,P02,219.0,0.0,219.0,205.0,0,0,0,,1.0,361,195,166,79059.0,41361.25,37697.75
2024-06-03,FY24-25,10,S04,P02,219.0,0.0,219.0,205.0,0,0,0,,0.96,361,228,133,79059.0,43168.0,35891.0
2024-06-10,FY24-25,11,S04,P02,219.0,0.1,197.1,174.0,0,1,0,,0.96,405,266,139,79825.5,47532.15,32293.35
2024-06-17,FY24-25,12,S04,P02,219.0,0.0,219.0,205.0,0,0,0,,0.96,325,204,121,71175.0,38794.0,32381.0
2024-06-24,FY24-25,13,S04,P02,219.0,0.0,219.0,206.0,0,0,0,,0.96,331,213,118,72489.0,39796.75,32692.25
2024-07-01,FY24-25,14,S04,P02,219.0,0.0,219.0,206.0,0,0,0,,0.96,344,229,115,75336.0,41777.75,33558.25
2024-07-08,FY24-25,15,S04,P02,219.0,0.0,219.0,206.0,0,0,0,,0.96,347,224,123,75993.0,41759.0,34234.0
2024-07-15,FY24-25,16,S04,P02,219.0,0.0,219.0,206.0,0,0,0,,0.96,350,233,117,76650.0,42506.75,34143.25
2024-07-22,FY24-25,17,S04,P02,219.0,0.0,219.0,206.0,0,0,0,,0.96,367,233,134,80373.0,43951.75,36421.25
2024-07-29,FY24-25,18,S04,P02,219.0,0.0,219.0,207.0,0,0,0,,0.96,429,292,137,93951.0,52452.0,41499.0
2024-08-05,FY24-25,19,S04,P02,219.0,0.0,219.0,207.0,0,0,0,,0.96,336,197,139,73584.0,39345.75,34238.25
2024-08-12,FY24-25,20,S04,P02,219.0,0.0,219.0,207.0,0,0,0,,0.96,350,217,133,76650.0,41630.75,35019.25
2024-08-19,FY24-25,21,S04,P02,219.0,0.1,197.1,207.0,0,1,0,,0.96,426,284,142,83964.6,50204.1,33760.5
2024-08-26,FY24-25,22,S04,P02,219.0,0.0,219.0,207.0,0,0,0,,0.96,338,224,114,74022.0,40994.0,33028.0
2024-09-02,FY24-25,23,S04,P02,219.0,0.0,219.0,208.0,0,0,1,Ganesh Chaturthi,1.075,390,247,143,85410.0,46673.25,38736.75
2024-09-09,FY24-25,24,S04,P02,219.0,0.1,197.1,208.0,0,1,1,Ganesh Chaturthi,1.075,453,298,155,89286.3,53188.95,36097.35
2024-09-16,FY24-25,25,S04,P02,219.0,0.0,219.0,208.0,0,0,1,Ganesh Chaturthi,1.075,458,308,150,100302.0,55793.0,44509.0
2024-09-23,FY24-25,26,S04,P02,219.0,0.0,219.0,208.0,0,0,0,,0.96,332,203,129,72708.0,39334.25,33373.75
2024-09-30,FY24-25,27,S04,P02,219.0,0.0,219.0,208.0,0,0,1,Navratri,1.12,431,231,200,94389.0,49282.25,45106.75
2024-10-07,FY24-25,28,S04,P02,219.0,0.0,219.0,209.0,0,0,1,Navratri,1.12,515,281,234,112785.0,59159.75,53625.25
2024-10-14,FY24-25,29,S04,P02,219.0,0.0,219.0,209.0,0,0,0,,1.0,342,187,155,74898.0,39308.25,35589.75
2024-10-21,FY24-25,30,S04,P02,219.0,0.0,219.0,209.0,0,0,0,,1.0,400,217,183,87600.0,45880.75,41719.25
2024-10-28,FY24-25,31,S04,P02,219.0,0.0,219.0,209.0,0,0,1,Diwali,1.12,433,252,181,94827.0,50602.0,44225.0
2024-11-04,FY24-25,32,S04,P02,219.0,0.0,219.0,209.0,0,0,0,,1.0,348,188,160,76212.0,39873.0,36339.0
2024-11-11,FY24-25,33,S04,P02,219.0,0.0,219.0,210.0,0,0,0,,1.0,402,234,168,88038.0,46981.5,41056.5
2024-11-18,FY24-25,34,S04,P02,219.0,0.0,219.0,210.0,0,0,0,,1.0,343,184,159,75117.0,39229.0,35888.0
2024-11-25,FY24-25,35,S04,P02,219.0,0.0,219.0,210.0,0,0,0,,1.0,329,170,159,72051.0,37272.5,34778.5
2024-12-02,FY24-25,36,S04,P02,219.0,0.2,175.2,210.0,0,1,0,,1.0,580,325,255,101616.0,63535.0,38081.0
2024-12-09,FY24-25,37,S04,P02,219.0,0.0,219.0,210.0,0,0,0,,1.0,374,214,160,81906.0,43506.5,38399.5
2024-12-16,FY24-25,38,S04,P02,219.0,0.0,219.0,211.0,0,0,1,Year End,1.0,334,185,149,73146.0,38518.75,34627.25
2024-12-23,FY24-25,39,S04,P02,219.0,0.0,219.0,211.0,0,0,1,Year End,1.0,371,203,168,81249.0,42649.25,38599.75
2024-12-30,FY24-25,40,S04,P02,219.0,0.0,219.0,211.0,0,0,1,Year End,1.0,457,255,202,100083.0,52806.25,47276.75
2025-01-06,FY24-25,41,S04,P02,219.0,0.0,219.0,211.0,0,0,0,,1.0,365,200,165,79935.0,41975.0,37960.0
2025-01-13,FY24-25,42,S04,P02,219.0,0.0,219.0,211.0,0,0,0,,1.0,412,234,178,90228.0,47831.5,42396.5
2025-01-20,FY24-25,43,S04,P02,219.0,0.0,219.0,212.0,0,0,0,,1.0,407,217,190,89133.0,46475.75,42657.25
2025-01-27,FY24-25,44,S04,P02,219.0,0.0,219.0,212.0,0,0,0,,1.0,387,210,177,84753.0,44392.5,40360.5
2025-02-03,FY24-25,45,S04,P02,219.0,0.0,219.0,212.0,0,0,0,,1.0,442,235,207,96798.0,50436.25,46361.75
2025-02-10,FY24-25,46,S04,P02,219.0,0.0,219.0,212.0,0,0,0,,1.0,424,219,205,92856.0,48030.25,44825.75
2025-02-17,FY24-25,47,S04,P02,219.0,0.0,219.0,212.0,0,0,0,,1.0,375,211,164,82125.0,43427.25,38697.75
2025-02-24,FY24-25,48,S04,P02,219.0,0.0,219.0,213.0,0,0,0,,1.0,373,194,179,81687.0,42326.5,39360.5
2025-03-03,FY24-25,49,S04,P02,219.0,0.0,219.0,213.0,0,0,0,,1.0,431,226,205,94389.0,49008.5,45380.5
2025-03-10,FY24-25,50,S04,P02,219.0,0.0,219.0,213.0,0,0,0,,1.0,363,194,169,79497.0,41476.5,38020.5
2025-03-17,FY24-25,51,S04,P02,219.0,0.0,219.0,213.0,0,0,0,,1.0,336,188,148,73584.0,38853.0,34731.0
2025-03-24,FY24-25,52,S04,P02,219.0,0.0,219.0,213.0,0,0,0,,1.0,402,232,170,88038.0,46872.0,41166.0
2025-03-31,FY24-25,53,S04,P02,229.0,0.0,229.0,214.0,0,0,0,,1.0,443,260,183,101447.0,52540.0,48907.0
2025-04-07,FY25-26,54,S04,P02,229.0,0.2,183.2,214.0,0,1,0,,1.0,442,248,194,80974.4,48928.4,32046.0
2025-04-14,FY25-26,55,S04,P02,229.0,0.1,206.1,214.0,0,1,0,,1.0,433,233,200,89241.3,48810.32,40430.98
2025-04-21,FY25-26,56,S04,P02,229.0,0.0,229.0,214.0,0,0,0,,1.0,395,218,177,90455.0,46055.5,44399.5
2025-04-28,FY25-26,57,S04,P02,229.0,0.0,229.0,214.0,0,0,0,,1.0,420,216,204,96180.0,48066.0,48114.0
2025-05-05,FY25-26,58,S04,P02,229.0,0.0,229.0,215.0,0,0,0,,1.0,373,219,154,85417.0,44242.75,41174.25
2025-05-12,FY25-26,59,S04,P02,229.0,0.0,229.0,215.0,0,0,0,,1.0,422,234,188,96638.0,49266.5,47371.5
2025-05-19,FY25-26,60,S04,P02,229.0,0.0,229.0,215.0,0,0,0,,1.0,364,202,162,83356.0,42504.5,40851.5
2025-05-26,FY25-26,61,S04,P02,229.0,0.0,229.0,215.0,0,0,0,,1.0,307,181,126,70303.0,36457.25,33845.75
2025-06-02,FY25-26,62,S04,P02,229.0,0.0,229.0,215.0,0,0,0,,0.96,407,255,152,93203.0,49193.75,44009.25
2025-06-09,FY25-26,63,S04,P02,229.0,0.0,229.0,216.0,0,0,0,,0.96,359,229,130,82211.0,43625.25,38585.75
2025-06-16,FY25-26,64,S04,P02,229.0,0.0,229.0,216.0,0,0,0,,0.96,357,223,134,81753.0,43111.75,38641.25
2025-06-23,FY25-26,65,S04,P02,229.0,0.0,229.0,216.0,0,0,0,,0.96,415,272,143,95035.0,50847.0,44188.0
2025-06-30,FY25-26,66,S04,P02,229.0,0.0,229.0,216.0,0,0,0,,0.96,331,211,120,75799.0,40214.75,35584.25
2025-07-07,FY25-26,67,S04,P02,219.0,0.0,219.0,216.0,1,0,0,,0.96,333,204,129,72927.0,39474.0,33453.0
2025-07-14,FY25-26,68,S04,P02,219.0,0.0,219.0,217.0,1,0,0,,0.96,393,254,139,86067.0,47311.5,38755.5
2025-07-21,FY25-26,69,S04,P02,219.0,0.0,219.0,217.0,1,0,0,,0.96,370,240,130,81030.0,44590.0,36440.0
2025-07-28,FY25-26,70,S04,P02,219.0,0.0,219.0,217.0,1,0,0,,0.96,359,227,132,78621.0,42943.25,35677.75
2025-08-04,FY25-26,71,S04,P02,229.0,0.2,183.2,217.0,0,1,0,,0.96,491,314,177,89951.2,56116.2,33835.0
2025-08-11,FY25-26,72,S04,P02,229.0,0.0,229.0,217.0,0,0,0,,0.96,347,226,121,79463.0,42433.5,37029.5
2025-08-18,FY25-26,73,S04,P02,229.0,0.0,229.0,218.0,0,0,0,,0.96,372,216,156,85188.0,43986.0,41202.0
2025-08-25,FY25-26,74,S04,P02,229.0,0.0,229.0,218.0,0,0,1,Ganesh Chaturthi,1.075,385,242,143,88165.0,46579.5,41585.5
2025-09-01,FY25-26,75,S04,P02,229.0,0.0,229.0,218.0,0,0,1,Ganesh Chaturthi,1.075,405,256,149,92745.0,49081.0,43664.0
2025-09-08,FY25-26,76,S04,P02,229.0,0.0,229.0,218.0,0,0,0,,0.96,396,271,125,90684.0,49174.75,41509.25
2025-09-15,FY25-26,77,S04,P02,229.0,0.0,229.0,218.0,0,0,0,,0.96,387,234,153,88623.0,46291.5,42331.5
2025-09-22,FY25-26,78,S04,P02,229.0,0.0,229.0,219.0,0,0,1,Navratri,1.075,388,260,128,88852.0,47865.0,40987.0
2025-09-29,FY25-26,79,S04,P02,229.0,0.0,229.0,219.0,0,0,1,Navratri,1.12,392,222,170,89768.0,46029.5,43738.5
2025-10-06,FY25-26,80,S04,P02,229.0,0.2,183.2,219.0,0,1,0,,1.0,624,331,293,114316.8,68199.8,46117.0
2025-10-13,FY25-26,81,S04,P02,229.0,0.0,229.0,219.0,0,0,1,Diwali,1.12,388,194,194,88852.0,44086.5,44765.5
2025-10-20,FY25-26,82,S04,P02,229.0,0.0,229.0,219.0,0,0,1,Diwali,1.12,431,224,207,98699.0,49459.0,49240.0
2025-10-27,FY25-26,83,S04,P02,229.0,0.0,229.0,220.0,0,0,0,,1.0,378,212,166,86562.0,44267.0,42295.0
2025-11-03,FY25-26,84,S04,P02,229.0,0.0,229.0,220.0,0,0,0,,1.0,387,206,181,88623.0,44688.5,43934.5
2025-11-10,FY25-26,85,S04,P02,229.0,0.0,229.0,220.0,0,0,0,,1.0,384,212,172,87936.0,44777.0,43159.0
2025-11-17,FY25-26,86,S04,P02,229.0,0.0,229.0,220.0,0,0,0,,1.0,437,254,183,100073.0,51686.5,48386.5
2025-11-24,FY25-26,87,S04,P02,229.0,0.0,229.0,220.0,0,0,0,,1.0,338,182,156,77402.0,39149.5,38252.5
2025-12-01,FY25-26,88,S04,P02,229.0,0.1,206.1,221.0,0,1,0,,1.0,446,233,213,91920.6,49915.32,42005.28
2025-12-08,FY25-26,89,S04,P02,229.0,0.2,183.2,221.0,0,1,0,,1.0,476,276,200,87203.2,53100.8,34102.4
2025-12-15,FY25-26,90,S04,P02,229.0,0.0,229.0,221.0,0,0,0,,1.0,352,174,178,80608.0,39881.5,40726.5
2025-12-22,FY25-26,91,S04,P02,229.0,0.0,229.0,221.0,0,0,1,Year End,1.0,391,210,181,89539.0,45257.5,44281.5
2025-12-29,FY25-26,92,S04,P02,229.0,0.0,229.0,221.0,0,0,1,Year End,1.0,431,241,190,98699.0,50432.25,48266.75
2026-01-05,FY25-26,93,S04,P02,229.0,0.0,229.0,188.0,0,0,0,,1.0,441,231,210,100989.0,50709.75,50279.25
2026-01-12,FY25-26,94,S04,P02,229.0,0.1,206.1,222.0,0,1,0,,1.0,491,271,220,101195.1,55698.28,45496.82
2026-01-19,FY25-26,95,S04,P02,229.0,0.0,229.0,222.0,0,0,0,,1.0,369,211,158,84501.0,43444.75,41056.25
2026-01-26,FY25-26,96,S04,P02,229.0,0.2,183.2,222.0,0,1,0,,1.0,575,324,251,105340.0,63714.2,41625.8
2026-02-02,FY25-26,97,S04,P02,229.0,0.0,229.0,223.0,0,0,0,,1.0,422,238,184,96638.0,49495.5,47142.5
2026-02-09,FY25-26,98,S04,P02,229.0,0.0,229.0,223.0,0,0,0,,1.0,372,209,163,85188.0,43585.25,41602.75
2026-02-16,FY25-26,99,S04,P02,229.0,0.0,229.0,223.0,0,0,0,,1.0,367,203,164,84043.0,42816.75,41226.25
2026-02-23,FY25-26,100,S04,P02,229.0,0.0,229.0,223.0,0,0,0,,1.0,421,245,176,96409.0,49811.25,46597.75
2026-03-02,FY25-26,101,S04,P02,229.0,0.0,229.0,223.0,0,0,0,,1.0,413,212,201,94577.0,47242.0,47335.0
2026-03-09,FY25-26,102,S04,P02,229.0,0.0,229.0,224.0,0,0,0,,1.0,385,239,146,88165.0,46407.75,41757.25
2026-03-16,FY25-26,103,S04,P02,229.0,0.0,229.0,224.0,0,0,0,,1.0,404,225,179,92516.0,47221.25,45294.75
2026-03-23,FY25-26,104,S04,P02,229.0,0.0,229.0,224.0,0,0,0,,1.0,384,178,206,87936.0,42830.5,45105.5
2024-04-01,FY24-25,1,S04,P03,169.0,0.0,169.0,159.0,0,0,0,,1.0,213,131,82,35997.0,17249.75,18747.25
2024-04-08,FY24-25,2,S04,P03,169.0,0.0,169.0,159.0,0,0,0,,1.0,225,119,106,38025.0,17402.75,20622.25
2024-04-15,FY24-25,3,S04,P03,169.0,0.0,169.0,159.0,0,0,0,,1.0,244,127,117,41236.0,18785.75,22450.25
2024-04-22,FY24-25,4,S04,P03,169.0,0.0,169.0,159.0,0,0,0,,1.0,238,128,110,40222.0,18498.0,21724.0
2024-04-29,FY24-25,5,S04,P03,169.0,0.0,169.0,136.0,0,0,0,,1.0,183,88,95,30927.0,13783.0,17144.0
2024-05-06,FY24-25,6,S04,P03,169.0,0.0,169.0,160.0,0,0,0,,1.0,285,157,128,48165.0,22308.25,25856.75
2024-05-13,FY24-25,7,S04,P03,169.0,0.0,169.0,136.0,0,0,0,,1.0,229,132,97,38701.0,18172.0,20529.0
2024-05-20,FY24-25,8,S04,P03,169.0,0.0,169.0,136.0,0,0,0,,1.0,238,124,114,40222.0,18329.0,21893.0
2024-05-27,FY24-25,9,S04,P03,169.0,0.0,169.0,160.0,0,0,0,,1.0,238,129,109,40222.0,18540.25,21681.75
2024-06-03,FY24-25,10,S04,P03,169.0,0.0,169.0,160.0,0,0,0,,0.96,200,120,80,33800.0,16070.0,17730.0
2024-06-10,FY24-25,11,S04,P03,169.0,0.0,169.0,160.0,0,0,0,,0.96,223,151,72,37687.0,18644.75,19042.25
2024-06-17,FY24-25,12,S04,P03,189.0,0.0,189.0,161.0,1,0,0,,0.96,208,133,75,39312.0,17724.25,21587.75
2024-06-24,FY24-25,13,S04,P03,189.0,0.0,189.0,161.0,1,0,0,,0.96,183,129,54,34587.0,16160.25,18426.75
2024-07-01,FY24-25,14,S04,P03,189.0,0.0,189.0,161.0,1,0,0,,0.96,209,125,84,39501.0,17401.25,22099.75
2024-07-08,FY24-25,15,S04,P03,189.0,0.0,189.0,161.0,1,0,0,,0.96,213,139,74,40257.0,18282.75,21974.25
2024-07-15,FY24-25,16,S04,P03,169.0,0.0,169.0,161.0,0,0,0,,0.96,266,168,98,44954.0,21728.0,23226.0
2024-07-22,FY24-25,17,S04,P03,169.0,0.0,169.0,161.0,0,0,0,,0.96,208,130,78,35152.0,16932.5,18219.5
2024-07-29,FY24-25,18,S04,P03,169.0,0.0,169.0,161.0,0,0,0,,0.96,195,127,68,32955.0,16090.75,16864.25
2024-08-05,FY24-25,19,S04,P03,169.0,0.0,169.0,162.0,0,0,0,,0.96,210,149,61,35490.0,17845.25,17644.75
2024-08-12,FY24-25,20,S04,P03,169.0,0.0,169.0,162.0,0,0,0,,0.96,225,141,84,38025.0,18332.25,19692.75
2024-08-19,FY24-25,21,S04,P03,169.0,0.0,169.0,162.0,0,0,0,,0.96,220,129,91,37180.0,17550.25,19629.75
2024-08-26,FY24-25,22,S04,P03,169.0,0.0,169.0,162.0,0,0,0,,0.96,250,161,89,42250.0,20552.25,21697.75
2024-09-02,FY24-25,23,S04,P03,169.0,0.0,169.0,162.0,0,0,1,Ganesh Chaturthi,1.075,245,162,83,41405.0,20319.5,21085.5
2024-09-09,FY24-25,24,S04,P03,169.0,0.0,169.0,138.0,0,0,1,Ganesh Chaturthi,1.075,276,183,93,46644.0,22911.75,23732.25
2024-09-16,FY24-25,25,S04,P03,169.0,0.0,169.0,138.0,0,0,1,Ganesh Chaturthi,1.075,266,167,99,44954.0,21685.75,23268.25
2024-09-23,FY24-25,26,S04,P03,169.0,0.0,169.0,163.0,0,0,0,,0.96,214,141,73,36166.0,17727.25,18438.75
2024-09-30,FY24-25,27,S04,P03,169.0,0.0,169.0,163.0,0,0,1,Navratri,1.12,291,170,121,49179.0,23187.5,25991.5
2024-10-07,FY24-25,28,S04,P03,149.0,0.0,149.0,163.0,1,0,1,Navratri,1.12,273,148,125,40677.0,20528.0,20149.0
2024-10-14,FY24-25,29,S04,P03,149.0,0.0,149.0,139.0,1,0,0,,1.0,269,155,114,40081.0,20568.75,19512.25
2024-10-21,FY24-25,30,S04,P03,149.0,0.0,149.0,163.0,1,0,0,,1.0,276,151,125,41124.0,20804.75,20319.25
2024-10-28,FY24-25,31,S04,P03,149.0,0.0,149.0,163.0,1,0,1,Diwali,1.12,303,166,137,45147.0,22848.5,22298.5
2024-11-04,FY24-25,32,S04,P03,169.0,0.0,169.0,164.0,0,0,0,,1.0,262,136,126,44278.0,20156.0,24122.0
2024-11-11,FY24-25,33,S04,P03,169.0,0.0,169.0,164.0,0,0,0,,1.0,248,137,111,41912.0,19428.25,22483.75
2024-11-18,FY24-25,34,S04,P03,169.0,0.0,169.0,164.0,0,0,0,,1.0,220,120,100,37180.0,17170.0,20010.0
2024-11-25,FY24-25,35,S04,P03,169.0,0.0,169.0,164.0,0,0,0,,1.0,274,159,115,46306.0,21787.75,24518.25
2024-12-02,FY24-25,36,S04,P03,169.0,0.0,169.0,164.0,0,0,0,,1.0,273,149,124,46137.0,21310.25,24826.75
2024-12-09,FY24-25,37,S04,P03,169.0,0.0,169.0,164.0,0,0,0,,1.0,251,136,115,42419.0,19551.0,22868.0
2024-12-16,FY24-25,38,S04,P03,169.0,0.0,169.0,164.0,0,0,1,Year End,1.0,209,116,93,35321.0,16396.0,18925.0
2024-12-23,FY24-25,39,S04,P03,169.0,0.0,169.0,165.0,0,0,1,Year End,1.0,266,134,132,44954.0,20291.5,24662.5
2024-12-30,FY24-25,40,S04,P03,169.0,0.0,169.0,140.0,0,0,1,Year End,1.0,241,121,120,40729.0,18367.25,22361.75
2025-01-06,FY24-25,41,S04,P03,169.0,0.15,143.65,165.0,0,1,0,,1.0,319,176,143,45824.35,23865.6,21958.75
2025-01-13,FY24-25,42,S04,P03,169.0,0.0,169.0,165.0,0,0,0,,1.0,220,123,97,37180.0,17296.75,19883.25
2025-01-20,FY24-25,43,S04,P03,169.0,0.0,169.0,165.0,0,0,0,,1.0,232,122,110,39208.0,17914.5,21293.5
2025-01-27,FY24-25,44,S04,P03,169.0,0.0,169.0,165.0,0,0,0,,1.0,268,147,121,45292.0,20950.75,24341.25
2025-02-03,FY24-25,45,S04,P03,169.0,0.0,169.0,166.0,0,0,0,,1.0,273,158,115,46137.0,21690.5,24446.5
2025-02-10,FY24-25,46,S04,P03,169.0,0.0,169.0,166.0,0,0,0,,1.0,244,111,133,41236.0,18109.75,23126.25
2025-02-17,FY24-25,47,S04,P03,169.0,0.0,169.0,166.0,0,0,0,,1.0,223,116,107,37687.0,17166.0,20521.0
2025-02-24,FY24-25,48,S04,P03,169.0,0.0,169.0,166.0,0,0,0,,1.0,224,134,90,37856.0,17981.5,19874.5
2025-03-03,FY24-25,49,S04,P03,169.0,0.0,169.0,166.0,0,0,0,,1.0,280,153,127,47320.0,21864.25,25455.75
2025-03-10,FY24-25,50,S04,P03,169.0,0.0,169.0,166.0,0,0,0,,1.0,255,135,120,43095.0,19728.75,23366.25
2025-03-17,FY24-25,51,S04,P03,169.0,0.15,143.65,167.0,0,1,0,,1.0,309,177,132,44387.85,23351.51,21036.34
2025-03-24,FY24-25,52,S04,P03,169.0,0.0,169.0,167.0,0,0,0,,1.0,253,120,133,42757.0,18985.0,23772.0
2025-03-31,FY24-25,53,S04,P03,179.0,0.15,152.15,167.0,0,1,0,,1.0,294,153,141,44732.1,21989.74,22742.36
2025-04-07,FY25-26,54,S04,P03,179.0,0.0,179.0,142.0,0,0,0,,1.0,237,130,107,42423.0,18852.5,23570.5
2025-04-14,FY25-26,55,S04,P03,179.0,0.0,179.0,167.0,0,0,0,,1.0,223,129,94,39917.0,18037.75,21879.25
2025-04-21,FY25-26,56,S04,P03,179.0,0.0,179.0,142.0,0,0,0,,1.0,220,124,96,39380.0,17649.0,21731.0
2025-04-28,FY25-26,57,S04,P03,179.0,0.2,143.2,167.0,0,1,0,,1.0,304,159,145,43532.8,22412.2,21120.6
2025-05-05,FY25-26,58,S04,P03,179.0,0.0,179.0,168.0,0,0,0,,1.0,231,122,109,41349.0,18164.5,23184.5
2025-05-12,FY25-26,59,S04,P03,179.0,0.2,143.2,168.0,0,1,0,,1.0,304,163,141,43532.8,22555.4,20977.4
2025-05-19,FY25-26,60,S04,P03,179.0,0.0,179.0,168.0,0,0,0,,1.0,222,128,94,39738.0,17938.0,21800.0
2025-05-26,FY25-26,61,S04,P03,179.0,0.0,179.0,168.0,0,0,0,,1.0,259,153,106,46361.0,21091.75,25269.25
2025-06-02,FY25-26,62,S04,P03,179.0,0.0,179.0,168.0,0,0,0,,0.96,209,131,78,37411.0,17357.25,20053.75
2025-06-09,FY25-26,63,S04,P03,179.0,0.0,179.0,168.0,0,0,0,,0.96,248,167,81,44392.0,21113.25,23278.75
2025-06-16,FY25-26,64,S04,P03,179.0,0.0,179.0,143.0,0,0,0,,0.96,228,140,88,40812.0,18805.0,22007.0
2025-06-23,FY25-26,65,S04,P03,179.0,0.0,179.0,143.0,0,0,0,,0.96,220,146,74,39380.0,18633.5,20746.5
2025-06-30,FY25-26,66,S04,P03,179.0,0.0,179.0,169.0,0,0,0,,0.96,232,157,75,41528.0,19785.75,21742.25
2025-07-07,FY25-26,67,S04,P03,179.0,0.0,179.0,169.0,0,0,0,,0.96,206,134,72,36874.0,17326.5,19547.5
2025-07-14,FY25-26,68,S04,P03,179.0,0.0,179.0,169.0,0,0,0,,0.96,250,160,90,44750.0,20910.0,23840.0
2025-07-21,FY25-26,69,S04,P03,179.0,0.0,179.0,169.0,0,0,0,,0.96,231,145,86,41349.0,19193.75,22155.25
2025-07-28,FY25-26,70,S04,P03,179.0,0.0,179.0,170.0,0,0,0,,0.96,213,133,80,38127.0,17666.75,20460.25
2025-08-04,FY25-26,71,S04,P03,179.0,0.15,152.15,170.0,0,1,0,,0.96,274,177,97,41689.1,21802.64,19886.46
2025-08-11,FY25-26,72,S04,P03,179.0,0.1,161.1,170.0,0,1,0,,0.96,289,183,106,46557.9,23265.32,23292.58
2025-08-18,FY25-26,73,S04,P03,179.0,0.0,179.0,170.0,0,0,0,,0.96,227,150,77,40633.0,19197.5,21435.5
2025-08-25,FY25-26,74,S04,P03,179.0,0.0,179.0,145.0,0,0,1,Ganesh Chaturthi,1.075,259,174,85,46361.0,22031.5,24329.5
2025-09-01,FY25-26,75,S04,P03,179.0,0.0,179.0,170.0,0,0,1,Ganesh Chaturthi,1.075,247,173,74,44213.0,21326.75,22886.25
2025-09-08,FY25-26,76,S04,P03,159.0,0.0,159.0,170.0,1,0,0,,0.96,271,183,88,43089.0,22179.25,20909.75
2025-09-15,FY25-26,77,S04,P03,159.0,0.0,159.0,171.0,1,0,0,,0.96,236,152,84,37524.0,19022.0,18502.0
2025-09-22,FY25-26,78,S04,P03,159.0,0.0,159.0,171.0,1,0,1,Navratri,1.075,291,185,106,46269.0,23358.75,22910.25
2025-09-29,FY25-26,79,S04,P03,159.0,0.0,159.0,171.0,1,0,1,Navratri,1.12,299,164,135,47541.0,22964.0,24577.0
2025-10-06,FY25-26,80,S04,P03,179.0,0.0,179.0,171.0,0,0,0,,1.0,246,134,112,44034.0,19526.5,24507.5
2025-10-13,FY25-26,81,S04,P03,179.0,0.0,179.0,171.0,0,0,1,Diwali,1.12,283,151,132,50657.0,22322.25,28334.75
2025-10-20,FY25-26,82,S04,P03,179.0,0.0,179.0,171.0,0,0,1,Diwali,1.12,249,122,127,44571.0,19154.5,25416.5
2025-10-27,FY25-26,83,S04,P03,179.0,0.0,179.0,172.0,0,0,0,,1.0,253,133,120,45287.0,19866.75,25420.25
2025-11-03,FY25-26,84,S04,P03,179.0,0.15,152.15,172.0,0,1,0,,1.0,319,179,140,48535.85,24353.71,24182.14
2025-11-10,FY25-26,85,S04,P03,179.0,0.2,143.2,172.0,0,1,0,,1.0,338,180,158,48401.6,25034.0,23367.6
2025-11-17,FY25-26,86,S04,P03,179.0,0.0,179.0,172.0,0,0,0,,1.0,215,121,94,38485.0,17239.75,21245.25
2025-11-24,FY25-26,87,S04,P03,179.0,0.1,161.1,172.0,0,1,0,,1.0,280,156,124,45108.0,21682.9,23425.1
2025-12-01,FY25-26,88,S04,P03,179.0,0.2,143.2,172.0,0,1,0,,1.0,296,172,124,42387.2,22437.6,19949.6
2025-12-08,FY25-26,89,S04,P03,179.0,0.0,179.0,173.0,0,0,0,,1.0,230,131,99,41170.0,18512.25,22657.75
2025-12-15,FY25-26,90,S04,P03,179.0,0.0,179.0,173.0,0,0,0,,1.0,221,116,105,39559.0,17346.0,22213.0
2025-12-22,FY25-26,91,S04,P03,179.0,0.0,179.0,173.0,0,0,1,Year End,1.0,261,149,112,46719.0,21022.75,25696.25
2025-12-29,FY25-26,92,S04,P03,179.0,0.0,179.0,173.0,0,0,1,Year End,1.0,247,138,109,44213.0,19760.5,24452.5
2026-01-05,FY25-26,93,S04,P03,179.0,0.0,179.0,173.0,0,0,0,,1.0,212,116,96,37948.0,16851.0,21097.0
2026-01-12,FY25-26,94,S04,P03,179.0,0.0,179.0,173.0,0,0,0,,1.0,216,122,94,38664.0,17339.5,21324.5
2026-01-19,FY25-26,95,S04,P03,179.0,0.0,179.0,174.0,0,0,0,,1.0,221,119,102,39559.0,17480.25,22078.75
2026-01-26,FY25-26,96,S04,P03,179.0,0.0,179.0,174.0,0,0,0,,1.0,219,118,101,39201.0,17325.5,21875.5
2026-02-02,FY25-26,97,S04,P03,179.0,0.0,179.0,174.0,0,0,0,,1.0,244,141,103,43676.0,19729.75,23946.25
2026-02-09,FY25-26,98,S04,P03,179.0,0.0,179.0,174.0,0,0,0,,1.0,255,140,115,45645.0,20290.0,25355.0
2026-02-16,FY25-26,99,S04,P03,179.0,0.0,179.0,174.0,0,0,0,,1.0,234,141,93,41886.0,19179.75,22706.25
2026-02-23,FY25-26,100,S04,P03,179.0,0.0,179.0,174.0,0,0,0,,1.0,242,134,108,43318.0,19306.5,24011.5
2026-03-02,FY25-26,101,S04,P03,179.0,0.0,179.0,175.0,0,0,0,,1.0,228,117,111,40812.0,17775.75,23036.25
2026-03-09,FY25-26,102,S04,P03,179.0,0.0,179.0,175.0,0,0,0,,1.0,217,123,94,38843.0,17439.25,21403.75
2026-03-16,FY25-26,103,S04,P03,179.0,0.0,179.0,175.0,0,0,0,,1.0,236,126,110,42244.0,18618.5,23625.5
2026-03-23,FY25-26,104,S04,P03,179.0,0.0,179.0,175.0,0,0,0,,1.0,238,121,117,42602.0,18504.75,24097.25
2024-04-01,FY24-25,1,S04,P04,249.0,0.0,249.0,231.0,0,0,0,,1.0,264,148,116,65736.0,34293.0,31443.0
2024-04-08,FY24-25,2,S04,P04,249.0,0.0,249.0,231.0,0,0,0,,1.0,292,165,127,72708.0,38011.25,34696.75
2024-04-15,FY24-25,3,S04,P04,249.0,0.0,249.0,231.0,0,0,0,,1.0,244,143,101,60756.0,32081.75,28674.25
2024-04-22,FY24-25,4,S04,P04,249.0,0.0,249.0,231.0,0,0,0,,1.0,269,150,119,66981.0,34892.5,32088.5
2024-04-29,FY24-25,5,S04,P04,249.0,0.0,249.0,231.0,0,0,0,,1.0,325,183,142,80925.0,42266.75,38658.25
2024-05-06,FY24-25,6,S04,P04,249.0,0.0,249.0,232.0,0,0,0,,1.0,279,145,134,69471.0,35531.25,33939.75
2024-05-13,FY24-25,7,S04,P04,249.0,0.0,249.0,232.0,0,0,0,,1.0,264,147,117,65736.0,34230.75,31505.25
2024-05-20,FY24-25,8,S04,P04,239.0,0.0,239.0,232.0,1,0,0,,1.0,274,146,128,65486.0,34753.5,30732.5
2024-05-27,FY24-25,9,S04,P04,239.0,0.0,239.0,232.0,1,0,0,,1.0,268,165,103,64052.0,35318.75,28733.25
2024-06-03,FY24-25,10,S04,P04,239.0,0.0,239.0,233.0,1,0,0,,0.96,331,204,127,79109.0,43634.0,35475.0
2024-06-10,FY24-25,11,S04,P04,239.0,0.0,239.0,233.0,1,0,0,,0.96,288,185,103,68832.0,38413.75,30418.25
2024-06-17,FY24-25,12,S04,P04,249.0,0.0,249.0,233.0,0,0,0,,0.96,259,167,92,64491.0,35000.75,29490.25
2024-06-24,FY24-25,13,S04,P04,249.0,0.0,249.0,233.0,0,0,0,,0.96,263,167,96,65487.0,35380.75,30106.25
2024-07-01,FY24-25,14,S04,P04,249.0,0.0,249.0,233.0,0,0,0,,0.96,270,177,93,67230.0,36668.25,30561.75
2024-07-08,FY24-25,15,S04,P04,249.0,0.2,199.2,234.0,0,1,0,,0.96,344,220,124,68524.8,43636.0,24888.8
2024-07-15,FY24-25,16,S04,P04,249.0,0.0,249.0,234.0,0,0,0,,0.96,261,166,95,64989.0,35128.5,29860.5
2024-07-22,FY24-25,17,S04,P04,249.0,0.0,249.0,234.0,0,0,0,,0.96,259,162,97,64491.0,34689.5,29801.5
2024-07-29,FY24-25,18,S04,P04,249.0,0.0,249.0,234.0,0,0,0,,0.96,245,163,82,61005.0,33421.75,27583.25
2024-08-05,FY24-25,19,S04,P04,249.0,0.0,249.0,235.0,0,0,0,,0.96,246,161,85,61254.0,33392.25,27861.75
2024-08-12,FY24-25,20,S04,P04,249.0,0.0,249.0,235.0,0,0,0,,0.96,264,171,93,65736.0,35724.75,30011.25
2024-08-19,FY24-25,21,S04,P04,249.0,0.0,249.0,235.0,0,0,0,,0.96,301,197,104,74949.0,40858.25,34090.75
2024-08-26,FY24-25,22,S04,P04,249.0,0.0,249.0,235.0,0,0,0,,0.96,279,193,86,69471.0,38519.25,30951.75
2024-09-02,FY24-25,23,S04,P04,249.0,0.0,249.0,235.0,0,0,1,Ganesh Chaturthi,1.075,308,204,104,76692.0,41959.0,34733.0
2024-09-09,FY24-25,24,S04,P04,249.0,0.2,199.2,236.0,0,1,1,Ganesh Chaturthi,1.075,347,228,119,69122.4,44319.4,24803.0
2024-09-16,FY24-25,25,S04,P04,249.0,0.1,224.1,200.0,0,1,1,Ganesh Chaturthi,1.075,316,194,122,70815.6,40888.85,29926.75
2024-09-23,FY24-25,26,S04,P04,249.0,0.0,249.0,236.0,0,0,0,,0.96,260,160,100,64740.0,34660.0,30080.0
2024-09-30,FY24-25,27,S04,P04,249.0,0.0,249.0,236.0,0,0,1,Navratri,1.12,312,171,141,77688.0,40284.75,37403.25
2024-10-07,FY24-25,28,S04,P04,249.0,0.0,249.0,237.0,0,0,1,Navratri,1.12,321,182,139,79929.0,41824.5,38104.5
2024-10-14,FY24-25,29,S04,P04,249.0,0.0,249.0,237.0,0,0,0,,1.0,276,148,128,68724.0,35433.0,33291.0
2024-10-21,FY24-25,30,S04,P04,249.0,0.0,249.0,237.0,0,0,0,,1.0,242,138,104,60258.0,31580.5,28677.5
2024-10-28,FY24-25,31,S04,P04,249.0,0.0,249.0,237.0,0,0,1,Diwali,1.12,283,145,138,70467.0,35911.25,34555.75
2024-11-04,FY24-25,32,S04,P04,249.0,0.0,249.0,237.0,0,0,0,,1.0,274,161,113,68226.0,36052.25,32173.75
2024-11-11,FY24-25,33,S04,P04,249.0,0.0,249.0,238.0,0,0,0,,1.0,256,136,120,63744.0,32786.0,30958.0
2024-11-18,FY24-25,34,S04,P04,249.0,0.0,249.0,238.0,0,0,0,,1.0,256,143,113,63744.0,33221.75,30522.25
2024-11-25,FY24-25,35,S04,P04,249.0,0.15,211.65,238.0,0,1,0,,1.0,334,180,154,70691.1,41254.25,29436.85
2024-12-02,FY24-25,36,S04,P04,249.0,0.0,249.0,238.0,0,0,0,,1.0,300,168,132,74700.0,38958.0,35742.0
2024-12-09,FY24-25,37,S04,P04,249.0,0.0,249.0,239.0,0,0,0,,1.0,255,137,118,63495.0,32753.25,30741.75
2024-12-16,FY24-25,38,S04,P04,249.0,0.0,249.0,239.0,0,0,1,Year End,1.0,265,148,117,65985.0,34388.0,31597.0
2024-12-23,FY24-25,39,S04,P04,249.0,0.0,249.0,239.0,0,0,1,Year End,1.0,268,151,117,66732.0,34859.75,31872.25
2024-12-30,FY24-25,40,S04,P04,249.0,0.0,249.0,239.0,0,0,1,Year End,1.0,288,160,128,71712.0,37320.0,34392.0
2025-01-06,FY24-25,41,S04,P04,249.0,0.0,249.0,239.0,0,0,0,,1.0,279,157,122,69471.0,36278.25,33192.75
2025-01-13,FY24-25,42,S04,P04,249.0,0.0,249.0,240.0,0,0,0,,1.0,281,153,128,69969.0,36219.25,33749.75
2025-01-20,FY24-25,43,S04,P04,249.0,0.0,249.0,240.0,0,0,0,,1.0,282,159,123,70218.0,36687.75,33530.25
2025-01-27,FY24-25,44,S04,P04,249.0,0.1,224.1,240.0,0,1,0,,1.0,342,194,148,76642.2,43358.85,33283.35
2025-02-03,FY24-25,45,S04,P04,249.0,0.0,249.0,240.0,0,0,0,,1.0,354,193,161,88146.0,45644.25,42501.75
2025-02-10,FY24-25,46,S04,P04,249.0,0.0,249.0,241.0,0,0,0,,1.0,304,168,136,75696.0,39338.0,36358.0
2025-02-17,FY24-25,47,S04,P04,249.0,0.0,249.0,241.0,0,0,0,,1.0,322,167,155,80178.0,40985.75,39192.25
2025-02-24,FY24-25,48,S04,P04,249.0,0.0,249.0,241.0,0,0,0,,1.0,241,125,116,60009.0,30676.25,29332.75
2025-03-03,FY24-25,49,S04,P04,249.0,0.0,249.0,241.0,0,0,0,,1.0,297,163,134,73953.0,38361.75,35591.25
2025-03-10,FY24-25,50,S04,P04,249.0,0.1,224.1,241.0,0,1,0,,1.0,304,170,134,68126.4,38404.25,29722.15
2025-03-17,FY24-25,51,S04,P04,249.0,0.0,249.0,242.0,0,0,0,,1.0,296,156,140,73704.0,37831.0,35873.0
2025-03-24,FY24-25,52,S04,P04,249.0,0.0,249.0,242.0,0,0,0,,1.0,246,140,106,61254.0,32085.0,29169.0
2025-03-31,FY24-25,53,S04,P04,259.0,0.0,259.0,242.0,0,0,0,,1.0,337,201,136,87283.0,45029.75,42253.25
2025-04-07,FY25-26,54,S04,P04,259.0,0.0,259.0,242.0,0,0,0,,1.0,280,165,115,72520.0,37283.75,35236.25
2025-04-14,FY25-26,55,S04,P04,259.0,0.0,259.0,243.0,0,0,0,,1.0,296,154,142,76664.0,38091.5,38572.5
2025-04-21,FY25-26,56,S04,P04,259.0,0.0,259.0,243.0,0,0,0,,1.0,269,170,99,69671.0,36562.5,33108.5
2025-04-28,FY25-26,57,S04,P04,259.0,0.0,259.0,243.0,0,0,0,,1.0,302,160,142,78218.0,39050.0,39168.0
2025-05-05,FY25-26,58,S04,P04,259.0,0.2,207.2,243.0,0,1,0,,1.0,394,219,175,81636.8,48774.2,32862.6
2025-05-12,FY25-26,59,S04,P04,259.0,0.0,259.0,243.0,0,0,0,,1.0,263,153,110,68117.0,34891.75,33225.25
2025-05-19,FY25-26,60,S04,P04,259.0,0.15,220.15,244.0,0,1,0,,1.0,286,164,122,62962.9,36196.15,26766.75
2025-05-26,FY25-26,61,S04,P04,259.0,0.15,220.15,207.0,0,1,0,,1.0,345,193,152,75951.75,43397.24,32554.51
2025-06-02,FY25-26,62,S04,P04,259.0,0.0,259.0,244.0,0,0,0,,0.96,251,184,67,65009.0,35759.0,29250.0
2025-06-09,FY25-26,63,S04,P04,259.0,0.0,259.0,244.0,0,0,0,,0.96,255,168,87,66045.0,35103.0,30942.0
2025-06-16,FY25-26,64,S04,P04,259.0,0.0,259.0,245.0,0,0,0,,0.96,257,177,80,66563.0,35875.75,30687.25
2025-06-23,FY25-26,65,S04,P04,259.0,0.0,259.0,245.0,0,0,0,,0.96,270,181,89,69930.0,37369.75,32560.25
2025-06-30,FY25-26,66,S04,P04,259.0,0.0,259.0,245.0,0,0,0,,0.96,256,162,94,66304.0,34809.5,31494.5
2025-07-07,FY25-26,67,S04,P04,259.0,0.0,259.0,245.0,0,0,0,,0.96,250,156,94,64750.0,33851.0,30899.0
2025-07-14,FY25-26,68,S04,P04,259.0,0.0,259.0,246.0,0,0,0,,0.96,250,161,89,64750.0,34174.75,30575.25
2025-07-21,FY25-26,69,S04,P04,259.0,0.15,220.15,246.0,0,1,0,,0.96,330,215,115,72649.5,43183.06,29466.44
2025-07-28,FY25-26,70,S04,P04,259.0,0.0,259.0,246.0,0,0,0,,0.96,267,173,94,69153.0,36566.75,32586.25
2025-08-04,FY25-26,71,S04,P04,259.0,0.0,259.0,246.0,0,0,0,,0.96,275,182,93,71225.0,37909.5,33315.5
2025-08-11,FY25-26,72,S04,P04,259.0,0.0,259.0,246.0,0,0,0,,0.96,233,164,69,60347.0,32754.0,27593.0
2025-08-18,FY25-26,73,S04,P04,259.0,0.0,259.0,247.0,0,0,0,,0.96,274,161,113,70966.0,36454.75,34511.25
2025-08-25,FY25-26,74,S04,P04,259.0,0.0,259.0,247.0,0,0,1,Ganesh Chaturthi,1.075,345,234,111,89355.0,47926.5,41428.5
2025-09-01,FY25-26,75,S04,P04,259.0,0.0,259.0,247.0,0,0,1,Ganesh Chaturthi,1.075,290,188,102,75110.0,39723.0,35387.0
2025-09-08,FY25-26,76,S04,P04,259.0,0.0,259.0,247.0,0,0,0,,0.96,265,166,99,68635.0,35923.5,32711.5
2025-09-15,FY25-26,77,S04,P04,259.0,0.0,259.0,248.0,0,0,0,,0.96,281,175,106,72779.0,38026.25,34752.75
2025-09-22,FY25-26,78,S04,P04,259.0,0.0,259.0,248.0,0,0,1,Navratri,1.075,278,192,86,72002.0,38842.0,33160.0
2025-09-29,FY25-26,79,S04,P04,259.0,0.0,259.0,248.0,0,0,1,Navratri,1.12,341,175,166,88319.0,43726.25,44592.75
2025-10-06,FY25-26,80,S04,P04,259.0,0.0,259.0,248.0,0,0,0,,1.0,284,148,136,73556.0,36563.0,36993.0
2025-10-13,FY25-26,81,S04,P04,259.0,0.0,259.0,249.0,0,0,1,Diwali,1.12,296,165,131,76664.0,38803.75,37860.25
2025-10-20,FY25-26,82,S04,P04,259.0,0.0,259.0,249.0,0,0,1,Diwali,1.12,308,163,145,79772.0,39814.25,39957.75
2025-10-27,FY25-26,83,S04,P04,259.0,0.0,259.0,249.0,0,0,0,,1.0,284,143,141,73556.0,36239.25,37316.75
2025-11-03,FY25-26,84,S04,P04,259.0,0.0,259.0,249.0,0,0,0,,1.0,293,156,137,75887.0,37936.0,37951.0
2025-11-10,FY25-26,85,S04,P04,259.0,0.15,220.15,250.0,0,1,0,,1.0,373,197,176,82115.95,46277.39,35838.56
2025-11-17,FY25-26,86,S04,P04,259.0,0.0,259.0,250.0,0,0,0,,1.0,261,138,123,67599.0,33730.5,33868.5
2025-11-24,FY25-26,87,S04,P04,259.0,0.0,259.0,250.0,0,0,0,,1.0,313,178,135,81067.0,41260.5,39806.5
2025-12-01,FY25-26,88,S04,P04,259.0,0.15,220.15,250.0,0,1,0,,1.0,309,165,144,68026.35,38436.19,29590.16
2025-12-08,FY25-26,89,S04,P04,259.0,0.0,259.0,250.0,0,0,0,,1.0,318,175,143,82362.0,41541.25,40820.75
2025-12-15,FY25-26,90,S04,P04,259.0,0.0,259.0,251.0,0,0,0,,1.0,255,150,105,66045.0,33937.5,32107.5
2025-12-22,FY25-26,91,S04,P04,259.0,0.0,259.0,251.0,0,0,1,Year End,1.0,338,198,140,87542.0,44930.5,42611.5
2025-12-29,FY25-26,92,S04,P04,249.0,0.0,249.0,251.0,1,0,1,Year End,1.0,284,143,141,70716.0,35881.75,34834.25
2026-01-05,FY25-26,93,S04,P04,249.0,0.0,249.0,251.0,1,0,0,,1.0,294,163,131,73206.0,38076.75,35129.25
2026-01-12,FY25-26,94,S04,P04,249.0,0.0,249.0,252.0,1,0,0,,1.0,256,135,121,63744.0,32723.75,31020.25
2026-01-19,FY25-26,95,S04,P04,249.0,0.0,249.0,252.0,1,0,0,,1.0,276,158,118,68724.0,36055.5,32668.5
2026-01-26,FY25-26,96,S04,P04,259.0,0.0,259.0,252.0,0,0,0,,1.0,270,156,114,69930.0,35751.0,34179.0
2026-02-02,FY25-26,97,S04,P04,259.0,0.0,259.0,214.0,0,0,0,,1.0,254,149,105,65786.0,33777.75,32008.25
2026-02-09,FY25-26,98,S04,P04,259.0,0.0,259.0,253.0,0,0,0,,1.0,284,159,125,73556.0,37275.25,36280.75
2026-02-16,FY25-26,99,S04,P04,259.0,0.0,259.0,253.0,0,0,0,,1.0,288,163,125,74592.0,37914.25,36677.75
2026-02-23,FY25-26,100,S04,P04,259.0,0.0,259.0,253.0,0,0,0,,1.0,242,125,117,62678.0,31083.75,31594.25
2026-03-02,FY25-26,101,S04,P04,259.0,0.0,259.0,253.0,0,0,0,,1.0,265,147,118,68635.0,34693.25,33941.75
2026-03-09,FY25-26,102,S04,P04,259.0,0.0,259.0,215.0,0,0,0,,1.0,294,171,123,76146.0,39002.25,37143.75
2026-03-16,FY25-26,103,S04,P04,259.0,0.0,259.0,254.0,0,0,0,,1.0,305,179,126,78995.0,40565.25,38429.75
2026-03-23,FY25-26,104,S04,P04,259.0,0.0,259.0,254.0,0,0,0,,1.0,299,169,130,77441.0,39347.75,38093.25
2024-04-01,FY24-25,1,S04,P05,89.0,0.0,89.0,88.0,0,0,0,,1.0,439,244,195,39071.0,17721.0,21350.0
2024-04-08,FY24-25,2,S04,P05,89.0,0.0,89.0,88.0,0,0,0,,1.0,415,237,178,36935.0,16893.25,20041.75
2024-04-15,FY24-25,3,S04,P05,89.0,0.0,89.0,88.0,0,0,0,,1.0,419,230,189,37291.0,16849.5,20441.5
2024-04-22,FY24-25,4,S04,P05,89.0,0.0,89.0,88.0,0,0,0,,1.0,433,229,204,38537.0,17219.25,21317.75
2024-04-29,FY24-25,5,S04,P05,89.0,0.0,89.0,88.0,1,0,0,,1.0,545,297,248,48505.0,21868.25,26636.75
2024-05-06,FY24-25,6,S04,P05,89.0,0.0,89.0,88.0,1,0,0,,1.0,425,215,210,37825.0,16683.75,21141.25
2024-05-13,FY24-25,7,S04,P05,89.0,0.0,89.0,89.0,1,0,0,,1.0,435,253,182,38715.0,17809.25,20905.75
2024-05-20,FY24-25,8,S04,P05,89.0,0.0,89.0,89.0,1,0,0,,1.0,478,262,216,42542.0,19213.5,23328.5
2024-05-27,FY24-25,9,S04,P05,89.0,0.0,89.0,89.0,0,0,0,,1.0,464,259,205,41296.0,18754.75,22541.25
2024-06-03,FY24-25,10,S04,P05,89.0,0.0,89.0,89.0,0,0,0,,1.056,524,342,182,46636.0,22281.5,24354.5
2024-06-10,FY24-25,11,S04,P05,89.0,0.0,89.0,89.0,0,0,0,,1.056,545,352,193,48505.0,23092.0,25413.0
2024-06-17,FY24-25,12,S04,P05,89.0,0.0,89.0,89.0,0,0,0,,1.056,506,312,194,45034.0,21110.0,23924.0
2024-06-24,FY24-25,13,S04,P05,89.0,0.15,75.65,76.0,0,1,0,,1.056,569,376,193,43044.85,23043.1,20001.75
2024-07-01,FY24-25,14,S04,P05,89.0,0.0,89.0,89.0,0,0,0,,1.056,475,295,180,42275.0,19863.75,22411.25
2024-07-08,FY24-25,15,S04,P05,89.0,0.0,89.0,89.0,0,0,0,,1.056,527,353,174,46903.0,22610.25,24292.75
2024-07-15,FY24-25,16,S04,P05,89.0,0.0,89.0,89.0,0,0,0,,1.056,487,329,158,43343.0,20956.25,22386.75
2024-07-22,FY24-25,17,S04,P05,89.0,0.0,89.0,89.0,0,0,0,,1.056,455,292,163,40495.0,19237.0,21258.0
2024-07-29,FY24-25,18,S04,P05,89.0,0.15,75.65,89.0,0,1,0,,1.056,612,418,194,46297.8,25041.42,21256.38
2024-08-05,FY24-25,19,S04,P05,89.0,0.0,89.0,90.0,0,0,0,,1.056,436,288,148,38804.0,18616.0,20188.0
2024-08-12,FY24-25,20,S04,P05,89.0,0.0,89.0,90.0,0,0,0,,1.056,501,311,190,44589.0,20947.75,23641.25
2024-08-19,FY24-25,21,S04,P05,89.0,0.0,89.0,90.0,1,0,0,,1.056,522,355,167,46458.0,22514.75,23943.25
2024-08-26,FY24-25,22,S04,P05,89.0,0.0,89.0,90.0,1,0,0,,1.056,489,336,153,43521.0,21168.0,22353.0
2024-09-02,FY24-25,23,S04,P05,89.0,0.0,89.0,90.0,1,0,1,Ganesh Chaturthi,1.183,583,385,198,51887.0,24890.25,26996.75
2024-09-09,FY24-25,24,S04,P05,89.0,0.0,89.0,90.0,1,0,1,Ganesh Chaturthi,1.183,550,362,188,48950.0,23454.5,25495.5
2024-09-16,FY24-25,25,S04,P05,89.0,0.0,89.0,90.0,0,0,1,Ganesh Chaturthi,1.183,593,394,199,52777.0,25370.5,27406.5
2024-09-23,FY24-25,26,S04,P05,89.0,0.0,89.0,90.0,0,0,0,,1.056,458,299,159,40762.0,19476.75,21285.25
2024-09-30,FY24-25,27,S04,P05,89.0,0.0,89.0,90.0,0,0,1,Navratri,1.12,526,301,225,46814.0,21425.25,25388.75
2024-10-07,FY24-25,28,S04,P05,89.0,0.0,89.0,90.0,0,0,1,Navratri,1.12,551,315,236,49039.0,22436.75,26602.25
2024-10-14,FY24-25,29,S04,P05,89.0,0.0,89.0,90.0,0,0,0,,1.0,478,262,216,42542.0,19213.5,23328.5
2024-10-21,FY24-25,30,S04,P05,89.0,0.1,80.1,90.0,0,1,0,,1.0,548,302,246,43894.8,21391.55,22503.25
2024-10-28,FY24-25,31,S04,P05,89.0,0.0,89.0,91.0,0,0,1,Diwali,1.12,532,323,209,47348.0,22082.75,25265.25
2024-11-04,FY24-25,32,S04,P05,89.0,0.0,89.0,91.0,0,0,0,,1.0,476,268,208,42364.0,19291.0,23073.0
2024-11-11,FY24-25,33,S04,P05,89.0,0.0,89.0,91.0,0,0,0,,1.0,436,245,191,38804.0,17659.25,21144.75
2024-11-18,FY24-25,34,S04,P05,89.0,0.0,89.0,91.0,0,0,0,,1.0,450,245,205,40050.0,18051.25,21998.75
2024-11-25,FY24-25,35,S04,P05,89.0,0.0,89.0,91.0,0,0,0,,1.0,562,310,252,50018.0,22633.5,27384.5
2024-12-02,FY24-25,36,S04,P05,89.0,0.0,89.0,91.0,0,0,0,,1.0,473,240,233,42097.0,18584.0,23513.0
2024-12-09,FY24-25,37,S04,P05,89.0,0.0,89.0,91.0,0,0,0,,1.0,454,250,204,40406.0,18274.5,22131.5
2024-12-16,FY24-25,38,S04,P05,89.0,0.0,89.0,91.0,0,0,1,Year End,1.0,435,246,189,38715.0,17653.5,21061.5
2024-12-23,FY24-25,39,S04,P05,89.0,0.0,89.0,91.0,0,0,1,Year End,1.0,482,271,211,42898.0,19525.75,23372.25
2024-12-30,FY24-25,40,S04,P05,89.0,0.0,89.0,91.0,0,0,1,Year End,1.0,488,282,206,43432.0,19938.5,23493.5
2025-01-06,FY24-25,41,S04,P05,89.0,0.0,89.0,91.0,0,0,0,,1.0,435,254,181,38715.0,17831.5,20883.5
2025-01-13,FY24-25,42,S04,P05,89.0,0.0,89.0,92.0,0,0,0,,1.0,546,304,242,48594.0,22052.0,26542.0
2025-01-20,FY24-25,43,S04,P05,89.0,0.0,89.0,92.0,0,0,0,,1.0,516,306,210,45924.0,21256.5,24667.5
2025-01-27,FY24-25,44,S04,P05,89.0,0.0,89.0,92.0,0,0,0,,1.0,530,308,222,47170.0,21693.0,25477.0
2025-02-03,FY24-25,45,S04,P05,89.0,0.0,89.0,92.0,0,0,0,,1.0,582,314,268,51798.0,23282.5,28515.5
2025-02-10,FY24-25,46,S04,P05,89.0,0.0,89.0,92.0,0,0,0,,1.0,470,259,211,41830.0,18922.75,22907.25
2025-02-17,FY24-25,47,S04,P05,89.0,0.0,89.0,92.0,0,0,0,,1.0,442,236,206,39338.0,17627.0,21711.0
2025-02-24,FY24-25,48,S04,P05,89.0,0.0,89.0,92.0,0,0,0,,1.0,476,259,217,42364.0,19090.75,23273.25
2025-03-03,FY24-25,49,S04,P05,89.0,0.0,89.0,92.0,0,0,0,,1.0,610,345,265,54290.0,24756.25,29533.75
2025-03-10,FY24-25,50,S04,P05,89.0,0.0,89.0,92.0,0,0,0,,1.0,505,289,216,44945.0,20570.25,24374.75
2025-03-17,FY24-25,51,S04,P05,89.0,0.0,89.0,92.0,0,0,0,,1.0,457,261,196,40673.0,18603.25,22069.75
2025-03-24,FY24-25,52,S04,P05,89.0,0.0,89.0,92.0,0,0,0,,1.0,471,284,187,41919.0,19507.0,22412.0
2025-03-31,FY24-25,53,S04,P05,99.0,0.0,99.0,92.0,0,0,0,,1.0,479,268,211,47421.0,20045.0,27376.0
2025-04-07,FY25-26,54,S04,P05,99.0,0.0,99.0,93.0,0,0,0,,1.0,410,254,156,40590.0,17766.5,22823.5
2025-04-14,FY25-26,55,S04,P05,99.0,0.0,99.0,93.0,0,0,0,,1.0,493,251,242,48807.0,20016.25,28790.75
2025-04-21,FY25-26,56,S04,P05,99.0,0.0,99.0,93.0,0,0,0,,1.0,470,251,219,46530.0,19372.25,27157.75
2025-04-28,FY25-26,57,S04,P05,99.0,0.0,99.0,93.0,0,0,0,,1.0,444,244,200,43956.0,18471.0,25485.0
2025-05-05,FY25-26,58,S04,P05,99.0,0.0,99.0,93.0,0,0,0,,1.0,501,274,227,49599.0,20809.5,28789.5
2025-05-12,FY25-26,59,S04,P05,99.0,0.1,89.1,79.0,0,1,0,,1.0,453,251,202,40362.3,18275.03,22087.27
2025-05-19,FY25-26,60,S04,P05,99.0,0.0,99.0,93.0,0,0,0,,1.0,410,224,186,40590.0,17024.0,23566.0
2025-05-26,FY25-26,61,S04,P05,99.0,0.0,99.0,93.0,0,0,0,,1.0,450,241,209,44550.0,18564.75,25985.25
2025-06-02,FY25-26,62,S04,P05,99.0,0.0,99.0,93.0,0,0,0,,1.056,436,273,163,43164.0,18964.75,24199.25
2025-06-09,FY25-26,63,S04,P05,99.0,0.0,99.0,93.0,0,0,0,,1.056,424,266,158,41976.0,18455.5,23520.5
2025-06-16,FY25-26,64,S04,P05,99.0,0.0,99.0,93.0,0,0,0,,1.056,409,266,143,40491.0,18035.5,22455.5
2025-06-23,FY25-26,65,S04,P05,99.0,0.0,99.0,94.0,0,0,0,,1.056,471,305,166,46629.0,20736.75,25892.25
2025-06-30,FY25-26,66,S04,P05,99.0,0.0,99.0,94.0,0,0,0,,1.056,416,260,156,41184.0,18083.0,23101.0
2025-07-07,FY25-26,67,S04,P05,99.0,0.0,99.0,94.0,0,0,0,,1.056,508,329,179,50292.0,22366.75,27925.25
2025-07-14,FY25-26,68,S04,P05,99.0,0.0,99.0,94.0,0,0,0,,1.056,502,320,182,49698.0,21976.0,27722.0
2025-07-21,FY25-26,69,S04,P05,99.0,0.0,99.0,94.0,0,0,0,,1.056,416,276,140,41184.0,18479.0,22705.0
2025-07-28,FY25-26,70,S04,P05,99.0,0.0,99.0,94.0,0,0,0,,1.056,423,264,159,41877.0,18378.0,23499.0
2025-08-04,FY25-26,71,S04,P05,99.0,0.0,99.0,94.0,0,0,0,,1.056,469,316,153,46431.0,20953.0,25478.0
2025-08-11,FY25-26,72,S04,P05,99.0,0.0,99.0,94.0,0,0,0,,1.056,491,332,159,48609.0,21965.0,26644.0
2025-08-18,FY25-26,73,S04,P05,99.0,0.0,99.0,94.0,0,0,0,,1.056,408,266,142,40392.0,18007.5,22384.5
2025-08-25,FY25-26,74,S04,P05,99.0,0.0,99.0,94.0,0,0,1,Ganesh Chaturthi,1.183,492,332,160,48708.0,21993.0,26715.0
2025-09-01,FY25-26,75,S04,P05,99.0,0.0,99.0,94.0,0,0,1,Ganesh Chaturthi,1.183,562,358,204,55638.0,24596.5,31041.5
2025-09-08,FY25-26,76,S04,P05,99.0,0.0,99.0,94.0,0,0,0,,1.056,446,300,146,44154.0,19913.0,24241.0
2025-09-15,FY25-26,77,S04,P05,99.0,0.0,99.0,95.0,0,0,0,,1.056,456,281,175,45144.0,19722.75,25421.25
2025-09-22,FY25-26,78,S04,P05,99.0,0.0,99.0,95.0,0,0,1,Navratri,1.183,460,289,171,45540.0,20032.75,25507.25
2025-09-29,FY25-26,79,S04,P05,99.0,0.0,99.0,95.0,0,0,1,Navratri,1.12,454,248,206,44946.0,18850.0,26096.0
2025-10-06,FY25-26,80,S04,P05,99.0,0.0,99.0,95.0,0,0,0,,1.0,456,253,203,45144.0,19029.75,26114.25
2025-10-13,FY25-26,81,S04,P05,99.0,0.0,99.0,95.0,0,0,1,Diwali,1.12,493,269,224,48807.0,20461.75,28345.25
2025-10-20,FY25-26,82,S04,P05,99.0,0.0,99.0,95.0,0,0,1,Diwali,1.12,571,310,261,56529.0,23660.5,32868.5
2025-10-27,FY25-26,83,S04,P05,99.0,0.0,99.0,95.0,0,0,0,,1.0,409,236,173,40491.0,17293.0,23198.0
2025-11-03,FY25-26,84,S04,P05,99.0,0.0,99.0,95.0,0,0,0,,1.0,425,245,180,42075.0,17963.75,24111.25
2025-11-10,FY25-26,85,S04,P05,99.0,0.0,99.0,95.0,0,0,0,,1.0,404,205,199,39996.0,16385.75,23610.25
2025-11-17,FY25-26,86,S04,P05,99.0,0.0,99.0,95.0,0,0,0,,1.0,469,264,205,46431.0,19666.0,26765.0
2025-11-24,FY25-26,87,S04,P05,99.0,0.0,99.0,95.0,0,0,0,,1.0,396,217,179,39204.0,16458.75,22745.25
2025-12-01,FY25-26,88,S04,P05,99.0,0.0,99.0,96.0,0,0,0,,1.0,437,231,206,43263.0,17953.25,25309.75
2025-12-08,FY25-26,89,S04,P05,99.0,0.0,99.0,96.0,0,0,0,,1.0,434,253,181,42966.0,18413.75,24552.25
2025-12-15,FY25-26,90,S04,P05,99.0,0.0,99.0,96.0,0,0,0,,1.0,425,217,208,42075.0,17270.75,24804.25
2025-12-22,FY25-26,91,S04,P05,99.0,0.0,99.0,96.0,0,0,1,Year End,1.0,379,186,193,37521.0,15215.5,22305.5
2025-12-29,FY25-26,92,S04,P05,99.0,0.0,99.0,96.0,0,0,1,Year End,1.0,509,281,228,50391.0,21206.75,29184.25
2026-01-05,FY25-26,93,S04,P05,99.0,0.0,99.0,96.0,0,0,0,,1.0,405,235,170,40095.0,17156.25,22938.75
2026-01-12,FY25-26,94,S04,P05,99.0,0.0,99.0,96.0,0,0,0,,1.0,432,231,201,42768.0,17813.25,24954.75
2026-01-19,FY25-26,95,S04,P05,99.0,0.0,99.0,96.0,0,0,0,,1.0,377,217,160,37323.0,15926.75,21396.25
2026-01-26,FY25-26,96,S04,P05,99.0,0.0,99.0,96.0,0,0,0,,1.0,429,224,205,42471.0,17556.0,24915.0
2026-02-02,FY25-26,97,S04,P05,99.0,0.0,99.0,96.0,0,0,0,,1.0,416,229,187,41184.0,17315.75,23868.25
2026-02-09,FY25-26,98,S04,P05,99.0,0.0,99.0,96.0,0,0,0,,1.0,463,271,192,45837.0,19671.25,26165.75
2026-02-16,FY25-26,99,S04,P05,99.0,0.0,99.0,82.0,0,0,0,,1.0,393,226,167,38907.0,16597.5,22309.5
2026-02-23,FY25-26,100,S04,P05,99.0,0.0,99.0,97.0,0,0,0,,1.0,421,238,183,41679.0,17678.5,24000.5
2026-03-02,FY25-26,101,S04,P05,99.0,0.0,99.0,97.0,0,0,0,,1.0,523,307,216,51777.0,22242.25,29534.75
2026-03-09,FY25-26,102,S04,P05,99.0,0.0,99.0,97.0,0,0,0,,1.0,482,257,225,47718.0,19856.75,27861.25
2026-03-16,FY25-26,103,S04,P05,99.0,0.0,99.0,97.0,0,0,0,,1.0,440,241,199,43560.0,18284.75,25275.25
2026-03-23,FY25-26,104,S04,P05,99.0,0.0,99.0,97.0,0,0,0,,1.0,473,274,199,46827.0,20025.5,26801.5
2024-04-01,FY24-25,1,S04,P06,119.0,0.0,119.0,114.0,0,0,0,,1.2,408,240,168,48552.0,21420.0,27132.0
2024-04-08,FY24-25,2,S04,P06,119.0,0.0,119.0,115.0,0,0,0,,1.2,397,218,179,47243.0,20380.5,26862.5
2024-04-15,FY24-25,3,S04,P06,119.0,0.0,119.0,115.0,0,0,0,,1.2,391,212,179,46529.0,19992.0,26537.0
2024-04-22,FY24-25,4,S04,P06,119.0,0.0,119.0,115.0,0,0,0,,1.2,388,224,164,46172.0,20244.0,25928.0
2024-04-29,FY24-25,5,S04,P06,119.0,0.2,95.2,115.0,0,1,0,,1.2,535,296,239,50932.0,25769.8,25162.2
2024-05-06,FY24-25,6,S04,P06,119.0,0.0,119.0,115.0,0,0,0,,1.2,422,244,178,50218.0,22029.0,28189.0
2024-05-13,FY24-25,7,S04,P06,119.0,0.0,119.0,115.0,0,0,0,,1.2,433,238,195,51527.0,22235.5,29291.5
2024-05-20,FY24-25,8,S04,P06,119.0,0.0,119.0,115.0,0,0,0,,1.2,438,246,192,52122.0,22648.5,29473.5
2024-05-27,FY24-25,9,S04,P06,119.0,0.2,95.2,115.0,0,1,0,,1.2,596,321,275,56739.2,28499.8,28239.4
2024-06-03,FY24-25,10,S04,P06,119.0,0.0,119.0,115.0,0,0,0,,0.96,331,209,122,39389.0,17802.75,21586.25
2024-06-10,FY24-25,11,S04,P06,119.0,0.0,119.0,115.0,0,0,0,,0.96,326,212,114,38794.0,17717.0,21077.0
2024-06-17,FY24-25,12,S04,P06,119.0,0.0,119.0,116.0,0,0,0,,0.96,340,220,120,40460.0,18445.0,22015.0
2024-06-24,FY24-25,13,S04,P06,119.0,0.0,119.0,116.0,0,0,0,,0.96,322,219,103,38318.0,17785.25,20532.75
2024-07-01,FY24-25,14,S04,P06,119.0,0.0,119.0,98.0,0,0,0,,0.96,281,184,97,33439.0,15309.0,18130.0
2024-07-08,FY24-25,15,S04,P06,119.0,0.0,119.0,116.0,0,0,0,,0.96,315,204,111,37485.0,17094.0,20391.0
2024-07-15,FY24-25,16,S04,P06,119.0,0.0,119.0,116.0,0,0,0,,0.96,315,193,122,37485.0,16766.75,20718.25
2024-07-22,FY24-25,17,S04,P06,119.0,0.0,119.0,99.0,0,0,0,,0.96,291,179,112,34629.0,15510.25,19118.75
2024-07-29,FY24-25,18,S04,P06,119.0,0.0,119.0,116.0,0,0,0,,0.96,320,212,108,38080.0,17507.0,20573.0
2024-08-05,FY24-25,19,S04,P06,119.0,0.1,107.1,116.0,0,1,0,,0.96,342,215,127,36628.2,17726.62,18901.58
2024-08-12,FY24-25,20,S04,P06,119.0,0.2,95.2,116.0,0,1,0,,0.96,444,292,152,42268.8,22489.6,19779.2
2024-08-19,FY24-25,21,S04,P06,119.0,0.1,107.1,117.0,0,1,0,,0.96,400,268,132,42840.0,21175.7,21664.3
2024-08-26,FY24-25,22,S04,P06,119.0,0.0,119.0,117.0,0,0,0,,0.96,337,243,94,40103.0,19024.25,21078.75
2024-09-02,FY24-25,23,S04,P06,119.0,0.0,119.0,117.0,0,0,1,Ganesh Chaturthi,1.075,344,224,120,40936.0,18704.0,22232.0
2024-09-09,FY24-25,24,S04,P06,119.0,0.0,119.0,117.0,0,0,1,Ganesh Chaturthi,1.075,395,268,127,47005.0,21798.0,25207.0
2024-09-16,FY24-25,25,S04,P06,119.0,0.0,119.0,117.0,0,0,1,Ganesh Chaturthi,1.075,350,235,115,41650.0,19241.25,22408.75
2024-09-23,FY24-25,26,S04,P06,119.0,0.0,119.0,117.0,0,0,0,,0.96,367,237,130,43673.0,19895.75,23777.25
2024-09-30,FY24-25,27,S04,P06,119.0,0.0,119.0,117.0,0,0,1,Navratri,1.12,394,220,174,46886.0,20335.0,26551.0
2024-10-07,FY24-25,28,S04,P06,119.0,0.0,119.0,117.0,0,0,1,Navratri,1.12,447,244,203,53193.0,22904.0,30289.0
2024-10-14,FY24-25,29,S04,P06,119.0,0.0,119.0,117.0,0,0,0,,1.0,382,212,170,45458.0,19677.0,25781.0
2024-10-21,FY24-25,30,S04,P06,119.0,0.0,119.0,118.0,0,0,0,,1.0,367,191,176,43673.0,18527.25,25145.75
2024-10-28,FY24-25,31,S04,P06,119.0,0.0,119.0,118.0,0,0,1,Diwali,1.12,402,221,181,47838.0,20644.75,27193.25
2024-11-04,FY24-25,32,S04,P06,119.0,0.0,119.0,118.0,0,0,0,,1.0,354,202,152,42126.0,18399.5,23726.5
2024-11-11,FY24-25,33,S04,P06,109.0,0.0,109.0,118.0,1,0,0,,1.0,371,202,169,40439.0,18489.5,21949.5
2024-11-18,FY24-25,34,S04,P06,109.0,0.0,109.0,118.0,1,0,0,,1.0,384,204,180,41856.0,18999.0,22857.0
2024-11-25,FY24-25,35,S04,P06,109.0,0.0,109.0,118.0,1,0,0,,1.0,378,211,167,41202.0,18979.75,22222.25
2024-12-02,FY24-25,36,S04,P06,109.0,0.0,109.0,118.0,1,0,0,,1.0,439,234,205,47851.0,21741.5,26109.5
2024-12-09,FY24-25,37,S04,P06,119.0,0.0,119.0,118.0,0,0,0,,1.0,298,144,154,35462.0,14714.0,20748.0
2024-12-16,FY24-25,38,S04,P06,119.0,0.0,119.0,118.0,0,0,1,Year End,1.0,370,185,185,44030.0,18453.75,25576.25
2024-12-23,FY24-25,39,S04,P06,119.0,0.0,119.0,119.0,0,0,1,Year End,1.0,362,201,161,43078.0,18649.75,24428.25
2024-12-30,FY24-25,40,S04,P06,119.0,0.0,119.0,119.0,0,0,1,Year End,1.0,293,153,140,34867.0,14806.75,20060.25
2025-01-06,FY24-25,41,S04,P06,119.0,0.0,119.0,119.0,0,0,0,,1.0,361,191,170,42959.0,18317.25,24641.75
2025-01-13,FY24-25,42,S04,P06,119.0,0.0,119.0,119.0,0,0,0,,1.0,339,191,148,40341.0,17547.25,22793.75
2025-01-20,FY24-25,43,S04,P06,119.0,0.0,119.0,119.0,0,0,0,,1.0,351,201,150,41769.0,18264.75,23504.25
2025-01-27,FY24-25,44,S04,P06,119.0,0.0,119.0,119.0,0,0,0,,1.0,347,177,170,41293.0,17410.75,23882.25
2025-02-03,FY24-25,45,S04,P06,119.0,0.15,101.15,119.0,0,1,0,,1.0,474,248,226,47945.1,22861.3,25083.8
2025-02-10,FY24-25,46,S04,P06,119.0,0.2,95.2,119.0,0,1,0,,1.0,470,264,206,44744.0,22733.2,22010.8
2025-02-17,FY24-25,47,S04,P06,119.0,0.0,119.0,119.0,0,0,0,,1.0,351,189,162,41769.0,17907.75,23861.25
2025-02-24,FY24-25,48,S04,P06,119.0,0.0,119.0,120.0,0,0,0,,1.0,403,230,173,47957.0,20947.5,27009.5
2025-03-03,FY24-25,49,S04,P06,119.0,0.0,119.0,120.0,0,0,0,,1.0,378,213,165,44982.0,19566.75,25415.25
2025-03-10,FY24-25,50,S04,P06,119.0,0.0,119.0,120.0,0,0,0,,1.0,381,217,164,45339.0,19790.75,25548.25
2025-03-17,FY24-25,51,S04,P06,119.0,0.2,95.2,120.0,0,1,0,,1.0,463,260,203,44077.6,22393.0,21684.6
2025-03-24,FY24-25,52,S04,P06,119.0,0.0,119.0,120.0,0,0,0,,1.0,397,219,178,47243.0,20410.25,26832.75
2025-03-31,FY24-25,53,S04,P06,129.0,0.0,129.0,120.0,0,0,0,,1.2,404,212,192,52116.0,20977.0,31139.0
2025-04-07,FY25-26,54,S04,P06,129.0,0.1,116.1,120.0,0,1,0,,1.2,438,233,205,50851.8,22092.82,28758.98
2025-04-14,FY25-26,55,S04,P06,129.0,0.0,129.0,120.0,0,0,0,,1.2,373,208,165,48117.0,19763.0,28354.0
2025-04-21,FY25-26,56,S04,P06,129.0,0.0,129.0,120.0,0,0,0,,1.2,357,188,169,46053.0,18558.0,27495.0
2025-04-28,FY25-26,57,S04,P06,129.0,0.0,129.0,121.0,0,0,0,,1.2,378,207,171,48762.0,19905.75,28856.25
2025-05-05,FY25-26,58,S04,P06,129.0,0.0,129.0,121.0,0,0,0,,1.2,352,194,158,45408.0,18576.5,26831.5
2025-05-12,FY25-26,59,S04,P06,129.0,0.0,129.0,121.0,0,0,0,,1.2,372,206,166,47988.0,19663.5,28324.5
2025-05-19,FY25-26,60,S04,P06,129.0,0.0,129.0,121.0,0,0,0,,1.2,424,242,182,54696.0,22644.5,32051.5
2025-05-26,FY25-26,61,S04,P06,129.0,0.0,129.0,121.0,0,0,0,,1.2,385,210,175,49665.0,20247.5,29417.5
2025-06-02,FY25-26,62,S04,P06,129.0,0.0,129.0,121.0,0,0,0,,0.96,328,209,119,42312.0,18220.25,24091.75
2025-06-09,FY25-26,63,S04,P06,129.0,0.0,129.0,121.0,0,0,0,,0.96,306,188,118,39474.0,16773.0,22701.0
2025-06-16,FY25-26,64,S04,P06,129.0,0.0,129.0,121.0,0,0,0,,0.96,277,172,105,35733.0,15242.0,20491.0
2025-06-23,FY25-26,65,S04,P06,129.0,0.0,129.0,121.0,0,0,0,,0.96,321,207,114,41409.0,17910.75,23498.25
2025-06-30,FY25-26,66,S04,P06,129.0,0.0,129.0,122.0,0,0,0,,0.96,333,212,121,42957.0,18492.0,24465.0
2025-07-07,FY25-26,67,S04,P06,129.0,0.0,129.0,103.0,0,0,0,,0.96,313,222,91,40377.0,18114.5,22262.5
2025-07-14,FY25-26,68,S04,P06,129.0,0.1,116.1,122.0,0,1,0,,0.96,401,269,132,46556.1,21842.72,24713.38
2025-07-21,FY25-26,69,S04,P06,129.0,0.0,129.0,122.0,0,0,0,,0.96,273,172,101,35217.0,15102.0,20115.0
2025-07-28,FY25-26,70,S04,P06,129.0,0.0,129.0,122.0,0,0,0,,0.96,293,186,107,37797.0,16253.5,21543.5
2025-08-04,FY25-26,71,S04,P06,129.0,0.0,129.0,104.0,0,0,0,,0.96,298,189,109,38442.0,16525.25,21916.75
2025-08-11,FY25-26,72,S04,P06,129.0,0.0,129.0,122.0,0,0,0,,0.96,323,211,112,41667.0,18109.75,23557.25
2025-08-18,FY25-26,73,S04,P06,129.0,0.0,129.0,122.0,0,0,0,,0.96,349,230,119,45021.0,19632.5,25388.5
2025-08-25,FY25-26,74,S04,P06,129.0,0.0,129.0,104.0,0,0,1,Ganesh Chaturthi,1.075,296,187,109,38184.0,16390.75,21793.25
2025-09-01,FY25-26,75,S04,P06,129.0,0.0,129.0,123.0,0,0,1,Ganesh Chaturthi,1.075,332,218,114,42828.0,18650.5,24177.5
2025-09-08,FY25-26,76,S04,P06,129.0,0.0,129.0,123.0,0,0,0,,0.96,341,214,127,43989.0,18836.5,25152.5
2025-09-15,FY25-26,77,S04,P06,139.0,0.0,139.0,123.0,1,0,0,,0.96,267,165,102,37113.0,15078.75,22034.25
2025-09-22,FY25-26,78,S04,P06,139.0,0.0,139.0,123.0,1,0,1,Navratri,1.075,294,179,115,40866.0,16510.25,24355.75
2025-09-29,FY25-26,79,S04,P06,139.0,0.0,139.0,123.0,1,0,1,Navratri,1.12,301,169,132,41839.0,16407.75,25431.25
2025-10-06,FY25-26,80,S04,P06,139.0,0.0,139.0,123.0,1,0,0,,1.0,298,165,133,41422.0,16163.75,25258.25
2025-10-13,FY25-26,81,S04,P06,129.0,0.0,129.0,123.0,0,0,1,Diwali,1.12,324,164,160,41796.0,16629.0,25167.0
2025-10-20,FY25-26,82,S04,P06,129.0,0.0,129.0,123.0,0,0,1,Diwali,1.12,345,203,142,44505.0,18621.75,25883.25
2025-10-27,FY25-26,83,S04,P06,129.0,0.0,129.0,124.0,0,0,0,,1.0,318,167,151,41022.0,16515.75,24506.25
2025-11-03,FY25-26,84,S04,P06,129.0,0.0,129.0,124.0,0,0,0,,1.0,317,175,142,40893.0,16738.75,24154.25
2025-11-10,FY25-26,85,S04,P06,129.0,0.0,129.0,124.0,0,0,0,,1.0,354,201,153,45666.0,18872.25,26793.75
2025-11-17,FY25-26,86,S04,P06,129.0,0.0,129.0,124.0,0,0,0,,1.0,290,165,125,37410.0,15471.25,21938.75
2025-11-24,FY25-26,87,S04,P06,129.0,0.1,116.1,124.0,0,1,0,,1.0,387,190,197,44930.7,19059.75,25870.95
2025-12-01,FY25-26,88,S04,P06,129.0,0.0,129.0,124.0,0,0,0,,1.0,352,215,137,45408.0,19253.75,26154.25
2025-12-08,FY25-26,89,S04,P06,129.0,0.0,129.0,124.0,0,0,0,,1.0,276,150,126,35604.0,14497.5,21106.5
2025-12-15,FY25-26,90,S04,P06,129.0,0.0,129.0,124.0,0,0,0,,1.0,379,222,157,48891.0,20424.5,28466.5
2025-12-22,FY25-26,91,S04,P06,129.0,0.0,129.0,124.0,0,0,1,Year End,1.0,279,151,128,35991.0,14634.75,21356.25
2025-12-29,FY25-26,92,S04,P06,129.0,0.0,129.0,125.0,0,0,1,Year End,1.0,414,239,175,53406.0,22197.75,31208.25
2026-01-05,FY25-26,93,S04,P06,129.0,0.0,129.0,125.0,0,0,0,,1.0,347,198,149,44763.0,18530.5,26232.5
2026-01-12,FY25-26,94,S04,P06,129.0,0.0,129.0,125.0,0,0,0,,1.0,348,201,147,44892.0,18662.25,26229.75
2026-01-19,FY25-26,95,S04,P06,129.0,0.0,129.0,125.0,0,0,0,,1.0,350,203,147,45150.0,18796.75,26353.25
2026-01-26,FY25-26,96,S04,P06,129.0,0.0,129.0,125.0,0,0,0,,1.0,298,168,130,38442.0,15848.0,22594.0
2026-02-02,FY25-26,97,S04,P06,129.0,0.0,129.0,106.0,0,0,0,,1.0,269,146,123,34701.0,14123.5,20577.5
2026-02-09,FY25-26,98,S04,P06,129.0,0.0,129.0,125.0,0,0,0,,1.0,296,154,142,38184.0,15326.5,22857.5
2026-02-16,FY25-26,99,S04,P06,129.0,0.0,129.0,125.0,0,0,0,,1.0,383,212,171,49407.0,20242.0,29165.0
2026-02-23,FY25-26,100,S04,P06,129.0,0.0,129.0,126.0,0,0,0,,1.0,347,187,160,44763.0,18175.75,26587.25
2026-03-02,FY25-26,101,S04,P06,129.0,0.0,129.0,126.0,0,0,0,,1.0,303,162,141,39087.0,15829.5,23257.5
2026-03-09,FY25-26,102,S04,P06,129.0,0.0,129.0,126.0,0,0,0,,1.0,355,179,176,45795.0,18197.75,27597.25
2026-03-16,FY25-26,103,S04,P06,129.0,0.0,129.0,126.0,0,0,0,,1.0,285,157,128,36765.0,15038.25,21726.75
2026-03-23,FY25-26,104,S04,P06,129.0,0.0,129.0,126.0,0,0,0,,1.0,317,171,146,40893.0,16609.75,24283.25
2024-04-01,FY24-25,1,S05,P01,189.0,0.0,189.0,168.0,0,0,0,,1.0,375,214,161,70875.0,36361.5,34513.5
2024-04-08,FY24-25,2,S05,P01,189.0,0.0,189.0,168.0,0,0,0,,1.0,422,246,176,79758.0,41163.5,38594.5
2024-04-15,FY24-25,3,S05,P01,189.0,0.0,189.0,168.0,0,0,0,,1.0,341,191,150,64449.0,32894.75,31554.25
2024-04-22,FY24-25,4,S05,P01,189.0,0.0,189.0,168.0,0,0,0,,1.0,387,202,185,73143.0,36634.5,36508.5
2024-04-29,FY24-25,5,S05,P01,199.0,0.0,199.0,169.0,1,0,0,,1.0,345,196,149,68655.0,33901.0,34754.0
2024-05-06,FY24-25,6,S05,P01,199.0,0.0,199.0,169.0,1,0,0,,1.0,431,249,182,85769.0,42557.75,43211.25
2024-05-13,FY24-25,7,S05,P01,199.0,0.0,199.0,169.0,1,0,0,,1.0,426,233,193,84774.0,41411.75,43362.25
2024-05-20,FY24-25,8,S05,P01,199.0,0.0,199.0,169.0,1,0,0,,1.0,389,224,165,77411.0,38374.0,39037.0
2024-05-27,FY24-25,9,S05,P01,189.0,0.0,189.0,169.0,0,0,0,,1.0,403,210,193,76167.0,38132.5,38034.5
2024-06-03,FY24-25,10,S05,P01,189.0,0.0,189.0,169.0,0,0,0,,0.96,377,239,138,71253.0,37682.75,33570.25
2024-06-10,FY24-25,11,S05,P01,189.0,0.0,189.0,170.0,0,0,0,,0.96,382,237,145,72198.0,37938.25,34259.75
2024-06-17,FY24-25,12,S05,P01,189.0,0.0,189.0,170.0,0,0,0,,0.96,337,228,109,63693.0,34363.0,29330.0
2024-06-24,FY24-25,13,S05,P01,189.0,0.0,189.0,170.0,0,0,0,,0.96,361,230,131,68229.0,36137.5,32091.5
2024-07-01,FY24-25,14,S05,P01,189.0,0.1,170.1,170.0,0,1,0,,0.96,518,350,168,88111.8,51143.75,36968.05
2024-07-08,FY24-25,15,S05,P01,189.0,0.1,170.1,170.0,0,1,0,,0.96,399,274,125,67869.9,39581.85,28288.05
2024-07-15,FY24-25,16,S05,P01,189.0,0.15,160.65,170.0,0,1,0,,0.96,509,340,169,81770.85,49285.25,32485.6
2024-07-22,FY24-25,17,S05,P01,189.0,0.0,189.0,170.0,0,0,0,,0.96,356,214,142,67284.0,35031.5,32252.5
2024-07-29,FY24-25,18,S05,P01,189.0,0.0,189.0,171.0,0,0,0,,0.96,381,253,128,72009.0,38624.25,33384.75
2024-08-05,FY24-25,19,S05,P01,189.0,0.0,189.0,171.0,0,0,0,,0.96,372,234,138,70308.0,37096.5,33211.5
2024-08-12,FY24-25,20,S05,P01,189.0,0.0,189.0,171.0,0,0,0,,0.96,394,247,147,74466.0,39250.75,35215.25
2024-08-19,FY24-25,21,S05,P01,189.0,0.0,189.0,171.0,0,0,0,,0.96,378,249,129,71442.0,38225.25,33216.75
2024-08-26,FY24-25,22,S05,P01,189.0,0.0,189.0,171.0,0,0,0,,0.96,411,273,138,77679.0,41669.25,36009.75
2024-09-02,FY24-25,23,S05,P01,189.0,0.2,151.2,171.0,0,1,1,Ganesh Chaturthi,0.96,512,352,160,77414.4,49145.6,28268.8
2024-09-09,FY24-25,24,S05,P01,189.0,0.0,189.0,146.0,0,0,1,Ganesh Chaturthi,0.96,388,232,156,73332.0,38122.0,35210.0
2024-09-16,FY24-25,25,S05,P01,189.0,0.15,160.65,172.0,0,1,1,Ganesh Chaturthi,0.96,447,293,154,71810.55,43057.61,28752.94
2024-09-23,FY24-25,26,S05,P01,189.0,0.0,189.0,172.0,0,0,0,,0.96,392,241,151,74088.0,38827.25,35260.75
2024-09-30,FY24-25,27,S05,P01,189.0,0.0,189.0,172.0,0,0,1,Navratri,1.0,384,188,196,72576.0,35763.0,36813.0
2024-10-07,FY24-25,28,S05,P01,189.0,0.0,189.0,172.0,0,0,1,Navratri,1.0,434,248,186,82026.0,42098.0,39928.0
2024-10-14,FY24-25,29,S05,P01,189.0,0.0,189.0,172.0,0,0,0,,1.0,378,200,178,71442.0,35910.0,35532.0
2024-10-21,FY24-25,30,S05,P01,189.0,0.0,189.0,173.0,0,0,0,,1.0,385,222,163,72765.0,37439.5,35325.5
2024-10-28,FY24-25,31,S05,P01,189.0,0.1,170.1,173.0,0,1,1,Diwali,1.0,486,289,197,82668.6,46309.72,36358.88
2024-11-04,FY24-25,32,S05,P01,189.0,0.0,189.0,173.0,0,0,0,,1.0,412,213,199,77868.0,38904.25,38963.75
2024-11-11,FY24-25,33,S05,P01,189.0,0.0,189.0,173.0,0,0,0,,1.0,385,202,183,72765.0,36494.5,36270.5
2024-11-18,FY24-25,34,S05,P01,189.0,0.15,160.65,173.0,0,1,0,,1.0,463,246,217,74380.95,42289.98,32090.97
2024-11-25,FY24-25,35,S05,P01,189.0,0.15,160.65,173.0,0,1,0,,1.0,487,280,207,78236.55,45335.5,32901.05
2024-12-02,FY24-25,36,S05,P01,189.0,0.0,189.0,174.0,0,0,0,,1.0,468,249,219,88452.0,44525.25,43926.75
2024-12-09,FY24-25,37,S05,P01,189.0,0.15,160.65,148.0,0,1,0,,1.0,515,273,242,82734.75,47014.36,35720.39
2024-12-16,FY24-25,38,S05,P01,189.0,0.0,189.0,174.0,0,0,1,Year End,1.1,506,274,232,95634.0,48366.5,47267.5
2024-12-23,FY24-25,39,S05,P01,189.0,0.0,189.0,174.0,0,0,1,Year End,1.1,464,248,216,87696.0,44198.0,43498.0
2024-12-30,FY24-25,40,S05,P01,189.0,0.0,189.0,174.0,0,0,1,Year End,1.1,527,273,254,99603.0,49789.25,49813.75
2025-01-06,FY24-25,41,S05,P01,189.0,0.0,189.0,174.0,0,0,0,,1.0,429,230,199,81081.0,40897.5,40183.5
2025-01-13,FY24-25,42,S05,P01,189.0,0.0,189.0,175.0,0,0,0,,1.0,414,233,181,78246.0,39989.25,38256.75
2025-01-20,FY24-25,43,S05,P01,189.0,0.0,189.0,175.0,0,0,0,,1.0,382,216,166,72198.0,36946.0,35252.0
2025-01-27,FY24-25,44,S05,P01,189.0,0.0,189.0,175.0,0,0,0,,1.0,404,212,192,76356.0,38297.0,38059.0
2025-02-03,FY24-25,45,S05,P01,189.0,0.0,189.0,175.0,0,0,0,,1.0,403,233,170,76167.0,39219.25,36947.75
2025-02-10,FY24-25,46,S05,P01,189.0,0.0,189.0,149.0,0,0,0,,1.0,335,179,156,63315.0,31907.75,31407.25
2025-02-17,FY24-25,47,S05,P01,189.0,0.0,189.0,149.0,0,0,0,,1.0,347,197,150,65583.0,33598.25,31984.75
2025-02-24,FY24-25,48,S05,P01,189.0,0.0,189.0,176.0,0,0,0,,1.0,385,211,174,72765.0,36919.75,35845.25
2025-03-03,FY24-25,49,S05,P01,189.0,0.15,160.65,176.0,0,1,0,,1.0,594,341,253,95426.1,55275.41,40150.69
2025-03-10,FY24-25,50,S05,P01,189.0,0.0,189.0,176.0,0,0,0,,1.0,385,200,185,72765.0,36400.0,36365.0
2025-03-17,FY24-25,51,S05,P01,189.0,0.0,189.0,176.0,0,0,0,,1.0,430,230,200,81270.0,40967.5,40302.5
2025-03-24,FY24-25,52,S05,P01,189.0,0.0,189.0,176.0,0,0,0,,1.0,453,240,213,85617.0,43050.0,42567.0
2025-03-31,FY24-25,53,S05,P01,199.0,0.0,199.0,176.0,0,0,0,,1.0,349,192,157,69451.0,33982.0,35469.0
2025-04-07,FY25-26,54,S05,P01,209.0,0.0,209.0,177.0,1,0,0,,1.0,385,210,175,80465.0,37922.5,42542.5
2025-04-14,FY25-26,55,S05,P01,209.0,0.0,209.0,177.0,1,0,0,,1.0,391,206,185,81719.0,38133.5,43585.5
2025-04-21,FY25-26,56,S05,P01,209.0,0.0,209.0,177.0,1,0,0,,1.0,359,196,163,75031.0,35371.0,39660.0
2025-04-28,FY25-26,57,S05,P01,209.0,0.0,209.0,177.0,1,0,0,,1.0,341,180,161,71269.0,33275.0,37994.0
2025-05-05,FY25-26,58,S05,P01,199.0,0.0,199.0,177.0,0,0,0,,1.0,354,192,162,70446.0,34332.0,36114.0
2025-05-12,FY25-26,59,S05,P01,199.0,0.0,199.0,177.0,0,0,0,,1.0,426,223,203,84774.0,40914.25,43859.75
2025-05-19,FY25-26,60,S05,P01,199.0,0.0,199.0,178.0,0,0,0,,1.0,427,223,204,84973.0,40984.25,43988.75
2025-05-26,FY25-26,61,S05,P01,199.0,0.0,199.0,178.0,0,0,0,,1.0,281,163,118,55919.0,27779.25,28139.75
2025-06-02,FY25-26,62,S05,P01,199.0,0.1,179.1,178.0,0,1,0,,0.96,451,289,162,80774.1,44509.98,36264.12
2025-06-09,FY25-26,63,S05,P01,199.0,0.0,199.0,178.0,0,0,0,,0.96,388,238,150,77212.0,39000.5,38211.5
2025-06-16,FY25-26,64,S05,P01,199.0,0.0,199.0,178.0,0,0,0,,0.96,392,242,150,78008.0,39479.5,38528.5
2025-06-23,FY25-26,65,S05,P01,199.0,0.0,199.0,178.0,0,0,0,,0.96,365,237,128,72635.0,37340.75,35294.25
2025-06-30,FY25-26,66,S05,P01,199.0,0.0,199.0,179.0,0,0,0,,0.96,431,257,174,85769.0,42955.75,42813.25
2025-07-07,FY25-26,67,S05,P01,199.0,0.0,199.0,179.0,0,0,0,,0.96,446,291,155,88754.0,45697.25,43056.75
2025-07-14,FY25-26,68,S05,P01,199.0,0.0,199.0,179.0,0,0,0,,0.96,350,216,134,69650.0,35246.0,34404.0
2025-07-21,FY25-26,69,S05,P01,199.0,0.0,199.0,179.0,0,0,0,,0.96,347,226,121,69053.0,35533.5,33519.5
2025-07-28,FY25-26,70,S05,P01,199.0,0.0,199.0,152.0,0,0,0,,0.96,333,215,118,66267.0,34006.25,32260.75
2025-08-04,FY25-26,71,S05,P01,199.0,0.0,199.0,179.0,0,0,0,,0.96,379,244,135,75421.0,38669.0,36752.0
2025-08-11,FY25-26,72,S05,P01,199.0,0.0,199.0,153.0,0,0,0,,0.96,358,239,119,71242.0,36950.25,34291.75
2025-08-18,FY25-26,73,S05,P01,199.0,0.0,199.0,180.0,0,0,0,,0.96,370,247,123,73630.0,38188.25,35441.75
2025-08-25,FY25-26,74,S05,P01,199.0,0.0,199.0,180.0,0,0,1,Ganesh Chaturthi,0.96,352,227,125,70048.0,35933.25,34114.75
2025-09-01,FY25-26,75,S05,P01,199.0,0.0,199.0,180.0,0,0,1,Ganesh Chaturthi,0.96,399,280,119,79401.0,41860.0,37541.0
2025-09-08,FY25-26,76,S05,P01,199.0,0.0,199.0,180.0,0,0,0,,0.96,390,254,136,77610.0,39936.5,37673.5
2025-09-15,FY25-26,77,S05,P01,199.0,0.0,199.0,180.0,0,0,0,,0.96,347,231,116,69053.0,35782.25,33270.75
2025-09-22,FY25-26,78,S05,P01,199.0,0.0,199.0,181.0,0,0,1,Navratri,0.96,387,248,139,77013.0,39428.0,37585.0
2025-09-29,FY25-26,79,S05,P01,199.0,0.0,199.0,181.0,0,0,1,Navratri,1.0,461,265,196,91739.0,45453.75,46285.25
2025-10-06,FY25-26,80,S05,P01,199.0,0.0,199.0,181.0,0,0,0,,1.0,422,230,192,83978.0,40982.5,42995.5
2025-10-13,FY25-26,81,S05,P01,199.0,0.0,199.0,181.0,0,0,1,Diwali,1.0,366,204,162,72834.0,35769.0,37065.0
2025-10-20,FY25-26,82,S05,P01,199.0,0.0,199.0,181.0,0,0,1,Diwali,1.0,379,211,168,75421.0,37027.25,38393.75
2025-10-27,FY25-26,83,S05,P01,199.0,0.0,199.0,181.0,0,0,0,,1.0,382,204,178,76018.0,36889.0,39129.0
2025-11-03,FY25-26,84,S05,P01,199.0,0.0,199.0,182.0,0,0,0,,1.0,398,220,178,79202.0,38805.0,40397.0
2025-11-10,FY25-26,85,S05,P01,199.0,0.0,199.0,182.0,0,0,0,,1.0,362,206,156,72038.0,35588.5,36449.5
2025-11-17,FY25-26,86,S05,P01,189.0,0.0,189.0,182.0,1,0,0,,1.0,414,226,188,78246.0,39658.5,38587.5
2025-11-24,FY25-26,87,S05,P01,189.0,0.0,189.0,182.0,1,0,0,,1.0,388,212,176,73332.0,37177.0,36155.0
2025-12-01,FY25-26,88,S05,P01,189.0,0.0,189.0,182.0,1,0,0,,1.0,382,231,151,72198.0,37654.75,34543.25
2025-12-08,FY25-26,89,S05,P01,189.0,0.0,189.0,182.0,1,0,0,,1.0,436,252,184,82404.0,42427.0,39977.0
2025-12-15,FY25-26,90,S05,P01,199.0,0.2,159.2,183.0,0,1,0,,1.0,528,293,235,84057.6,48621.4,35436.2
2025-12-22,FY25-26,91,S05,P01,199.0,0.0,199.0,183.0,0,0,1,Year End,1.1,444,229,215,88356.0,42472.75,45883.25
2025-12-29,FY25-26,92,S05,P01,199.0,0.0,199.0,183.0,0,0,1,Year End,1.1,441,239,202,87759.0,42760.25,44998.75
2026-01-05,FY25-26,93,S05,P01,199.0,0.0,199.0,183.0,0,0,0,,1.0,397,226,171,79003.0,39033.5,39969.5
2026-01-12,FY25-26,94,S05,P01,199.0,0.0,199.0,183.0,0,0,0,,1.0,443,250,193,88157.0,43447.5,44709.5
2026-01-19,FY25-26,95,S05,P01,199.0,0.0,199.0,183.0,0,0,0,,1.0,402,226,176,79998.0,39383.5,40614.5
2026-01-26,FY25-26,96,S05,P01,199.0,0.0,199.0,184.0,0,0,0,,1.0,301,189,112,59899.0,30472.75,29426.25
2026-02-02,FY25-26,97,S05,P01,199.0,0.0,199.0,184.0,0,0,0,,1.0,388,211,177,77212.0,37657.25,39554.75
2026-02-09,FY25-26,98,S05,P01,199.0,0.0,199.0,184.0,0,0,0,,1.0,376,223,153,74824.0,37414.25,37409.75
2026-02-16,FY25-26,99,S05,P01,199.0,0.0,199.0,184.0,0,0,0,,1.0,372,218,154,74028.0,36885.5,37142.5
2026-02-23,FY25-26,100,S05,P01,199.0,0.0,199.0,184.0,0,0,0,,1.0,440,244,196,87560.0,42939.0,44621.0
2026-03-02,FY25-26,101,S05,P01,199.0,0.0,199.0,184.0,0,0,0,,1.0,358,185,173,71242.0,34263.75,36978.25
2026-03-09,FY25-26,102,S05,P01,199.0,0.0,199.0,185.0,0,0,0,,1.0,384,214,170,76416.0,37526.5,38889.5
2026-03-16,FY25-26,103,S05,P01,199.0,0.0,199.0,185.0,0,0,0,,1.0,466,275,191,92734.0,46301.25,46432.75
2026-03-23,FY25-26,104,S05,P01,199.0,0.0,199.0,185.0,0,0,0,,1.0,433,247,186,86167.0,42598.25,43568.75
2024-04-01,FY24-25,1,S05,P02,219.0,0.0,219.0,193.0,0,0,0,,1.0,471,256,215,103149.0,54051.0,49098.0
2024-04-08,FY24-25,2,S05,P02,219.0,0.15,186.15,194.0,0,1,0,,1.0,541,300,241,100707.15,59946.25,40760.9
2024-04-15,FY24-25,3,S05,P02,219.0,0.0,219.0,194.0,0,0,0,,1.0,462,271,191,101178.0,54107.25,47070.75
2024-04-22,FY24-25,4,S05,P02,219.0,0.0,219.0,194.0,0,0,0,,1.0,436,256,180,95484.0,51076.0,44408.0
2024-04-29,FY24-25,5,S05,P02,219.0,0.0,219.0,194.0,0,0,0,,1.0,403,231,172,88257.0,46902.25,41354.75
2024-05-06,FY24-25,6,S05,P02,219.0,0.0,219.0,194.0,0,0,0,,1.0,442,245,197,96798.0,50983.75,45814.25
2024-05-13,FY24-25,7,S05,P02,219.0,0.0,219.0,194.0,0,0,0,,1.0,438,244,194,95922.0,50589.0,45333.0
2024-05-20,FY24-25,8,S05,P02,219.0,0.0,219.0,195.0,0,0,0,,1.0,443,235,208,97017.0,50521.25,46495.75
2024-05-27,FY24-25,9,S05,P02,219.0,0.0,219.0,195.0,0,0,0,,1.0,404,211,193,88476.0,45892.25,42583.75
2024-06-03,FY24-25,10,S05,P02,219.0,0.0,219.0,195.0,0,0,0,,0.96,408,274,134,89352.0,49681.5,39670.5
2024-06-10,FY24-25,11,S05,P02,219.0,0.0,219.0,195.0,0,0,0,,0.96,388,244,144,84972.0,46339.0,38633.0
2024-06-17,FY24-25,12,S05,P02,219.0,0.0,219.0,195.0,0,0,0,,0.96,421,258,163,92199.0,49910.5,42288.5
2024-06-24,FY24-25,13,S05,P02,219.0,0.0,219.0,196.0,0,0,0,,0.96,414,271,143,90666.0,50027.25,40638.75
2024-07-01,FY24-25,14,S05,P02,219.0,0.0,219.0,196.0,0,0,0,,0.96,316,191,125,69204.0,37317.25,31886.75
2024-07-08,FY24-25,15,S05,P02,219.0,0.0,219.0,196.0,0,0,0,,0.96,402,259,143,88038.0,48350.25,39687.75
2024-07-15,FY24-25,16,S05,P02,219.0,0.0,219.0,196.0,0,0,0,,0.96,410,286,124,89790.0,50508.5,39281.5
2024-07-22,FY24-25,17,S05,P02,219.0,0.0,219.0,196.0,0,0,0,,0.96,426,271,155,93294.0,51047.25,42246.75
2024-07-29,FY24-25,18,S05,P02,219.0,0.0,219.0,196.0,0,0,0,,0.96,399,268,131,87381.0,48588.0,38793.0
2024-08-05,FY24-25,19,S05,P02,219.0,0.0,219.0,197.0,0,0,0,,0.96,462,294,168,101178.0,55366.5,45811.5
2024-08-12,FY24-25,20,S05,P02,219.0,0.0,219.0,197.0,0,0,0,,0.96,429,258,171,93951.0,50590.5,43360.5
2024-08-19,FY24-25,21,S05,P02,219.0,0.0,219.0,197.0,0,0,0,,0.96,396,243,153,86724.0,46964.25,39759.75
2024-08-26,FY24-25,22,S05,P02,219.0,0.0,219.0,197.0,0,0,0,,0.96,430,275,155,94170.0,51606.25,42563.75
2024-09-02,FY24-25,23,S05,P02,219.0,0.0,219.0,197.0,0,0,1,Ganesh Chaturthi,0.96,421,282,139,92199.0,51224.5,40974.5
2024-09-09,FY24-25,24,S05,P02,219.0,0.0,219.0,198.0,0,0,1,Ganesh Chaturthi,0.96,470,314,156,102930.0,57141.5,45788.5
2024-09-16,FY24-25,25,S05,P02,219.0,0.0,219.0,198.0,0,0,1,Ganesh Chaturthi,0.96,391,234,157,85629.0,46046.5,39582.5
2024-09-23,FY24-25,26,S05,P02,219.0,0.15,186.15,198.0,0,1,0,,0.96,557,372,185,103685.55,64656.95,39028.6
2024-09-30,FY24-25,27,S05,P02,219.0,0.0,219.0,198.0,0,0,1,Navratri,1.0,434,240,194,95046.0,50030.0,45016.0
2024-10-07,FY24-25,28,S05,P02,219.0,0.0,219.0,198.0,0,0,1,Navratri,1.0,449,239,210,98331.0,51250.25,47080.75
2024-10-14,FY24-25,29,S05,P02,219.0,0.0,219.0,199.0,0,0,0,,1.0,423,228,195,92637.0,48438.0,44199.0
2024-10-21,FY24-25,30,S05,P02,219.0,0.0,219.0,199.0,0,0,0,,1.0,458,268,190,100302.0,53603.0,46699.0
2024-10-28,FY24-25,31,S05,P02,219.0,0.0,219.0,199.0,0,0,1,Diwali,1.0,426,235,191,93294.0,49076.25,44217.75
2024-11-04,FY24-25,32,S05,P02,219.0,0.0,219.0,199.0,0,0,0,,1.0,398,233,165,87162.0,46586.75,40575.25
2024-11-11,FY24-25,33,S05,P02,219.0,0.0,219.0,199.0,0,0,0,,1.0,443,223,220,97017.0,49864.25,47152.75
2024-11-18,FY24-25,34,S05,P02,219.0,0.15,186.15,170.0,0,1,0,,1.0,577,314,263,107408.55,63657.78,43750.77
2024-11-25,FY24-25,35,S05,P02,219.0,0.0,219.0,200.0,0,0,0,,1.0,370,209,161,81030.0,42892.75,38137.25
2024-12-02,FY24-25,36,S05,P02,219.0,0.1,197.1,200.0,0,1,0,,1.0,595,330,265,117274.5,66835.75,50438.75
2024-12-09,FY24-25,37,S05,P02,219.0,0.0,219.0,200.0,0,0,0,,1.0,424,232,192,92856.0,48742.0,44114.0
2024-12-16,FY24-25,38,S05,P02,219.0,0.0,219.0,200.0,0,0,1,Year End,1.1,464,262,202,101616.0,53784.5,47831.5
2024-12-23,FY24-25,39,S05,P02,229.0,0.0,229.0,170.0,1,0,1,Year End,1.1,418,234,184,95722.0,48926.5,46795.5
2024-12-30,FY24-25,40,S05,P02,229.0,0.0,229.0,201.0,1,0,1,Year End,1.1,510,291,219,116790.0,60009.75,56780.25
2025-01-06,FY24-25,41,S05,P02,229.0,0.0,229.0,201.0,1,0,0,,1.0,377,208,169,86333.0,43953.0,42380.0
2025-01-13,FY24-25,42,S05,P02,229.0,0.0,229.0,201.0,1,0,0,,1.0,356,196,160,81524.0,41481.0,40043.0
2025-01-20,FY24-25,43,S05,P02,219.0,0.0,219.0,201.0,0,0,0,,1.0,447,236,211,97893.0,50916.0,46977.0
2025-01-27,FY24-25,44,S05,P02,219.0,0.0,219.0,201.0,0,0,0,,1.0,423,239,184,92637.0,49040.25,43596.75
2025-02-03,FY24-25,45,S05,P02,219.0,0.0,219.0,202.0,0,0,0,,1.0,429,243,186,93951.0,49769.25,44181.75
2025-02-10,FY24-25,46,S05,P02,219.0,0.0,219.0,202.0,0,0,0,,1.0,422,235,187,92418.0,48736.25,43681.75
2025-02-17,FY24-25,47,S05,P02,219.0,0.0,219.0,202.0,0,0,0,,1.0,462,262,200,101178.0,53614.5,47563.5
2025-02-24,FY24-25,48,S05,P02,219.0,0.0,219.0,202.0,0,0,0,,1.0,432,216,216,94608.0,48546.0,46062.0
2025-03-03,FY24-25,49,S05,P02,219.0,0.0,219.0,202.0,0,0,0,,1.0,555,316,239,121545.0,64476.0,57069.0
2025-03-10,FY24-25,50,S05,P02,209.0,0.0,209.0,202.0,1,0,0,,1.0,485,261,224,101365.0,54862.25,46502.75
2025-03-17,FY24-25,51,S05,P02,209.0,0.0,209.0,203.0,1,0,0,,1.0,447,241,206,93423.0,50587.25,42835.75
2025-03-24,FY24-25,52,S05,P02,209.0,0.0,209.0,203.0,1,0,0,,1.0,464,261,203,96976.0,53077.25,43898.75
2025-03-31,FY24-25,53,S05,P02,219.0,0.0,219.0,203.0,1,0,0,,1.0,403,229,174,88257.0,46792.75,41464.25
2025-04-07,FY25-26,54,S05,P02,229.0,0.0,229.0,203.0,0,0,0,,1.0,389,221,168,89081.0,45717.25,43363.75
2025-04-14,FY25-26,55,S05,P02,229.0,0.15,194.65,203.0,0,1,0,,1.0,551,294,257,107252.15,61141.78,46110.37
2025-04-21,FY25-26,56,S05,P02,229.0,0.0,229.0,204.0,0,0,0,,1.0,487,267,220,111523.0,56680.75,54842.25
2025-04-28,FY25-26,57,S05,P02,229.0,0.0,229.0,204.0,0,0,0,,1.0,362,214,148,82898.0,43021.5,39876.5
2025-05-05,FY25-26,58,S05,P02,229.0,0.0,229.0,204.0,0,0,0,,1.0,448,240,208,102592.0,51820.0,50772.0
2025-05-12,FY25-26,59,S05,P02,229.0,0.0,229.0,204.0,0,0,0,,1.0,410,227,183,93890.0,47845.75,46044.25
2025-05-19,FY25-26,60,S05,P02,229.0,0.1,206.1,204.0,0,1,0,,1.0,506,288,218,104286.6,57849.2,46437.4
2025-05-26,FY25-26,61,S05,P02,229.0,0.0,229.0,174.0,0,0,0,,1.0,382,203,179,87478.0,44091.75,43386.25
2025-06-02,FY25-26,62,S05,P02,229.0,0.0,229.0,205.0,0,0,0,,0.96,499,314,185,114271.0,60391.5,53879.5
2025-06-09,FY25-26,63,S05,P02,229.0,0.0,229.0,205.0,0,0,0,,0.96,431,283,148,98699.0,52836.75,45862.25
2025-06-16,FY25-26,64,S05,P02,229.0,0.0,229.0,205.0,0,0,0,,0.96,432,277,155,98928.0,52578.25,46349.75
2025-06-23,FY25-26,65,S05,P02,229.0,0.0,229.0,205.0,0,0,0,,0.96,404,267,137,92516.0,49625.75,42890.25
2025-06-30,FY25-26,66,S05,P02,229.0,0.0,229.0,206.0,0,0,0,,0.96,424,280,144,97096.0,52070.0,45026.0
2025-07-07,FY25-26,67,S05,P02,229.0,0.0,229.0,206.0,0,0,0,,0.96,414,280,134,94806.0,51220.0,43586.0
2025-07-14,FY25-26,68,S05,P02,229.0,0.0,229.0,206.0,0,0,0,,0.96,389,262,127,89081.0,48064.5,41016.5
2025-07-21,FY25-26,69,S05,P02,229.0,0.0,229.0,206.0,0,0,0,,0.96,371,242,129,84959.0,45389.5,39569.5
2025-07-28,FY25-26,70,S05,P02,229.0,0.0,229.0,206.0,0,0,0,,0.96,395,240,155,90455.0,47315.0,43140.0
2025-08-04,FY25-26,71,S05,P02,229.0,0.0,229.0,207.0,0,0,0,,0.96,434,287,147,99386.0,53320.75,46065.25
2025-08-11,FY25-26,72,S05,P02,229.0,0.0,229.0,207.0,0,0,0,,0.96,446,286,160,102134.0,54283.5,47850.5
2025-08-18,FY25-26,73,S05,P02,229.0,0.0,229.0,207.0,0,0,0,,0.96,432,287,145,98928.0,53150.75,45777.25
2025-08-25,FY25-26,74,S05,P02,229.0,0.0,229.0,207.0,0,0,1,Ganesh Chaturthi,0.96,389,250,139,89081.0,47377.5,41703.5
2025-09-01,FY25-26,75,S05,P02,229.0,0.0,229.0,207.0,0,0,1,Ganesh Chaturthi,0.96,398,264,134,91142.0,48944.0,42198.0
2025-09-08,FY25-26,76,S05,P02,229.0,0.15,194.65,207.0,0,1,0,,0.96,500,331,169,97325.0,58607.29,38717.71
2025-09-15,FY25-26,77,S05,P02,229.0,0.2,183.2,208.0,0,1,0,,0.96,616,407,209,112851.2,71000.6,41850.6
2025-09-22,FY25-26,78,S05,P02,249.0,0.0,249.0,208.0,1,0,1,Navratri,0.96,430,281,149,107070.0,54042.25,53027.75
2025-09-29,FY25-26,79,S05,P02,249.0,0.0,249.0,208.0,1,0,1,Navratri,1.0,370,210,160,92130.0,44522.5,47607.5
2025-10-06,FY25-26,80,S05,P02,249.0,0.0,249.0,208.0,1,0,0,,1.0,373,209,164,92877.0,44715.25,48161.75
2025-10-13,FY25-26,81,S05,P02,249.0,0.0,249.0,208.0,1,0,1,Diwali,1.0,337,184,153,83913.0,40099.0,43814.0
2025-10-20,FY25-26,82,S05,P02,229.0,0.1,206.1,209.0,0,1,1,Diwali,1.0,502,299,203,103462.2,58075.98,45386.22
2025-10-27,FY25-26,83,S05,P02,229.0,0.0,229.0,209.0,0,0,0,,1.0,449,252,197,102821.0,52592.0,50229.0
2025-11-03,FY25-26,84,S05,P02,229.0,0.0,229.0,178.0,0,0,0,,1.0,400,219,181,91600.0,46537.75,45062.25
2025-11-10,FY25-26,85,S05,P02,229.0,0.0,229.0,209.0,0,0,0,,1.0,482,262,220,110378.0,55969.5,54408.5
2025-11-17,FY25-26,86,S05,P02,229.0,0.0,229.0,209.0,0,0,0,,1.0,424,240,184,97096.0,49780.0,47316.0
2025-11-24,FY25-26,87,S05,P02,229.0,0.0,229.0,210.0,0,0,0,,1.0,431,231,200,98699.0,49859.75,48839.25
2025-12-01,FY25-26,88,S05,P02,229.0,0.0,229.0,210.0,0,0,0,,1.0,508,290,218,116332.0,59782.5,56549.5
2025-12-08,FY25-26,89,S05,P02,229.0,0.0,229.0,210.0,0,0,0,,1.0,435,239,196,99615.0,50657.75,48957.25
2025-12-15,FY25-26,90,S05,P02,229.0,0.0,229.0,210.0,0,0,0,,1.0,436,247,189,99844.0,51200.75,48643.25
2025-12-22,FY25-26,91,S05,P02,229.0,0.0,229.0,210.0,0,0,1,Year End,1.1,501,279,222,114729.0,58557.75,56171.25
2025-12-29,FY25-26,92,S05,P02,229.0,0.0,229.0,211.0,0,0,1,Year End,1.1,441,254,187,100989.0,52026.5,48962.5
2026-01-05,FY25-26,93,S05,P02,229.0,0.1,206.1,211.0,0,1,0,,1.0,449,245,204,92538.9,50788.62,41750.28
2026-01-12,FY25-26,94,S05,P02,229.0,0.0,229.0,211.0,0,0,0,,1.0,403,226,177,92287.0,47193.5,45093.5
2026-01-19,FY25-26,95,S05,P02,229.0,0.0,229.0,211.0,0,0,0,,1.0,429,231,198,98241.0,49689.75,48551.25
2026-01-26,FY25-26,96,S05,P02,229.0,0.2,183.2,211.0,0,1,0,,1.0,629,337,292,115232.8,68899.6,46333.2
2026-02-02,FY25-26,97,S05,P02,229.0,0.0,229.0,212.0,0,0,0,,1.0,439,229,210,100531.0,50425.25,50105.75
2026-02-09,FY25-26,98,S05,P02,229.0,0.0,229.0,212.0,0,0,0,,1.0,475,242,233,108775.0,54229.5,54545.5
2026-02-16,FY25-26,99,S05,P02,229.0,0.0,229.0,212.0,0,0,0,,1.0,453,241,212,103737.0,52302.25,51434.75
2026-02-23,FY25-26,100,S05,P02,229.0,0.0,229.0,212.0,0,0,0,,1.0,507,288,219,116103.0,59583.0,56520.0
2026-03-02,FY25-26,101,S05,P02,229.0,0.0,229.0,212.0,0,0,0,,1.0,440,223,217,100760.0,50166.75,50593.25
2026-03-09,FY25-26,102,S05,P02,229.0,0.0,229.0,213.0,0,0,0,,1.0,414,237,177,94806.0,48758.25,46047.75
2026-03-16,FY25-26,103,S05,P02,229.0,0.0,229.0,213.0,0,0,0,,1.0,434,245,189,99386.0,50916.25,48469.75
2026-03-23,FY25-26,104,S05,P02,229.0,0.0,229.0,213.0,0,0,0,,1.0,442,267,175,101218.0,52855.75,48362.25
2024-04-01,FY24-25,1,S05,P03,169.0,0.0,169.0,151.0,0,0,0,,1.0,277,152,125,46813.0,21657.0,25156.0
2024-04-08,FY24-25,2,S05,P03,169.0,0.0,169.0,151.0,0,0,0,,1.0,275,141,134,46475.0,21082.25,25392.75
2024-04-15,FY24-25,3,S05,P03,169.0,0.0,169.0,151.0,0,0,0,,1.0,249,127,122,42081.0,19060.75,23020.25
2024-04-22,FY24-25,4,S05,P03,169.0,0.0,169.0,151.0,0,0,0,,1.0,234,133,101,39546.0,18489.25,21056.75
2024-04-29,FY24-25,5,S05,P03,159.0,0.0,159.0,151.0,1,0,0,,1.0,281,157,124,44679.0,21695.75,22983.25
2024-05-06,FY24-25,6,S05,P03,159.0,0.0,159.0,151.0,1,0,0,,1.0,318,170,148,50562.0,24247.5,26314.5
2024-05-13,FY24-25,7,S05,P03,159.0,0.0,159.0,152.0,1,0,0,,1.0,298,167,131,47382.0,23028.25,24353.75
2024-05-20,FY24-25,8,S05,P03,159.0,0.0,159.0,152.0,1,0,0,,1.0,288,156,132,45792.0,22041.0,23751.0
2024-05-27,FY24-25,9,S05,P03,169.0,0.0,169.0,152.0,0,0,0,,1.0,311,158,153,52559.0,23780.5,28778.5
2024-06-03,FY24-25,10,S05,P03,169.0,0.15,143.65,152.0,0,1,0,,0.96,360,214,146,51714.0,27485.28,24228.72
2024-06-10,FY24-25,11,S05,P03,169.0,0.0,169.0,152.0,0,0,0,,0.96,281,179,102,47489.0,23017.75,24471.25
2024-06-17,FY24-25,12,S05,P03,169.0,0.0,169.0,152.0,0,0,0,,0.96,228,140,88,38532.0,18455.0,20077.0
2024-06-24,FY24-25,13,S05,P03,169.0,0.0,169.0,152.0,0,0,0,,0.96,241,168,73,40729.0,20353.0,20376.0
2024-07-01,FY24-25,14,S05,P03,169.0,0.0,169.0,153.0,0,0,0,,0.96,249,168,81,42081.0,20793.0,21288.0
2024-07-08,FY24-25,15,S05,P03,169.0,0.0,169.0,153.0,0,0,0,,0.96,260,175,85,43940.0,21693.75,22246.25
2024-07-15,FY24-25,16,S05,P03,169.0,0.0,169.0,153.0,0,0,0,,0.96,214,149,65,36166.0,18065.25,18100.75
2024-07-22,FY24-25,17,S05,P03,169.0,0.0,169.0,153.0,0,0,0,,0.96,265,176,89,44785.0,22011.0,22774.0
2024-07-29,FY24-25,18,S05,P03,169.0,0.0,169.0,153.0,0,0,0,,0.96,265,168,97,44785.0,21673.0,23112.0
2024-08-05,FY24-25,19,S05,P03,169.0,0.0,169.0,130.0,0,0,0,,0.96,249,162,87,42081.0,20539.5,21541.5
2024-08-12,FY24-25,20,S05,P03,169.0,0.0,169.0,153.0,0,0,0,,0.96,294,185,109,49686.0,23986.25,25699.75
2024-08-19,FY24-25,21,S05,P03,169.0,0.0,169.0,131.0,0,0,0,,0.96,293,182,111,49517.0,23804.5,25712.5
2024-08-26,FY24-25,22,S05,P03,169.0,0.15,143.65,154.0,0,1,0,,0.96,341,223,118,48984.65,26763.49,22221.16
2024-09-02,FY24-25,23,S05,P03,169.0,0.0,169.0,154.0,0,0,1,Ganesh Chaturthi,0.96,269,173,96,45461.0,22104.25,23356.75
2024-09-09,FY24-25,24,S05,P03,169.0,0.0,169.0,154.0,0,0,1,Ganesh Chaturthi,0.96,239,156,83,40391.0,19736.0,20655.0
2024-09-16,FY24-25,25,S05,P03,169.0,0.0,169.0,154.0,0,0,1,Ganesh Chaturthi,0.96,315,205,110,53235.0,25986.25,27248.75
2024-09-23,FY24-25,26,S05,P03,169.0,0.1,152.1,154.0,0,1,0,,0.96,275,166,109,41827.5,21437.15,20390.35
2024-09-30,FY24-25,27,S05,P03,169.0,0.0,169.0,154.0,0,0,1,Navratri,1.0,255,135,120,43095.0,19728.75,23366.25
2024-10-07,FY24-25,28,S05,P03,169.0,0.0,169.0,155.0,0,0,1,Navratri,1.0,278,140,138,46982.0,21205.0,25777.0
2024-10-14,FY24-25,29,S05,P03,169.0,0.0,169.0,155.0,0,0,0,,1.0,302,162,140,51038.0,23454.5,27583.5
2024-10-21,FY24-25,30,S05,P03,169.0,0.0,169.0,132.0,0,0,0,,1.0,269,146,123,45461.0,20963.5,24497.5
2024-10-28,FY24-25,31,S05,P03,169.0,0.2,135.2,155.0,0,1,1,Diwali,1.0,421,230,191,56919.2,30929.0,25990.2
2024-11-04,FY24-25,32,S05,P03,169.0,0.0,169.0,155.0,0,0,0,,1.0,287,153,134,48503.0,22249.25,26253.75
2024-11-11,FY24-25,33,S05,P03,189.0,0.0,189.0,155.0,1,0,0,,1.0,227,127,100,42903.0,18485.75,24417.25
2024-11-18,FY24-25,34,S05,P03,189.0,0.0,189.0,155.0,1,0,0,,1.0,238,129,109,44982.0,19185.25,25796.75
2024-11-25,FY24-25,35,S05,P03,189.0,0.0,189.0,156.0,1,0,0,,1.0,243,139,104,45927.0,19932.75,25994.25
2024-12-02,FY24-25,36,S05,P03,189.0,0.0,189.0,156.0,1,0,0,,1.0,227,135,92,42903.0,18863.75,24039.25
2024-12-09,FY24-25,37,S05,P03,169.0,0.0,169.0,156.0,0,0,0,,1.0,263,151,112,44447.0,20844.75,23602.25
2024-12-16,FY24-25,38,S05,P03,169.0,0.0,169.0,156.0,0,0,1,Year End,1.1,330,164,166,55770.0,25079.0,30691.0
2024-12-23,FY24-25,39,S05,P03,169.0,0.0,169.0,156.0,0,0,1,Year End,1.1,347,188,159,58643.0,27028.0,31615.0
2024-12-30,FY24-25,40,S05,P03,169.0,0.0,169.0,156.0,0,0,1,Year End,1.1,317,175,142,53573.0,24828.75,28744.25
2025-01-06,FY24-25,41,S05,P03,169.0,0.0,169.0,156.0,0,0,0,,1.0,275,152,123,46475.0,21547.0,24928.0
2025-01-13,FY24-25,42,S05,P03,169.0,0.0,169.0,157.0,0,0,0,,1.0,265,144,121,44785.0,20659.0,24126.0
2025-01-20,FY24-25,43,S05,P03,169.0,0.0,169.0,157.0,0,0,0,,1.0,264,150,114,44616.0,20857.5,23758.5
2025-01-27,FY24-25,44,S05,P03,169.0,0.0,169.0,157.0,0,0,0,,1.0,249,143,106,42081.0,19736.75,22344.25
2025-02-03,FY24-25,45,S05,P03,169.0,0.0,169.0,157.0,0,0,0,,1.0,271,152,119,45799.0,21327.0,24472.0
2025-02-10,FY24-25,46,S05,P03,169.0,0.0,169.0,134.0,0,0,0,,1.0,274,137,137,46306.0,20858.25,25447.75
2025-02-17,FY24-25,47,S05,P03,169.0,0.0,169.0,157.0,0,0,0,,1.0,291,148,143,49179.0,22258.0,26921.0
2025-02-24,FY24-25,48,S05,P03,169.0,0.0,169.0,158.0,0,0,0,,1.0,303,155,148,51207.0,23213.75,27993.25
2025-03-03,FY24-25,49,S05,P03,169.0,0.0,169.0,158.0,0,0,0,,1.0,249,134,115,42081.0,19356.5,22724.5
2025-03-10,FY24-25,50,S05,P03,169.0,0.15,143.65,158.0,0,1,0,,1.0,413,223,190,59327.45,30723.49,28603.96
2025-03-17,FY24-25,51,S05,P03,169.0,0.0,169.0,158.0,0,0,0,,1.0,268,152,116,45292.0,21162.0,24130.0
2025-03-24,FY24-25,52,S05,P03,169.0,0.15,143.65,158.0,0,1,0,,1.0,335,184,151,48122.75,25032.9,23089.85
2025-03-31,FY24-25,53,S05,P03,179.0,0.0,179.0,158.0,0,0,0,,1.0,249,141,108,44571.0,20004.75,24566.25
2025-04-07,FY25-26,54,S05,P03,179.0,0.0,179.0,158.0,0,0,0,,1.0,253,128,125,45287.0,19643.0,25644.0
2025-04-14,FY25-26,55,S05,P03,179.0,0.0,179.0,159.0,0,0,0,,1.0,262,144,118,46898.0,20854.0,26044.0
2025-04-21,FY25-26,56,S05,P03,179.0,0.0,179.0,159.0,0,0,0,,1.0,256,137,119,45824.0,20210.75,25613.25
2025-04-28,FY25-26,57,S05,P03,179.0,0.0,179.0,159.0,0,0,0,,1.0,262,149,113,46898.0,21077.75,25820.25
2025-05-05,FY25-26,58,S05,P03,179.0,0.0,179.0,159.0,0,0,0,,1.0,277,147,130,49583.0,21813.25,27769.75
2025-05-12,FY25-26,59,S05,P03,179.0,0.0,179.0,159.0,0,0,0,,1.0,257,144,113,46003.0,20579.0,25424.0
2025-05-19,FY25-26,60,S05,P03,179.0,0.0,179.0,159.0,0,0,0,,1.0,264,132,132,47256.0,20427.0,26829.0
2025-05-26,FY25-26,61,S05,P03,179.0,0.0,179.0,159.0,0,0,0,,1.0,261,157,104,46719.0,21380.75,25338.25
2025-06-02,FY25-26,62,S05,P03,179.0,0.15,152.15,160.0,0,1,0,,0.96,354,232,122,53861.1,28294.7,25566.4
2025-06-09,FY25-26,63,S05,P03,179.0,0.0,179.0,160.0,0,0,0,,0.96,271,188,83,48509.0,23318.0,25191.0
2025-06-16,FY25-26,64,S05,P03,179.0,0.1,161.1,136.0,0,1,0,,0.96,290,173,117,46719.0,22917.58,23801.42
2025-06-23,FY25-26,65,S05,P03,179.0,0.2,143.2,160.0,0,1,0,,0.96,346,241,105,49547.2,27657.8,21889.4
2025-06-30,FY25-26,66,S05,P03,179.0,0.2,143.2,160.0,0,1,0,,0.96,358,243,115,51265.6,28389.4,22876.2
2025-07-07,FY25-26,67,S05,P03,179.0,0.0,179.0,160.0,0,0,0,,0.96,301,193,108,53879.0,25191.75,28687.25
2025-07-14,FY25-26,68,S05,P03,179.0,0.0,179.0,160.0,0,0,0,,0.96,219,141,78,39201.0,18354.75,20846.25
2025-07-21,FY25-26,69,S05,P03,179.0,0.0,179.0,161.0,0,0,0,,0.96,260,174,86,46540.0,22086.5,24453.5
2025-07-28,FY25-26,70,S05,P03,179.0,0.0,179.0,161.0,0,0,0,,0.96,313,199,114,56027.0,26120.25,29906.75
2025-08-04,FY25-26,71,S05,P03,179.0,0.0,179.0,161.0,0,0,0,,0.96,250,155,95,44750.0,20686.25,24063.75
2025-08-11,FY25-26,72,S05,P03,179.0,0.0,179.0,161.0,0,0,0,,0.96,262,172,90,46898.0,22107.0,24791.0
2025-08-18,FY25-26,73,S05,P03,179.0,0.0,179.0,161.0,0,0,0,,0.96,256,174,82,45824.0,21866.5,23957.5
2025-08-25,FY25-26,74,S05,P03,179.0,0.0,179.0,161.0,0,0,1,Ganesh Chaturthi,0.96,279,168,111,49941.0,22863.0,27078.0
2025-09-01,FY25-26,75,S05,P03,179.0,0.0,179.0,162.0,0,0,1,Ganesh Chaturthi,0.96,247,154,93,44213.0,20476.5,23736.5
2025-09-08,FY25-26,76,S05,P03,179.0,0.0,179.0,162.0,0,0,0,,0.96,261,162,99,46719.0,21604.5,25114.5
2025-09-15,FY25-26,77,S05,P03,179.0,0.0,179.0,162.0,0,0,0,,0.96,278,176,102,49762.0,23166.0,26596.0
2025-09-22,FY25-26,78,S05,P03,179.0,0.2,143.2,162.0,0,1,1,Navratri,0.96,328,222,106,46969.6,25987.6,20982.0
2025-09-29,FY25-26,79,S05,P03,179.0,0.2,143.2,162.0,0,1,1,Navratri,1.0,373,189,184,53413.6,27281.2,26132.4
2025-10-06,FY25-26,80,S05,P03,179.0,0.0,179.0,162.0,0,0,0,,1.0,313,168,145,56027.0,24733.0,31294.0
2025-10-13,FY25-26,81,S05,P03,179.0,0.0,179.0,162.0,0,0,1,Diwali,1.0,261,144,117,46719.0,20799.0,25920.0
2025-10-20,FY25-26,82,S05,P03,179.0,0.0,179.0,163.0,0,0,1,Diwali,1.0,259,140,119,46361.0,20510.0,25851.0
2025-10-27,FY25-26,83,S05,P03,179.0,0.1,161.1,163.0,0,1,0,,1.0,305,171,134,49135.5,23662.02,25473.48
2025-11-03,FY25-26,84,S05,P03,179.0,0.0,179.0,163.0,0,0,0,,1.0,265,148,117,47435.0,21198.0,26237.0
2025-11-10,FY25-26,85,S05,P03,179.0,0.0,179.0,163.0,0,0,0,,1.0,251,139,112,44929.0,20025.25,24903.75
2025-11-17,FY25-26,86,S05,P03,179.0,0.0,179.0,163.0,0,0,0,,1.0,248,133,115,44392.0,19591.75,24800.25
2025-11-24,FY25-26,87,S05,P03,179.0,0.0,179.0,163.0,0,0,0,,1.0,281,144,137,50299.0,21899.0,28400.0
2025-12-01,FY25-26,88,S05,P03,179.0,0.1,161.1,164.0,0,1,0,,1.0,304,182,122,48974.4,24050.05,24924.35
2025-12-08,FY25-26,89,S05,P03,179.0,0.0,179.0,164.0,0,0,0,,1.0,258,162,96,46182.0,21439.5,24742.5
2025-12-15,FY25-26,90,S05,P03,179.0,0.0,179.0,164.0,0,0,0,,1.0,264,151,113,47256.0,21277.25,25978.75
2025-12-22,FY25-26,91,S05,P03,179.0,0.0,179.0,164.0,0,0,1,Year End,1.1,295,171,124,52805.0,23877.25,28927.75
2025-12-29,FY25-26,92,S05,P03,179.0,0.0,179.0,164.0,0,0,1,Year End,1.1,271,158,113,48509.0,21975.5,26533.5
2026-01-05,FY25-26,93,S05,P03,179.0,0.0,179.0,164.0,0,0,0,,1.0,254,157,97,45466.0,20995.75,24470.25
2026-01-12,FY25-26,94,S05,P03,179.0,0.15,152.15,164.0,0,1,0,,1.0,316,155,161,48079.4,23275.81,24803.59
2026-01-19,FY25-26,95,S05,P03,179.0,0.0,179.0,165.0,0,0,0,,1.0,264,146,118,47256.0,21053.5,26202.5
2026-01-26,FY25-26,96,S05,P03,179.0,0.0,179.0,165.0,0,0,0,,1.0,260,139,121,46540.0,20520.25,26019.75
2026-02-02,FY25-26,97,S05,P03,179.0,0.0,179.0,165.0,0,0,0,,1.0,265,151,114,47435.0,21332.25,26102.75
2026-02-09,FY25-26,98,S05,P03,179.0,0.0,179.0,165.0,0,0,0,,1.0,281,156,125,50299.0,22436.0,27863.0
2026-02-16,FY25-26,99,S05,P03,179.0,0.0,179.0,165.0,0,0,0,,1.0,282,160,122,50478.0,22670.0,27808.0
2026-02-23,FY25-26,100,S05,P03,179.0,0.0,179.0,165.0,0,0,0,,1.0,266,151,115,47614.0,21387.25,26226.75
2026-03-02,FY25-26,101,S05,P03,179.0,0.0,179.0,166.0,0,0,0,,1.0,318,169,149,56922.0,25052.75,31869.25
2026-03-09,FY25-26,102,S05,P03,179.0,0.0,179.0,141.0,0,0,0,,1.0,242,138,104,43318.0,19485.5,23832.5
2026-03-16,FY25-26,103,S05,P03,179.0,0.0,179.0,166.0,0,0,0,,1.0,249,108,141,44571.0,18528.0,26043.0
2026-03-23,FY25-26,104,S05,P03,179.0,0.0,179.0,166.0,0,0,0,,1.0,284,163,121,50836.0,22914.25,27921.75
2024-04-01,FY24-25,1,S05,P04,249.0,0.0,249.0,219.0,0,0,0,,1.0,294,164,130,73206.0,38139.0,35067.0
2024-04-08,FY24-25,2,S05,P04,249.0,0.0,249.0,219.0,0,0,0,,1.0,310,166,144,77190.0,39783.5,37406.5
2024-04-15,FY24-25,3,S05,P04,249.0,0.0,249.0,219.0,0,0,0,,1.0,308,162,146,76692.0,39344.5,37347.5
2024-04-22,FY24-25,4,S05,P04,249.0,0.15,211.65,219.0,0,1,0,,1.0,396,218,178,83813.4,49154.92,34658.48
2024-04-29,FY24-25,5,S05,P04,249.0,0.0,249.0,220.0,0,0,0,,1.0,357,192,165,88893.0,45867.0,43026.0
2024-05-06,FY24-25,6,S05,P04,249.0,0.0,249.0,220.0,0,0,0,,1.0,290,168,122,72210.0,38008.0,34202.0
2024-05-13,FY24-25,7,S05,P04,249.0,0.0,249.0,220.0,0,0,0,,1.0,316,176,140,78684.0,40976.0,37708.0
2024-05-20,FY24-25,8,S05,P04,249.0,0.0,249.0,220.0,0,0,0,,1.0,276,139,137,68724.0,34872.75,33851.25
2024-05-27,FY24-25,9,S05,P04,249.0,0.0,249.0,220.0,0,0,0,,1.0,302,152,150,75198.0,38152.0,37046.0
2024-06-03,FY24-25,10,S05,P04,259.0,0.0,259.0,221.0,1,0,0,,0.96,325,209,116,84175.0,44407.75,39767.25
2024-06-10,FY24-25,11,S05,P04,259.0,0.0,259.0,221.0,1,0,0,,0.96,289,174,115,74851.0,38721.5,36129.5
2024-06-17,FY24-25,12,S05,P04,259.0,0.0,259.0,221.0,1,0,0,,0.96,279,180,99,72261.0,38160.0,34101.0
2024-06-24,FY24-25,13,S05,P04,259.0,0.0,259.0,188.0,1,0,0,,0.96,281,180,101,72779.0,38350.0,34429.0
2024-07-01,FY24-25,14,S05,P04,249.0,0.0,249.0,221.0,0,0,0,,0.96,287,188,99,71463.0,38968.0,32495.0
2024-07-08,FY24-25,15,S05,P04,249.0,0.0,249.0,222.0,0,0,0,,0.96,306,209,97,76194.0,42080.25,34113.75
2024-07-15,FY24-25,16,S05,P04,249.0,0.0,249.0,222.0,0,0,0,,0.96,301,213,88,74949.0,41854.25,33094.75
2024-07-22,FY24-25,17,S05,P04,249.0,0.0,249.0,222.0,0,0,0,,0.96,331,209,122,82419.0,44455.25,37963.75
2024-07-29,FY24-25,18,S05,P04,249.0,0.0,249.0,222.0,0,0,0,,0.96,291,183,108,72459.0,39036.75,33422.25
2024-08-05,FY24-25,19,S05,P04,249.0,0.0,249.0,223.0,0,0,0,,0.96,302,185,117,75198.0,40206.25,34991.75
2024-08-12,FY24-25,20,S05,P04,249.0,0.0,249.0,223.0,0,0,0,,0.96,302,201,101,75198.0,41202.25,33995.75
2024-08-19,FY24-25,21,S05,P04,249.0,0.0,249.0,223.0,0,0,0,,0.96,300,184,116,74700.0,39954.0,34746.0
2024-08-26,FY24-25,22,S05,P04,249.0,0.0,249.0,223.0,0,0,0,,0.96,318,218,100,79182.0,43780.5,35401.5
2024-09-02,FY24-25,23,S05,P04,249.0,0.0,249.0,223.0,0,0,1,Ganesh Chaturthi,0.96,312,185,127,77688.0,41156.25,36531.75
2024-09-09,FY24-25,24,S05,P04,249.0,0.0,249.0,224.0,0,0,1,Ganesh Chaturthi,0.96,295,199,96,73455.0,40412.75,33042.25
2024-09-16,FY24-25,25,S05,P04,249.0,0.0,249.0,224.0,0,0,1,Ganesh Chaturthi,0.96,295,190,105,73455.0,39852.5,33602.5
2024-09-23,FY24-25,26,S05,P04,249.0,0.0,249.0,224.0,0,0,0,,0.96,299,203,96,74451.0,41041.75,33409.25
2024-09-30,FY24-25,27,S05,P04,249.0,0.0,249.0,224.0,0,0,1,Navratri,1.0,322,175,147,80178.0,41483.75,38694.25
2024-10-07,FY24-25,28,S05,P04,249.0,0.1,224.1,224.0,0,1,1,Navratri,1.0,355,208,147,79555.5,45378.2,34177.3
2024-10-14,FY24-25,29,S05,P04,249.0,0.0,249.0,225.0,0,0,0,,1.0,349,205,144,86901.0,45916.25,40984.75
2024-10-21,FY24-25,30,S05,P04,249.0,0.0,249.0,225.0,0,0,0,,1.0,317,182,135,78933.0,41444.5,37488.5
2024-10-28,FY24-25,31,S05,P04,249.0,0.0,249.0,225.0,0,0,1,Diwali,1.0,289,168,121,71961.0,37913.0,34048.0
2024-11-04,FY24-25,32,S05,P04,249.0,0.0,249.0,225.0,0,0,0,,1.0,356,199,157,88644.0,46207.75,42436.25
2024-11-11,FY24-25,33,S05,P04,249.0,0.2,199.2,225.0,0,1,0,,1.0,442,225,217,88046.4,53195.0,34851.4
2024-11-18,FY24-25,34,S05,P04,249.0,0.0,249.0,226.0,0,0,0,,1.0,310,163,147,77190.0,39596.75,37593.25
2024-11-25,FY24-25,35,S05,P04,249.0,0.0,249.0,226.0,0,0,0,,1.0,356,196,160,88644.0,46021.0,42623.0
2024-12-02,FY24-25,36,S05,P04,249.0,0.0,249.0,226.0,0,0,0,,1.0,290,176,114,72210.0,38506.0,33704.0
2024-12-09,FY24-25,37,S05,P04,249.0,0.2,199.2,226.0,0,1,0,,1.0,463,256,207,92229.6,56733.8,35495.8
2024-12-16,FY24-25,38,S05,P04,249.0,0.0,249.0,227.0,0,0,1,Year End,1.1,411,219,192,102339.0,52677.75,49661.25
2024-12-23,FY24-25,39,S05,P04,249.0,0.0,249.0,227.0,0,0,1,Year End,1.1,343,187,156,85407.0,44225.75,41181.25
2024-12-30,FY24-25,40,S05,P04,249.0,0.15,211.65,227.0,0,1,1,Year End,1.1,566,331,235,119793.9,71284.04,48509.86
2025-01-06,FY24-25,41,S05,P04,249.0,0.0,249.0,227.0,0,0,0,,1.0,322,179,143,80178.0,41732.75,38445.25
2025-01-13,FY24-25,42,S05,P04,249.0,0.0,249.0,227.0,0,0,0,,1.0,293,149,144,72957.0,37110.25,35846.75
2025-01-20,FY24-25,43,S05,P04,249.0,0.0,249.0,228.0,0,0,0,,1.0,308,175,133,76692.0,40153.75,36538.25
2025-01-27,FY24-25,44,S05,P04,249.0,0.0,249.0,228.0,0,0,0,,1.0,272,145,127,67728.0,34866.25,32861.75
2025-02-03,FY24-25,45,S05,P04,249.0,0.1,224.1,228.0,0,1,0,,1.0,382,211,171,85606.2,48111.28,37494.92
2025-02-10,FY24-25,46,S05,P04,249.0,0.0,249.0,228.0,0,0,0,,1.0,306,174,132,76194.0,39901.5,36292.5
2025-02-17,FY24-25,47,S05,P04,249.0,0.0,249.0,228.0,0,0,0,,1.0,317,167,150,78933.0,40510.75,38422.25
2025-02-24,FY24-25,48,S05,P04,249.0,0.0,249.0,229.0,0,0,0,,1.0,319,169,150,79431.0,40825.25,38605.75
2025-03-03,FY24-25,49,S05,P04,249.0,0.0,249.0,229.0,0,0,0,,1.0,339,184,155,84411.0,43659.0,40752.0
2025-03-10,FY24-25,50,S05,P04,249.0,0.0,249.0,229.0,0,0,0,,1.0,352,192,160,87648.0,45392.0,42256.0
2025-03-17,FY24-25,51,S05,P04,249.0,0.0,249.0,229.0,0,0,0,,1.0,327,172,155,81423.0,41772.0,39651.0
2025-03-24,FY24-25,52,S05,P04,249.0,0.0,249.0,230.0,0,0,0,,1.0,358,196,162,89142.0,46211.0,42931.0
2025-03-31,FY24-25,53,S05,P04,259.0,0.0,259.0,230.0,0,0,0,,1.0,344,201,143,89096.0,45694.75,43401.25
2025-04-07,FY25-26,54,S05,P04,259.0,0.0,259.0,230.0,0,0,0,,1.0,334,186,148,86506.0,43773.5,42732.5
2025-04-14,FY25-26,55,S05,P04,259.0,0.0,259.0,230.0,0,0,0,,1.0,325,168,157,84175.0,41753.0,42422.0
2025-04-21,FY25-26,56,S05,P04,259.0,0.0,259.0,230.0,0,0,0,,1.0,300,155,145,77700.0,38536.25,39163.75
2025-04-28,FY25-26,57,S05,P04,259.0,0.0,259.0,231.0,0,0,0,,1.0,285,172,113,73815.0,38212.0,35603.0
2025-05-05,FY25-26,58,S05,P04,259.0,0.0,259.0,231.0,0,0,0,,1.0,338,186,152,87542.0,44153.5,43388.5
2025-05-12,FY25-26,59,S05,P04,259.0,0.0,259.0,196.0,0,0,0,,1.0,261,145,116,67599.0,34183.75,33415.25
2025-05-19,FY25-26,60,S05,P04,259.0,0.0,259.0,231.0,0,0,0,,1.0,331,193,138,85729.0,43941.75,41787.25
2025-05-26,FY25-26,61,S05,P04,259.0,0.0,259.0,231.0,0,0,0,,1.0,311,189,122,80549.0,41782.75,38766.25
2025-06-02,FY25-26,62,S05,P04,259.0,0.0,259.0,232.0,0,0,0,,0.96,274,181,93,70966.0,37749.75,33216.25
2025-06-09,FY25-26,63,S05,P04,259.0,0.0,259.0,232.0,0,0,0,,0.96,350,228,122,90650.0,48013.0,42637.0
2025-06-16,FY25-26,64,S05,P04,259.0,0.0,259.0,232.0,0,0,0,,0.96,282,189,93,73038.0,39027.75,34010.25
2025-06-23,FY25-26,65,S05,P04,259.0,0.0,259.0,232.0,0,0,0,,0.96,286,175,111,74074.0,38501.25,35572.75
2025-06-30,FY25-26,66,S05,P04,259.0,0.0,259.0,233.0,0,0,0,,0.96,318,203,115,82362.0,43354.25,39007.75
2025-07-07,FY25-26,67,S05,P04,259.0,0.0,259.0,233.0,0,0,0,,0.96,296,202,94,76664.0,41199.5,35464.5
2025-07-14,FY25-26,68,S05,P04,259.0,0.0,259.0,233.0,0,0,0,,0.96,338,231,107,87542.0,47067.25,40474.75
2025-07-21,FY25-26,69,S05,P04,259.0,0.2,207.2,233.0,0,1,0,,0.96,423,282,141,87645.6,54792.6,32853.0
2025-07-28,FY25-26,70,S05,P04,259.0,0.0,259.0,233.0,0,0,0,,0.96,287,177,110,74333.0,38725.75,35607.25
2025-08-04,FY25-26,71,S05,P04,259.0,0.0,259.0,234.0,0,0,0,,0.96,287,183,104,74333.0,39114.25,35218.75
2025-08-11,FY25-26,72,S05,P04,259.0,0.0,259.0,234.0,0,0,0,,0.96,313,198,115,81067.0,42555.5,38511.5
2025-08-18,FY25-26,73,S05,P04,259.0,0.0,259.0,234.0,0,0,0,,0.96,273,181,92,70707.0,37654.75,33052.25
2025-08-25,FY25-26,74,S05,P04,259.0,0.0,259.0,234.0,0,0,1,Ganesh Chaturthi,0.96,312,200,112,80808.0,42590.0,38218.0
2025-09-01,FY25-26,75,S05,P04,259.0,0.0,259.0,235.0,0,0,1,Ganesh Chaturthi,0.96,266,160,106,68894.0,35630.0,33264.0
2025-09-08,FY25-26,76,S05,P04,259.0,0.0,259.0,235.0,0,0,0,,0.96,281,189,92,72779.0,38932.75,33846.25
2025-09-15,FY25-26,77,S05,P04,269.0,0.0,269.0,235.0,1,0,0,,0.96,337,224,113,90653.0,47079.0,43574.0
2025-09-22,FY25-26,78,S05,P04,269.0,0.0,269.0,235.0,1,0,1,Navratri,0.96,306,207,99,82314.0,42990.75,39323.25
2025-09-29,FY25-26,79,S05,P04,269.0,0.0,269.0,235.0,1,0,1,Navratri,1.0,338,183,155,90922.0,44416.75,46505.25
2025-10-06,FY25-26,80,S05,P04,269.0,0.0,269.0,200.0,1,0,0,,1.0,286,162,124,76934.0,38064.5,38869.5
2025-10-13,FY25-26,81,S05,P04,259.0,0.0,259.0,236.0,0,0,1,Diwali,1.0,345,204,141,89355.0,45984.0,43371.0
2025-10-20,FY25-26,82,S05,P04,259.0,0.0,259.0,236.0,0,0,1,Diwali,1.0,393,217,176,101787.0,51385.75,50401.25
2025-10-27,FY25-26,83,S05,P04,259.0,0.1,233.1,236.0,0,1,0,,1.0,358,189,169,83449.8,45023.98,38425.82
2025-11-03,FY25-26,84,S05,P04,259.0,0.2,207.2,237.0,0,1,0,,1.0,497,282,215,102978.4,61822.6,41155.8
2025-11-10,FY25-26,85,S05,P04,259.0,0.0,259.0,237.0,0,0,0,,1.0,315,178,137,81585.0,41450.5,40134.5
2025-11-17,FY25-26,86,S05,P04,259.0,0.1,233.1,237.0,0,1,0,,1.0,367,195,172,85547.7,46228.62,39319.08
2025-11-24,FY25-26,87,S05,P04,259.0,0.0,259.0,237.0,0,0,0,,1.0,304,169,135,78736.0,39822.75,38913.25
2025-12-01,FY25-26,88,S05,P04,259.0,0.0,259.0,237.0,0,0,0,,1.0,346,194,152,89614.0,45431.5,44182.5
2025-12-08,FY25-26,89,S05,P04,259.0,0.0,259.0,238.0,0,0,0,,1.0,333,196,137,86247.0,44326.0,41921.0
2025-12-15,FY25-26,90,S05,P04,259.0,0.0,259.0,238.0,0,0,0,,1.0,275,161,114,71225.0,36549.75,34675.25
2025-12-22,FY25-26,91,S05,P04,259.0,0.0,259.0,202.0,0,0,1,Year End,1.1,324,180,144,83916.0,42435.0,41481.0
2025-12-29,FY25-26,92,S05,P04,259.0,0.0,259.0,238.0,0,0,1,Year End,1.1,376,199,177,97384.0,48605.25,48778.75
2026-01-05,FY25-26,93,S05,P04,259.0,0.0,259.0,239.0,0,0,0,,1.0,319,163,156,82621.0,40859.25,41761.75
2026-01-12,FY25-26,94,S05,P04,259.0,0.0,259.0,239.0,0,0,0,,1.0,284,148,136,73556.0,36563.0,36993.0
2026-01-19,FY25-26,95,S05,P04,259.0,0.0,259.0,239.0,0,0,0,,1.0,309,166,143,80031.0,40103.5,39927.5
2026-01-26,FY25-26,96,S05,P04,259.0,0.1,233.1,239.0,0,1,0,,1.0,399,220,179,93006.9,50725.5,42281.4
2026-02-02,FY25-26,97,S05,P04,259.0,0.0,259.0,239.0,0,0,0,,1.0,323,184,139,83657.0,42599.0,41058.0
2026-02-09,FY25-26,98,S05,P04,259.0,0.0,259.0,240.0,0,0,0,,1.0,290,164,126,75110.0,38169.0,36941.0
2026-02-16,FY25-26,99,S05,P04,259.0,0.0,259.0,204.0,0,0,0,,1.0,266,150,116,68894.0,34982.5,33911.5
2026-02-23,FY25-26,100,S05,P04,259.0,0.0,259.0,240.0,0,0,0,,1.0,296,166,130,76664.0,38868.5,37795.5
2026-03-02,FY25-26,101,S05,P04,259.0,0.0,259.0,240.0,0,0,0,,1.0,346,202,144,89614.0,45949.5,43664.5
2026-03-09,FY25-26,102,S05,P04,259.0,0.0,259.0,241.0,0,0,0,,1.0,377,211,166,97643.0,49477.25,48165.75
2026-03-16,FY25-26,103,S05,P04,259.0,0.0,259.0,241.0,0,0,0,,1.0,316,168,148,81844.0,40898.0,40946.0
2026-03-23,FY25-26,104,S05,P04,259.0,0.0,259.0,241.0,0,0,0,,1.0,307,172,135,79513.0,40302.0,39211.0
2024-04-01,FY24-25,1,S05,P05,89.0,0.0,89.0,84.0,0,0,0,,1.0,610,323,287,54290.0,24266.75,30023.25
2024-04-08,FY24-25,2,S05,P05,89.0,0.0,89.0,84.0,0,0,0,,1.0,597,348,249,53133.0,24459.0,28674.0
2024-04-15,FY24-25,3,S05,P05,89.0,0.0,89.0,71.0,0,0,0,,1.0,472,245,227,42008.0,18667.25,23340.75
2024-04-22,FY24-25,4,S05,P05,89.0,0.15,75.65,71.0,0,1,0,,1.0,733,414,319,55451.45,28353.78,27097.67
2024-04-29,FY24-25,5,S05,P05,89.0,0.0,89.0,84.0,0,0,0,,1.0,508,271,237,45212.0,20253.75,24958.25
2024-05-06,FY24-25,6,S05,P05,89.0,0.2,71.2,84.0,0,1,0,,1.0,740,412,328,52688.0,28053.6,24634.4
2024-05-13,FY24-25,7,S05,P05,89.0,0.0,89.0,84.0,0,0,0,,1.0,504,264,240,44856.0,19986.0,24870.0
2024-05-20,FY24-25,8,S05,P05,89.0,0.1,80.1,84.0,0,1,0,,1.0,604,327,277,48380.4,23460.18,24920.22
2024-05-27,FY24-25,9,S05,P05,89.0,0.0,89.0,84.0,0,0,0,,1.0,535,300,235,47615.0,21655.0,25960.0
2024-06-03,FY24-25,10,S05,P05,89.0,0.0,89.0,84.0,0,0,0,,1.056,517,338,179,46013.0,21996.5,24016.5
2024-06-10,FY24-25,11,S05,P05,89.0,0.0,89.0,84.0,0,0,0,,1.056,524,360,164,46636.0,22682.0,23954.0
2024-06-17,FY24-25,12,S05,P05,89.0,0.0,89.0,84.0,0,0,0,,1.056,502,314,188,44678.0,21042.5,23635.5
2024-06-24,FY24-25,13,S05,P05,89.0,0.2,71.2,84.0,0,1,0,,1.056,911,576,335,64863.2,35760.8,29102.4
2024-07-01,FY24-25,14,S05,P05,89.0,0.0,89.0,85.0,0,0,0,,1.056,587,367,220,52243.0,24601.75,27641.25
2024-07-08,FY24-25,15,S05,P05,89.0,0.0,89.0,85.0,0,0,0,,1.056,580,377,203,51620.0,24628.25,26991.75
2024-07-15,FY24-25,16,S05,P05,89.0,0.15,75.65,85.0,0,1,0,,1.056,776,514,262,58704.4,31449.02,27255.38
2024-07-22,FY24-25,17,S05,P05,89.0,0.0,89.0,85.0,0,0,0,,1.056,589,395,194,52421.0,25280.75,27140.25
2024-07-29,FY24-25,18,S05,P05,89.0,0.0,89.0,85.0,0,0,0,,1.056,575,363,212,51175.0,24176.75,26998.25
2024-08-05,FY24-25,19,S05,P05,89.0,0.0,89.0,85.0,0,0,0,,1.056,623,396,227,55447.0,26255.0,29192.0
2024-08-12,FY24-25,20,S05,P05,89.0,0.0,89.0,85.0,0,0,0,,1.056,466,308,158,41474.0,19901.0,21573.0
2024-08-19,FY24-25,21,S05,P05,89.0,0.0,89.0,72.0,0,0,0,,1.056,575,357,218,51175.0,24043.25,27131.75
2024-08-26,FY24-25,22,S05,P05,89.0,0.0,89.0,85.0,0,0,0,,1.056,581,372,209,51709.0,24545.0,27164.0
2024-09-02,FY24-25,23,S05,P05,89.0,0.0,89.0,85.0,0,0,1,Ganesh Chaturthi,1.056,534,333,201,47526.0,22361.25,25164.75
2024-09-09,FY24-25,24,S05,P05,89.0,0.0,89.0,85.0,0,0,1,Ganesh Chaturthi,1.056,610,406,204,54290.0,26113.5,28176.5
2024-09-16,FY24-25,25,S05,P05,89.0,0.0,89.0,85.0,0,0,1,Ganesh Chaturthi,1.056,516,352,164,45924.0,22280.0,23644.0
2024-09-23,FY24-25,26,S05,P05,89.0,0.0,89.0,86.0,0,0,0,,1.056,536,368,168,47704.0,23196.0,24508.0
2024-09-30,FY24-25,27,S05,P05,89.0,0.2,71.2,73.0,0,1,1,Navratri,1.0,797,415,382,56746.4,29703.0,27043.4
2024-10-07,FY24-25,28,S05,P05,89.0,0.0,89.0,86.0,0,0,1,Navratri,1.0,590,348,242,52510.0,24263.0,28247.0
2024-10-14,FY24-25,29,S05,P05,89.0,0.0,89.0,86.0,0,0,0,,1.0,561,326,235,49929.0,22961.5,26967.5
2024-10-21,FY24-25,30,S05,P05,89.0,0.0,89.0,86.0,0,0,0,,1.0,526,309,217,46814.0,21603.25,25210.75
2024-10-28,FY24-25,31,S05,P05,89.0,0.0,89.0,86.0,0,0,1,Diwali,1.0,582,320,262,51798.0,23416.0,28382.0
2024-11-04,FY24-25,32,S05,P05,89.0,0.0,89.0,86.0,0,0,0,,1.0,658,386,272,58562.0,27012.5,31549.5
2024-11-11,FY24-25,33,S05,P05,89.0,0.0,89.0,86.0,0,0,0,,1.0,554,315,239,49306.0,22520.75,26785.25
2024-11-18,FY24-25,34,S05,P05,89.0,0.0,89.0,86.0,0,0,0,,1.0,570,320,250,50730.0,23080.0,27650.0
2024-11-25,FY24-25,35,S05,P05,89.0,0.0,89.0,86.0,0,0,0,,1.0,532,282,250,47348.0,21170.5,26177.5
2024-12-02,FY24-25,36,S05,P05,89.0,0.0,89.0,86.0,0,0,0,,1.0,541,299,242,48149.0,21800.75,26348.25
2024-12-09,FY24-25,37,S05,P05,89.0,0.0,89.0,86.0,0,0,0,,1.0,615,344,271,54735.0,24874.0,29861.0
2024-12-16,FY24-25,38,S05,P05,89.0,0.0,89.0,86.0,0,0,1,Year End,1.1,617,331,286,54913.0,24640.75,30272.25
2024-12-23,FY24-25,39,S05,P05,89.0,0.1,80.1,87.0,0,1,1,Year End,1.1,839,494,345,67203.9,33384.35,33819.55
2024-12-30,FY24-25,40,S05,P05,89.0,0.0,89.0,87.0,0,0,1,Year End,1.1,619,362,257,55091.0,25386.5,29704.5
2025-01-06,FY24-25,41,S05,P05,89.0,0.0,89.0,87.0,0,0,0,,1.0,562,302,260,50018.0,22455.5,27562.5
2025-01-13,FY24-25,42,S05,P05,89.0,0.0,89.0,87.0,1,0,0,,1.0,584,302,282,51976.0,23071.5,28904.5
2025-01-20,FY24-25,43,S05,P05,89.0,0.0,89.0,87.0,1,0,0,,1.0,697,391,306,62033.0,28215.75,33817.25
2025-01-27,FY24-25,44,S05,P05,89.0,0.0,89.0,87.0,1,0,0,,1.0,540,278,262,48060.0,21305.5,26754.5
2025-02-03,FY24-25,45,S05,P05,89.0,0.0,89.0,87.0,1,0,0,,1.0,632,353,279,56248.0,25550.25,30697.75
2025-02-10,FY24-25,46,S05,P05,89.0,0.0,89.0,87.0,0,0,0,,1.0,550,294,256,48950.0,21941.5,27008.5
2025-02-17,FY24-25,47,S05,P05,89.0,0.0,89.0,87.0,0,0,0,,1.0,558,291,267,49662.0,22098.75,27563.25
2025-02-24,FY24-25,48,S05,P05,89.0,0.0,89.0,74.0,0,0,0,,1.0,518,303,215,46102.0,21245.75,24856.25
2025-03-03,FY24-25,49,S05,P05,89.0,0.0,89.0,87.0,0,0,0,,1.0,567,291,276,50463.0,22350.75,28112.25
2025-03-10,FY24-25,50,S05,P05,89.0,0.0,89.0,87.0,0,0,0,,1.0,539,285,254,47971.0,21433.25,26537.75
2025-03-17,FY24-25,51,S05,P05,89.0,0.0,89.0,88.0,0,0,0,,1.0,603,344,259,53667.0,24538.0,29129.0
2025-03-24,FY24-25,52,S05,P05,89.0,0.0,89.0,88.0,0,0,0,,1.0,483,269,214,42987.0,19509.25,23477.75
2025-03-31,FY24-25,53,S05,P05,99.0,0.0,99.0,88.0,0,0,0,,1.0,435,241,194,43065.0,18144.75,24920.25
2025-04-07,FY25-26,54,S05,P05,99.0,0.0,99.0,88.0,0,0,0,,1.0,547,311,236,54153.0,23013.25,31139.75
2025-04-14,FY25-26,55,S05,P05,99.0,0.0,99.0,88.0,0,0,0,,1.0,436,230,206,43164.0,17900.5,25263.5
2025-04-21,FY25-26,56,S05,P05,99.0,0.0,99.0,75.0,0,0,0,,1.0,432,230,202,42768.0,17788.5,24979.5
2025-04-28,FY25-26,57,S05,P05,99.0,0.0,99.0,88.0,0,0,0,,1.0,458,253,205,45342.0,19085.75,26256.25
2025-05-05,FY25-26,58,S05,P05,99.0,0.0,99.0,88.0,0,0,0,,1.0,473,255,218,46827.0,19555.25,27271.75
2025-05-12,FY25-26,59,S05,P05,99.0,0.2,79.2,88.0,0,1,0,,1.0,776,435,341,61459.2,30341.0,31118.2
2025-05-19,FY25-26,60,S05,P05,99.0,0.0,99.0,88.0,0,0,0,,1.0,425,241,184,42075.0,17864.75,24210.25
2025-05-26,FY25-26,61,S05,P05,99.0,0.0,99.0,88.0,0,0,0,,1.0,400,212,188,39600.0,16447.0,23153.0
2025-06-02,FY25-26,62,S05,P05,99.0,0.0,99.0,88.0,0,0,0,,1.056,554,361,193,54846.0,24446.75,30399.25
2025-06-09,FY25-26,63,S05,P05,99.0,0.0,99.0,89.0,0,0,0,,1.056,570,376,194,56430.0,25266.0,31164.0
2025-06-16,FY25-26,64,S05,P05,99.0,0.0,99.0,75.0,0,0,0,,1.056,521,338,183,51579.0,22953.5,28625.5
2025-06-23,FY25-26,65,S05,P05,109.0,0.0,109.0,89.0,1,0,0,,1.056,368,233,135,40112.0,16653.25,23458.75
2025-06-30,FY25-26,66,S05,P05,109.0,0.0,109.0,89.0,1,0,0,,1.056,442,294,148,48178.0,20387.5,27790.5
2025-07-07,FY25-26,67,S05,P05,109.0,0.0,109.0,89.0,1,0,0,,1.056,408,255,153,44472.0,18372.75,26099.25
2025-07-14,FY25-26,68,S05,P05,109.0,0.0,109.0,89.0,1,0,0,,1.056,450,295,155,49050.0,20638.75,28411.25
2025-07-21,FY25-26,69,S05,P05,99.0,0.1,89.1,89.0,0,1,0,,1.056,694,464,230,61835.4,29767.6,32067.8
2025-07-28,FY25-26,70,S05,P05,99.0,0.0,99.0,89.0,0,0,0,,1.056,490,335,155,48510.0,22011.25,26498.75
2025-08-04,FY25-26,71,S05,P05,99.0,0.0,99.0,89.0,0,0,0,,1.056,543,342,201,53757.0,23668.5,30088.5
2025-08-11,FY25-26,72,S05,P05,99.0,0.0,99.0,89.0,0,0,0,,1.056,556,365,191,55044.0,24601.75,30442.25
2025-08-18,FY25-26,73,S05,P05,99.0,0.0,99.0,89.0,0,0,0,,1.056,600,406,194,59400.0,26848.5,32551.5
2025-08-25,FY25-26,74,S05,P05,99.0,0.0,99.0,89.0,0,0,1,Ganesh Chaturthi,1.056,475,317,158,47025.0,21145.75,25879.25
2025-09-01,FY25-26,75,S05,P05,99.0,0.0,99.0,90.0,0,0,1,Ganesh Chaturthi,1.056,537,328,209,53163.0,23154.0,30009.0
2025-09-08,FY25-26,76,S05,P05,99.0,0.0,99.0,90.0,0,0,0,,1.056,513,343,170,50787.0,22853.25,27933.75
2025-09-15,FY25-26,77,S05,P05,99.0,0.0,99.0,90.0,0,0,0,,1.056,480,304,176,47520.0,20964.0,26556.0
2025-09-22,FY25-26,78,S05,P05,99.0,0.0,99.0,90.0,0,0,1,Navratri,1.056,504,315,189,49896.0,21908.25,27987.75
2025-09-29,FY25-26,79,S05,P05,99.0,0.0,99.0,90.0,0,0,1,Navratri,1.0,487,275,212,48213.0,20442.25,27770.75
2025-10-06,FY25-26,80,S05,P05,99.0,0.0,99.0,90.0,0,0,0,,1.0,413,230,183,40887.0,17256.5,23630.5
2025-10-13,FY25-26,81,S05,P05,99.0,0.0,99.0,90.0,0,0,1,Diwali,1.0,461,248,213,45639.0,19046.0,26593.0
2025-10-20,FY25-26,82,S05,P05,99.0,0.0,99.0,90.0,0,0,1,Diwali,1.0,509,276,233,50391.0,21083.0,29308.0
2025-10-27,FY25-26,83,S05,P05,99.0,0.0,99.0,90.0,0,0,0,,1.0,459,227,232,45441.0,18470.25,26970.75
2025-11-03,FY25-26,84,S05,P05,99.0,0.0,99.0,90.0,0,0,0,,1.0,500,279,221,49500.0,20905.25,28594.75
2025-11-10,FY25-26,85,S05,P05,99.0,0.0,99.0,90.0,0,0,0,,1.0,423,233,190,41877.0,17610.75,24266.25
2025-11-17,FY25-26,86,S05,P05,99.0,0.0,99.0,90.0,0,0,0,,1.0,523,273,250,51777.0,21400.75,30376.25
2025-11-24,FY25-26,87,S05,P05,99.0,0.0,99.0,91.0,0,0,0,,1.0,473,284,189,46827.0,20273.0,26554.0
2025-12-01,FY25-26,88,S05,P05,99.0,0.0,99.0,91.0,0,0,0,,1.0,547,292,255,54153.0,22543.0,31610.0
2025-12-08,FY25-26,89,S05,P05,99.0,0.0,99.0,91.0,0,0,0,,1.0,419,240,179,41481.0,17672.0,23809.0
2025-12-15,FY25-26,90,S05,P05,99.0,0.0,99.0,91.0,0,0,0,,1.0,477,264,213,47223.0,19890.0,27333.0
2025-12-22,FY25-26,91,S05,P05,99.0,0.0,99.0,91.0,0,0,1,Year End,1.1,591,336,255,58509.0,24864.0,33645.0
2025-12-29,FY25-26,92,S05,P05,99.0,0.0,99.0,91.0,0,0,1,Year End,1.1,565,323,242,55935.0,23814.25,32120.75
2026-01-05,FY25-26,93,S05,P05,99.0,0.0,99.0,91.0,0,0,0,,1.0,542,303,239,53658.0,22675.25,30982.75
2026-01-12,FY25-26,94,S05,P05,99.0,0.0,99.0,91.0,0,0,0,,1.0,415,223,192,41085.0,17139.25,23945.75
2026-01-19,FY25-26,95,S05,P05,99.0,0.0,99.0,91.0,0,0,0,,1.0,475,264,211,47025.0,19834.0,27191.0
2026-01-26,FY25-26,96,S05,P05,99.0,0.0,99.0,91.0,0,0,0,,1.0,428,227,201,42372.0,17602.25,24769.75
2026-02-02,FY25-26,97,S05,P05,99.0,0.0,99.0,91.0,0,0,0,,1.0,408,235,173,40392.0,17240.25,23151.75
2026-02-09,FY25-26,98,S05,P05,99.0,0.0,99.0,91.0,0,0,0,,1.0,539,292,247,53361.0,22319.0,31042.0
2026-02-16,FY25-26,99,S05,P05,99.0,0.0,99.0,92.0,0,0,0,,1.0,481,264,217,47619.0,20002.0,27617.0
2026-02-23,FY25-26,100,S05,P05,99.0,0.0,99.0,92.0,0,0,0,,1.0,468,241,227,46332.0,19068.75,27263.25
2026-03-02,FY25-26,101,S05,P05,99.0,0.0,99.0,92.0,0,0,0,,1.0,543,281,262,53757.0,22158.75,31598.25
2026-03-09,FY25-26,102,S05,P05,99.0,0.0,99.0,92.0,0,0,0,,1.0,489,274,215,48411.0,20473.5,27937.5
2026-03-16,FY25-26,103,S05,P05,99.0,0.0,99.0,92.0,0,0,0,,1.0,482,283,199,47718.0,20500.25,27217.75
2026-03-23,FY25-26,104,S05,P05,99.0,0.0,99.0,92.0,0,0,0,,1.0,430,227,203,42570.0,17658.25,24911.75
2024-04-01,FY24-25,1,S05,P06,119.0,0.0,119.0,109.0,0,0,0,,1.2,475,247,228,56525.0,23973.25,32551.75
2024-04-08,FY24-25,2,S05,P06,119.0,0.0,119.0,109.0,0,0,0,,1.2,455,253,202,54145.0,23451.75,30693.25
2024-04-15,FY24-25,3,S05,P06,119.0,0.0,119.0,109.0,0,0,0,,1.2,441,232,209,52479.0,22337.0,30142.0
2024-04-22,FY24-25,4,S05,P06,119.0,0.0,119.0,109.0,0,0,0,,1.2,452,252,200,53788.0,23317.0,30471.0
2024-04-29,FY24-25,5,S05,P06,119.0,0.2,95.2,109.0,0,1,0,,1.2,732,413,319,69686.4,35449.4,34237.0
2024-05-06,FY24-25,6,S05,P06,119.0,0.0,119.0,109.0,0,0,0,,1.2,493,293,200,58667.0,25971.75,32695.25
2024-05-13,FY24-25,7,S05,P06,119.0,0.0,119.0,110.0,0,0,0,,1.2,468,273,195,55692.0,24501.75,31190.25
2024-05-20,FY24-25,8,S05,P06,119.0,0.1,107.1,110.0,0,1,0,,1.2,563,313,250,60297.3,28085.57,32211.73
2024-05-27,FY24-25,9,S05,P06,119.0,0.0,119.0,110.0,0,0,0,,1.2,456,248,208,54264.0,23338.0,30926.0
2024-06-03,FY24-25,10,S05,P06,119.0,0.0,119.0,110.0,0,0,0,,0.96,352,232,120,41888.0,19222.0,22666.0
2024-06-10,FY24-25,11,S05,P06,119.0,0.2,95.2,110.0,0,1,0,,0.96,597,376,221,56834.4,29843.8,26990.6
2024-06-17,FY24-25,12,S05,P06,119.0,0.0,119.0,110.0,0,0,0,,0.96,387,250,137,46053.0,20982.5,25070.5
2024-06-24,FY24-25,13,S05,P06,119.0,0.0,119.0,110.0,0,0,0,,0.96,366,231,135,43554.0,19682.25,23871.75
2024-07-01,FY24-25,14,S05,P06,119.0,0.0,119.0,110.0,0,0,0,,0.96,411,263,148,48909.0,22209.25,26699.75
2024-07-08,FY24-25,15,S05,P06,119.0,0.0,119.0,110.0,0,0,0,,0.96,355,222,133,42245.0,19029.5,23215.5
2024-07-15,FY24-25,16,S05,P06,119.0,0.0,119.0,110.0,0,0,0,,0.96,351,239,112,41769.0,19395.25,22373.75
2024-07-22,FY24-25,17,S05,P06,119.0,0.15,101.15,111.0,0,1,0,,0.96,602,410,192,60892.3,31437.88,29454.42
2024-07-29,FY24-25,18,S05,P06,119.0,0.0,119.0,111.0,0,0,0,,0.96,352,228,124,41888.0,19103.0,22785.0
2024-08-05,FY24-25,19,S05,P06,119.0,0.0,119.0,111.0,0,0,0,,0.96,372,228,144,44268.0,19803.0,24465.0
2024-08-12,FY24-25,20,S05,P06,119.0,0.0,119.0,111.0,0,0,0,,0.96,364,245,119,43316.0,20028.75,23287.25
2024-08-19,FY24-25,21,S05,P06,109.0,0.0,109.0,111.0,1,0,0,,0.96,426,287,139,46434.0,22730.75,23703.25
2024-08-26,FY24-25,22,S05,P06,109.0,0.0,109.0,111.0,1,0,0,,0.96,452,308,144,49268.0,24213.0,25055.0
2024-09-02,FY24-25,23,S05,P06,109.0,0.0,109.0,111.0,1,0,1,Ganesh Chaturthi,0.96,414,273,141,45126.0,21929.25,23196.75
2024-09-09,FY24-25,24,S05,P06,109.0,0.0,109.0,111.0,1,0,1,Ganesh Chaturthi,0.96,444,283,161,48396.0,23251.75,25144.25
2024-09-16,FY24-25,25,S05,P06,119.0,0.0,119.0,111.0,0,0,1,Ganesh Chaturthi,0.96,393,261,132,46767.0,21519.75,25247.25
2024-09-23,FY24-25,26,S05,P06,119.0,0.0,119.0,112.0,0,0,0,,0.96,379,239,140,45101.0,20375.25,24725.75
2024-09-30,FY24-25,27,S05,P06,119.0,0.0,119.0,112.0,0,0,1,Navratri,1.0,390,210,180,46410.0,19897.5,26512.5
2024-10-07,FY24-25,28,S05,P06,119.0,0.2,95.2,112.0,0,1,1,Navratri,1.0,613,337,276,58357.6,29475.6,28882.0
2024-10-14,FY24-25,29,S05,P06,119.0,0.0,119.0,112.0,0,0,0,,1.0,385,222,163,45815.0,20079.5,25735.5
2024-10-21,FY24-25,30,S05,P06,119.0,0.1,107.1,112.0,0,1,0,,1.0,518,277,241,55477.8,25546.68,29931.12
2024-10-28,FY24-25,31,S05,P06,119.0,0.0,119.0,112.0,0,0,1,Diwali,1.0,393,231,162,46767.0,20627.25,26139.75
2024-11-04,FY24-25,32,S05,P06,119.0,0.0,119.0,112.0,0,0,0,,1.0,382,195,187,45458.0,19171.25,26286.75
2024-11-11,FY24-25,33,S05,P06,119.0,0.1,107.1,112.0,0,1,0,,1.0,476,249,227,50979.6,23326.98,27652.62
2024-11-18,FY24-25,34,S05,P06,119.0,0.0,119.0,112.0,0,0,0,,1.0,394,200,194,46886.0,19740.0,27146.0
2024-11-25,FY24-25,35,S05,P06,119.0,0.2,95.2,112.0,0,1,0,,1.0,608,361,247,57881.6,29871.8,28009.8
2024-12-02,FY24-25,36,S05,P06,119.0,0.0,119.0,113.0,0,0,0,,1.0,448,258,190,53312.0,23355.5,29956.5
2024-12-09,FY24-25,37,S05,P06,119.0,0.0,119.0,113.0,0,0,0,,1.0,418,232,186,49742.0,21532.0,28210.0
2024-12-16,FY24-25,38,S05,P06,119.0,0.0,119.0,113.0,0,0,1,Year End,1.1,483,278,205,57477.0,25175.5,32301.5
2024-12-23,FY24-25,39,S05,P06,119.0,0.0,119.0,113.0,0,0,1,Year End,1.1,447,234,213,53193.0,22606.5,30586.5
2024-12-30,FY24-25,40,S05,P06,119.0,0.0,119.0,113.0,0,0,1,Year End,1.1,412,211,201,49028.0,20697.25,28330.75
2025-01-06,FY24-25,41,S05,P06,119.0,0.0,119.0,113.0,0,0,0,,1.0,387,214,173,46053.0,19911.5,26141.5
2025-01-13,FY24-25,42,S05,P06,119.0,0.0,119.0,113.0,0,0,0,,1.0,441,238,203,52479.0,22515.5,29963.5
2025-01-20,FY24-25,43,S05,P06,119.0,0.0,119.0,113.0,0,0,0,,1.0,409,249,160,48671.0,21722.75,26948.25
2025-01-27,FY24-25,44,S05,P06,119.0,0.0,119.0,113.0,0,0,0,,1.0,410,236,174,48790.0,21371.0,27419.0
2025-02-03,FY24-25,45,S05,P06,129.0,0.0,129.0,114.0,1,0,0,,1.0,315,169,146,40635.0,16475.25,24159.75
2025-02-10,FY24-25,46,S05,P06,129.0,0.0,129.0,114.0,1,0,0,,1.0,386,217,169,49794.0,20508.25,29285.75
2025-02-17,FY24-25,47,S05,P06,129.0,0.0,129.0,114.0,1,0,0,,1.0,411,227,184,53019.0,21705.75,31313.25
2025-02-24,FY24-25,48,S05,P06,129.0,0.0,129.0,114.0,1,0,0,,1.0,352,186,166,45408.0,18318.5,27089.5
2025-03-03,FY24-25,49,S05,P06,119.0,0.0,119.0,114.0,0,0,0,,1.0,414,230,184,49266.0,21332.5,27933.5
2025-03-10,FY24-25,50,S05,P06,119.0,0.0,119.0,114.0,0,0,0,,1.0,416,223,193,49504.0,21194.25,28309.75
2025-03-17,FY24-25,51,S05,P06,119.0,0.0,119.0,114.0,0,0,0,,1.0,421,216,205,50099.0,21161.0,28938.0
2025-03-24,FY24-25,52,S05,P06,109.0,0.0,109.0,114.0,1,0,0,,1.0,403,217,186,43927.0,20018.25,23908.75
2025-03-31,FY24-25,53,S05,P06,119.0,0.0,119.0,114.0,1,0,0,,1.2,458,242,216,54502.0,23229.5,31272.5
2025-04-07,FY25-26,54,S05,P06,119.0,0.0,119.0,115.0,1,0,0,,1.2,441,228,213,52479.0,22218.0,30261.0
2025-04-14,FY25-26,55,S05,P06,119.0,0.0,119.0,115.0,1,0,0,,1.2,438,262,176,52122.0,23124.5,28997.5
2025-04-21,FY25-26,56,S05,P06,129.0,0.0,129.0,115.0,0,0,0,,1.2,418,223,195,53922.0,21821.75,32100.25
2025-04-28,FY25-26,57,S05,P06,129.0,0.0,129.0,115.0,0,0,0,,1.2,451,227,224,58179.0,23105.75,35073.25
2025-05-05,FY25-26,58,S05,P06,129.0,0.0,129.0,115.0,0,0,0,,1.2,430,236,194,55470.0,22661.0,32809.0
2025-05-12,FY25-26,59,S05,P06,129.0,0.0,129.0,115.0,0,0,0,,1.2,498,276,222,64242.0,26331.0,37911.0
2025-05-19,FY25-26,60,S05,P06,129.0,0.2,103.2,115.0,0,1,0,,1.2,641,375,266,66151.2,32110.0,34041.2
2025-05-26,FY25-26,61,S05,P06,129.0,0.0,129.0,115.0,0,0,0,,1.2,434,235,199,55986.0,22768.75,33217.25
2025-06-02,FY25-26,62,S05,P06,129.0,0.1,116.1,115.0,0,1,0,,0.96,441,275,166,51200.1,23416.88,27783.22
2025-06-09,FY25-26,63,S05,P06,129.0,0.0,129.0,115.0,0,0,0,,0.96,339,206,133,43731.0,18508.5,25222.5
2025-06-16,FY25-26,64,S05,P06,129.0,0.0,129.0,116.0,0,0,0,,0.96,407,261,146,52503.0,22662.25,29840.75
2025-06-23,FY25-26,65,S05,P06,129.0,0.1,116.1,116.0,0,1,0,,0.96,413,261,152,47949.3,22030.52,25918.78
2025-06-30,FY25-26,66,S05,P06,129.0,0.0,129.0,116.0,0,0,0,,0.96,358,241,117,46182.0,20302.25,25879.75
2025-07-07,FY25-26,67,S05,P06,129.0,0.0,129.0,116.0,0,0,0,,0.96,397,263,134,51213.0,22376.75,28836.25
2025-07-14,FY25-26,68,S05,P06,129.0,0.2,103.2,116.0,0,1,0,,0.96,496,329,167,51187.2,25848.2,25339.0
2025-07-21,FY25-26,69,S05,P06,129.0,0.0,129.0,116.0,0,0,0,,0.96,321,202,119,41409.0,17749.5,23659.5
2025-07-28,FY25-26,70,S05,P06,129.0,0.0,129.0,116.0,0,0,0,,0.96,318,205,113,41022.0,17741.25,23280.75
2025-08-04,FY25-26,71,S05,P06,129.0,0.0,129.0,116.0,0,0,0,,0.96,366,255,111,47214.0,21033.75,26180.25
2025-08-11,FY25-26,72,S05,P06,129.0,0.0,129.0,116.0,0,0,0,,0.96,355,211,144,45795.0,19229.75,26565.25
2025-08-18,FY25-26,73,S05,P06,129.0,0.0,129.0,117.0,0,0,0,,0.96,324,205,119,41796.0,17951.25,23844.75
2025-08-25,FY25-26,74,S05,P06,129.0,0.0,129.0,117.0,0,0,1,Ganesh Chaturthi,0.96,344,216,128,44376.0,19006.0,25370.0
2025-09-01,FY25-26,75,S05,P06,129.0,0.0,129.0,117.0,0,0,1,Ganesh Chaturthi,0.96,343,204,139,44247.0,18584.0,25663.0
2025-09-08,FY25-26,76,S05,P06,129.0,0.0,129.0,117.0,0,0,0,,0.96,377,258,119,48633.0,21515.5,27117.5
2025-09-15,FY25-26,77,S05,P06,129.0,0.0,129.0,117.0,0,0,0,,0.96,290,194,96,37410.0,16406.5,21003.5
2025-09-22,FY25-26,78,S05,P06,129.0,0.0,129.0,117.0,0,0,1,Navratri,0.96,300,195,105,38700.0,16788.75,21911.25
2025-09-29,FY25-26,79,S05,P06,129.0,0.0,129.0,117.0,0,0,1,Navratri,1.0,352,191,161,45408.0,18479.75,26928.25
2025-10-06,FY25-26,80,S05,P06,129.0,0.15,109.65,117.0,0,1,0,,1.0,527,294,233,57785.55,26504.28,31281.27
2025-10-13,FY25-26,81,S05,P06,129.0,0.0,129.0,117.0,0,0,1,Diwali,1.0,414,232,182,53406.0,21972.0,31434.0
2025-10-20,FY25-26,82,S05,P06,129.0,0.0,129.0,118.0,0,0,1,Diwali,1.0,345,180,165,44505.0,17880.0,26625.0
2025-10-27,FY25-26,83,S05,P06,129.0,0.2,103.2,118.0,0,1,0,,1.0,565,323,242,58308.0,28108.4,30199.6
2025-11-03,FY25-26,84,S05,P06,129.0,0.2,103.2,118.0,0,1,0,,1.0,513,281,232,52941.6,25204.8,27736.8
2025-11-10,FY25-26,85,S05,P06,129.0,0.0,129.0,118.0,0,0,0,,1.0,354,208,146,45666.0,19098.0,26568.0
2025-11-17,FY25-26,86,S05,P06,129.0,0.1,116.1,118.0,0,1,0,,1.0,456,261,195,52941.6,23535.52,29406.08
2025-11-24,FY25-26,87,S05,P06,129.0,0.2,103.2,118.0,0,1,0,,1.0,588,340,248,60681.6,29352.0,31329.6
2025-12-01,FY25-26,88,S05,P06,129.0,0.0,129.0,118.0,0,0,0,,1.0,325,188,137,41925.0,17438.0,24487.0
2025-12-08,FY25-26,89,S05,P06,129.0,0.0,129.0,118.0,0,0,0,,1.0,342,184,158,44118.0,17904.0,26214.0
2025-12-15,FY25-26,90,S05,P06,129.0,0.0,129.0,118.0,0,0,0,,1.0,424,244,180,54696.0,22709.0,31987.0
2025-12-22,FY25-26,91,S05,P06,129.0,0.15,109.65,119.0,0,1,1,Year End,1.1,514,268,246,56360.1,25336.55,31023.55
2025-12-29,FY25-26,92,S05,P06,129.0,0.0,129.0,119.0,0,0,1,Year End,1.1,419,221,198,54051.0,21792.25,32258.75
2026-01-05,FY25-26,93,S05,P06,129.0,0.0,129.0,119.0,0,0,0,,1.0,344,193,151,44376.0,18264.25,26111.75
2026-01-12,FY25-26,94,S05,P06,129.0,0.0,129.0,119.0,0,0,0,,1.0,361,184,177,46569.0,18569.0,28000.0
2026-01-19,FY25-26,95,S05,P06,129.0,0.0,129.0,119.0,0,0,0,,1.0,383,204,179,49407.0,19984.0,29423.0
2026-01-26,FY25-26,96,S05,P06,129.0,0.0,129.0,119.0,0,0,0,,1.0,353,191,162,45537.0,18514.75,27022.25
2026-02-02,FY25-26,97,S05,P06,129.0,0.0,129.0,119.0,0,0,0,,1.0,346,175,171,44634.0,17753.75,26880.25
2026-02-09,FY25-26,98,S05,P06,129.0,0.0,129.0,119.0,0,0,0,,1.0,429,237,192,55341.0,22658.25,32682.75
2026-02-16,FY25-26,99,S05,P06,129.0,0.0,129.0,119.0,0,0,0,,1.0,387,227,160,49923.0,20865.75,29057.25
2026-02-23,FY25-26,100,S05,P06,129.0,0.0,129.0,120.0,0,0,0,,1.0,383,224,159,49407.0,20629.0,28778.0
2026-03-02,FY25-26,101,S05,P06,129.0,0.0,129.0,120.0,0,0,0,,1.0,442,244,198,57018.0,23339.0,33679.0
2026-03-09,FY25-26,102,S05,P06,129.0,0.0,129.0,120.0,0,0,0,,1.0,335,160,175,43215.0,16885.0,26330.0
2026-03-16,FY25-26,103,S05,P06,129.0,0.0,129.0,120.0,0,0,0,,1.0,391,223,168,50439.0,20876.75,29562.25
2026-03-23,FY25-26,104,S05,P06,129.0,0.0,129.0,120.0,0,0,0,,1.0,316,181,135,40764.0,16897.25,23866.75
2024-04-01,FY24-25,1,S06,P01,189.0,0.15,160.65,141.0,0,1,0,,1.0,565,251,314,90767.25,49630.79,41136.46
2024-04-08,FY24-25,2,S06,P01,189.0,0.0,189.0,141.0,0,0,0,,0.9,354,158,196,66906.0,32245.5,34660.5
2024-04-15,FY24-25,3,S06,P01,189.0,0.0,189.0,141.0,0,0,0,,0.9,392,163,229,74088.0,35141.75,38946.25
2024-04-22,FY24-25,4,S06,P01,189.0,0.0,189.0,141.0,0,0,0,,0.9,290,128,162,54810.0,26348.0,28462.0
2024-04-29,FY24-25,5,S06,P01,189.0,0.2,151.2,141.0,0,1,0,,0.7,426,191,235,64411.2,37039.8,27371.4
2024-05-06,FY24-25,6,S06,P01,189.0,0.0,189.0,141.0,0,0,0,,0.7,259,122,137,48951.0,23894.5,25056.5
2024-05-13,FY24-25,7,S06,P01,189.0,0.0,189.0,142.0,0,0,0,,0.7,230,92,138,43470.0,20447.0,23023.0
2024-05-20,FY24-25,8,S06,P01,189.0,0.0,189.0,142.0,0,0,0,,0.7,277,120,157,52353.0,25060.0,27293.0
2024-05-27,FY24-25,9,S06,P01,189.0,0.0,189.0,142.0,0,0,0,,0.7,260,114,146,49140.0,23586.5,25553.5
2024-06-03,FY24-25,10,S06,P01,189.0,0.0,189.0,142.0,0,0,0,,0.672,250,140,110,47250.0,24115.0,23135.0
2024-06-10,FY24-25,11,S06,P01,189.0,0.0,189.0,142.0,0,0,0,,0.672,239,128,111,45171.0,22778.0,22393.0
2024-06-17,FY24-25,12,S06,P01,189.0,0.0,189.0,142.0,0,0,0,,0.672,257,135,122,48573.0,24368.75,24204.25
2024-06-24,FY24-25,13,S06,P01,189.0,0.0,189.0,142.0,0,0,0,,0.672,252,135,117,47628.0,24018.75,23609.25
2024-07-01,FY24-25,14,S06,P01,189.0,0.0,189.0,142.0,0,0,0,,0.96,371,219,152,70119.0,36317.75,33801.25
2024-07-08,FY24-25,15,S06,P01,189.0,0.0,189.0,143.0,0,0,0,,0.96,353,181,172,66717.0,33262.25,33454.75
2024-07-15,FY24-25,16,S06,P01,189.0,0.0,189.0,143.0,0,0,0,,0.96,407,225,182,76923.0,39121.25,37801.75
2024-07-22,FY24-25,17,S06,P01,189.0,0.1,170.1,143.0,0,1,0,,0.96,515,285,230,87601.5,48169.62,39431.88
2024-07-29,FY24-25,18,S06,P01,189.0,0.0,189.0,143.0,0,0,0,,0.96,376,209,167,71064.0,36195.25,34868.75
2024-08-05,FY24-25,19,S06,P01,189.0,0.0,189.0,143.0,0,0,0,,0.96,398,240,158,75222.0,39200.0,36022.0
2024-08-12,FY24-25,20,S06,P01,199.0,0.0,199.0,143.0,1,0,0,,0.96,316,185,131,62884.0,31323.75,31560.25
2024-08-19,FY24-25,21,S06,P01,199.0,0.0,199.0,143.0,1,0,0,,0.96,338,186,152,67262.0,32913.5,34348.5
2024-08-26,FY24-25,22,S06,P01,199.0,0.0,199.0,144.0,1,0,0,,0.96,339,187,152,67461.0,33033.25,34427.75
2024-09-02,FY24-25,23,S06,P01,199.0,0.0,199.0,144.0,1,0,1,Ganesh Chaturthi,0.96,317,173,144,63083.0,30796.75,32286.25
2024-09-09,FY24-25,24,S06,P01,189.0,0.2,151.2,144.0,0,1,1,Ganesh Chaturthi,0.96,607,351,256,91778.4,55757.8,36020.6
2024-09-16,FY24-25,25,S06,P01,189.0,0.0,189.0,144.0,0,0,1,Ganesh Chaturthi,0.96,357,186,171,67473.0,33778.5,33694.5
2024-09-23,FY24-25,26,S06,P01,189.0,0.0,189.0,144.0,0,0,0,,0.96,369,189,180,69741.0,34760.25,34980.75
2024-09-30,FY24-25,27,S06,P01,189.0,0.0,189.0,144.0,0,0,1,Navratri,1.0,332,130,202,62748.0,29382.5,33365.5
2024-10-07,FY24-25,28,S06,P01,189.0,0.0,189.0,144.0,0,0,1,Navratri,1.0,421,184,237,79569.0,38164.0,41405.0
2024-10-14,FY24-25,29,S06,P01,189.0,0.0,189.0,144.0,0,0,0,,1.0,392,164,228,74088.0,35189.0,38899.0
2024-10-21,FY24-25,30,S06,P01,189.0,0.0,189.0,145.0,0,0,0,,1.0,358,167,191,67662.0,32950.75,34711.25
2024-10-28,FY24-25,31,S06,P01,189.0,0.0,189.0,123.0,0,0,1,Diwali,1.0,354,168,186,66906.0,32718.0,34188.0
2024-11-04,FY24-25,32,S06,P01,189.0,0.1,170.1,145.0,0,1,0,,1.0,504,201,303,85730.4,43827.52,41902.88
2024-11-11,FY24-25,33,S06,P01,189.0,0.15,160.65,145.0,0,1,0,,0.9,495,236,259,79521.75,44128.35,35393.4
2024-11-18,FY24-25,34,S06,P01,189.0,0.0,189.0,145.0,0,0,0,,0.9,335,153,182,63315.0,30679.25,32635.75
2024-11-25,FY24-25,35,S06,P01,189.0,0.0,189.0,145.0,0,0,0,,0.9,365,157,208,68985.0,32968.25,36016.75
2024-12-02,FY24-25,36,S06,P01,189.0,0.0,189.0,145.0,0,0,0,,1.0,313,150,163,59157.0,28997.5,30159.5
2024-12-09,FY24-25,37,S06,P01,189.0,0.0,189.0,146.0,0,0,0,,1.0,382,169,213,72198.0,34725.25,37472.75
2024-12-16,FY24-25,38,S06,P01,189.0,0.0,189.0,146.0,0,0,1,Year End,1.0,429,199,230,81081.0,39432.75,41648.25
2024-12-23,FY24-25,39,S06,P01,189.0,0.2,151.2,146.0,0,1,1,Year End,1.0,677,318,359,102362.4,59410.4,42952.0
2024-12-30,FY24-25,40,S06,P01,189.0,0.2,151.2,146.0,0,1,1,Year End,1.0,680,282,398,102816.0,58259.6,44556.4
2025-01-06,FY24-25,41,S06,P01,189.0,0.0,189.0,146.0,0,0,0,,1.0,359,153,206,67851.0,32359.25,35491.75
2025-01-13,FY24-25,42,S06,P01,189.0,0.0,189.0,146.0,0,0,0,,1.0,442,204,238,83538.0,40579.0,42959.0
2025-01-20,FY24-25,43,S06,P01,189.0,0.0,189.0,146.0,0,0,0,,1.0,329,154,175,62181.0,30306.5,31874.5
2025-01-27,FY24-25,44,S06,P01,189.0,0.0,189.0,147.0,0,0,0,,1.0,375,164,211,70875.0,33999.0,36876.0
2025-02-03,FY24-25,45,S06,P01,189.0,0.0,189.0,147.0,0,0,0,,1.0,370,164,206,69930.0,33649.0,36281.0
2025-02-10,FY24-25,46,S06,P01,189.0,0.0,189.0,147.0,0,0,0,,1.0,392,164,228,74088.0,35189.0,38899.0
2025-02-17,FY24-25,47,S06,P01,189.0,0.0,189.0,147.0,0,0,0,,1.0,363,165,198,68607.0,33206.25,35400.75
2025-02-24,FY24-25,48,S06,P01,189.0,0.0,189.0,147.0,0,0,0,,1.0,362,174,188,68418.0,33561.5,34856.5
2025-03-03,FY24-25,49,S06,P01,189.0,0.0,189.0,147.0,0,0,0,,1.0,441,191,250,83349.0,39894.75,43454.25
2025-03-10,FY24-25,50,S06,P01,189.0,0.0,189.0,147.0,0,0,0,,1.0,354,150,204,66906.0,31867.5,35038.5
2025-03-17,FY24-25,51,S06,P01,189.0,0.0,189.0,147.0,0,0,0,,1.0,387,177,210,73143.0,35453.25,37689.75
2025-03-24,FY24-25,52,S06,P01,189.0,0.2,151.2,148.0,0,1,0,,1.0,553,240,313,83613.6,47782.0,35831.6
2025-03-31,FY24-25,53,S06,P01,199.0,0.0,199.0,148.0,0,0,0,,1.0,339,134,205,67461.0,30396.5,37064.5
2025-04-07,FY25-26,54,S06,P01,219.0,0.0,219.0,148.0,1,0,0,,0.9,299,134,165,65481.0,28266.5,37214.5
2025-04-14,FY25-26,55,S06,P01,219.0,0.0,219.0,148.0,1,0,0,,0.9,242,104,138,52998.0,22634.0,30364.0
2025-04-21,FY25-26,56,S06,P01,219.0,0.0,219.0,148.0,1,0,0,,0.9,277,119,158,60663.0,25905.25,34757.75
2025-04-28,FY25-26,57,S06,P01,219.0,0.0,219.0,148.0,1,0,0,,0.7,220,106,114,48180.0,21203.5,26976.5
2025-05-05,FY25-26,58,S06,P01,199.0,0.2,159.2,126.0,0,1,0,,0.7,419,188,231,66704.8,36812.4,29892.4
2025-05-12,FY25-26,59,S06,P01,199.0,0.0,199.0,149.0,0,0,0,,0.7,244,96,148,48556.0,21856.0,26700.0
2025-05-19,FY25-26,60,S06,P01,199.0,0.0,199.0,149.0,0,0,0,,0.7,239,112,127,47561.0,22302.0,25259.0
2025-05-26,FY25-26,61,S06,P01,199.0,0.15,169.15,149.0,0,1,0,,0.7,391,188,203,66137.65,35320.05,30817.6
2025-06-02,FY25-26,62,S06,P01,199.0,0.0,199.0,127.0,0,0,0,,0.672,211,116,95,41989.0,20541.0,21448.0
2025-06-09,FY25-26,63,S06,P01,199.0,0.0,199.0,149.0,0,0,0,,0.672,235,128,107,46765.0,22818.0,23947.0
2025-06-16,FY25-26,64,S06,P01,199.0,0.0,199.0,149.0,0,0,0,,0.672,240,135,105,47760.0,23516.25,24243.75
2025-06-23,FY25-26,65,S06,P01,199.0,0.0,199.0,149.0,0,0,0,,0.672,233,125,108,46367.0,22528.75,23838.25
2025-06-30,FY25-26,66,S06,P01,199.0,0.0,199.0,150.0,0,0,0,,0.96,321,179,142,63879.0,31375.25,32503.75
2025-07-07,FY25-26,67,S06,P01,199.0,0.0,199.0,150.0,0,0,0,,0.96,342,185,157,68058.0,33143.75,34914.25
2025-07-14,FY25-26,68,S06,P01,199.0,0.0,199.0,150.0,0,0,0,,0.96,357,211,146,71043.0,35487.25,35555.75
2025-07-21,FY25-26,69,S06,P01,199.0,0.0,199.0,150.0,0,0,0,,0.96,348,202,146,69252.0,34409.5,34842.5
2025-07-28,FY25-26,70,S06,P01,199.0,0.2,159.2,150.0,0,1,0,,0.96,546,292,254,86923.2,49841.6,37081.6
2025-08-04,FY25-26,71,S06,P01,199.0,0.0,199.0,128.0,0,0,0,,0.96,375,208,167,74625.0,36598.0,38027.0
2025-08-11,FY25-26,72,S06,P01,199.0,0.0,199.0,128.0,0,0,0,,0.96,320,181,139,63680.0,31404.75,32275.25
2025-08-18,FY25-26,73,S06,P01,199.0,0.0,199.0,151.0,0,0,0,,0.96,331,174,157,65869.0,31826.5,34042.5
2025-08-25,FY25-26,74,S06,P01,199.0,0.15,169.15,151.0,0,1,1,Ganesh Chaturthi,0.96,545,314,231,92186.75,51428.28,40758.47
2025-09-01,FY25-26,75,S06,P01,199.0,0.0,199.0,128.0,0,0,1,Ganesh Chaturthi,0.96,303,178,125,60297.0,30065.5,30231.5
2025-09-08,FY25-26,76,S06,P01,199.0,0.0,199.0,151.0,0,0,0,,0.96,354,188,166,70446.0,34133.0,36313.0
2025-09-15,FY25-26,77,S06,P01,199.0,0.0,199.0,151.0,0,0,0,,0.96,279,143,136,55521.0,26644.25,28876.75
2025-09-22,FY25-26,78,S06,P01,199.0,0.15,169.15,151.0,0,1,1,Navratri,0.96,557,318,239,94216.55,52437.42,41779.13
2025-09-29,FY25-26,79,S06,P01,199.0,0.15,169.15,151.0,0,1,1,Navratri,1.0,564,245,319,95400.6,49840.44,45560.16
2025-10-06,FY25-26,80,S06,P01,199.0,0.0,199.0,152.0,0,0,0,,1.0,350,166,184,69650.0,32758.5,36891.5
2025-10-13,FY25-26,81,S06,P01,199.0,0.0,199.0,152.0,0,0,1,Diwali,1.0,377,165,212,75023.0,34598.75,40424.25
2025-10-20,FY25-26,82,S06,P01,199.0,0.0,199.0,152.0,0,0,1,Diwali,1.0,348,161,187,69252.0,32369.75,36882.25
2025-10-27,FY25-26,83,S06,P01,199.0,0.0,199.0,152.0,0,0,0,,1.0,320,137,183,63680.0,29215.75,34464.25
2025-11-03,FY25-26,84,S06,P01,199.0,0.0,199.0,152.0,0,0,0,,1.0,376,160,216,74824.0,34280.0,40544.0
2025-11-10,FY25-26,85,S06,P01,199.0,0.0,199.0,152.0,0,0,0,,0.9,301,127,174,59899.0,27388.25,32510.75
2025-11-17,FY25-26,86,S06,P01,199.0,0.0,199.0,130.0,0,0,0,,0.9,299,120,179,59501.0,26900.0,32601.0
2025-11-24,FY25-26,87,S06,P01,199.0,0.0,199.0,153.0,0,0,0,,0.9,311,117,194,61889.0,27590.75,34298.25
2025-12-01,FY25-26,88,S06,P01,199.0,0.0,199.0,153.0,0,0,0,,1.0,372,172,200,74028.0,34597.0,39431.0
2025-12-08,FY25-26,89,S06,P01,199.0,0.0,199.0,153.0,0,0,0,,1.0,348,176,172,69252.0,33116.0,36136.0
2025-12-15,FY25-26,90,S06,P01,199.0,0.15,169.15,153.0,0,1,0,,1.0,549,253,296,92863.35,49128.74,43734.61
2025-12-22,FY25-26,91,S06,P01,199.0,0.0,199.0,130.0,0,0,1,Year End,1.0,345,158,187,68655.0,32010.5,36644.5
2025-12-29,FY25-26,92,S06,P01,199.0,0.0,199.0,153.0,0,0,1,Year End,1.0,394,192,202,78406.0,37132.0,41274.0
2026-01-05,FY25-26,93,S06,P01,199.0,0.0,199.0,153.0,0,0,0,,1.0,383,181,202,76217.0,35814.75,40402.25
2026-01-12,FY25-26,94,S06,P01,199.0,0.0,199.0,154.0,0,0,0,,1.0,343,158,185,68257.0,31870.5,36386.5
2026-01-19,FY25-26,95,S06,P01,199.0,0.0,199.0,154.0,0,0,0,,1.0,356,147,209,70844.0,32233.25,38610.75
2026-01-26,FY25-26,96,S06,P01,199.0,0.1,179.1,154.0,0,1,0,,1.0,520,241,279,93132.0,47190.78,45941.22
2026-02-02,FY25-26,97,S06,P01,199.0,0.0,199.0,154.0,0,0,0,,1.0,400,187,213,79600.0,37303.25,42296.75
2026-02-09,FY25-26,98,S06,P01,199.0,0.0,199.0,154.0,0,0,0,,1.0,373,165,208,74227.0,34318.75,39908.25
2026-02-16,FY25-26,99,S06,P01,199.0,0.0,199.0,154.0,0,0,0,,1.0,392,178,214,78008.0,36295.5,41712.5
2026-02-23,FY25-26,100,S06,P01,199.0,0.0,199.0,154.0,0,0,0,,1.0,358,168,190,71242.0,33418.0,37824.0
2026-03-02,FY25-26,101,S06,P01,199.0,0.0,199.0,155.0,0,0,0,,1.0,361,155,206,71839.0,32981.25,38857.75
2026-03-09,FY25-26,102,S06,P01,199.0,0.0,199.0,155.0,0,0,0,,1.0,384,179,205,76416.0,35785.25,40630.75
2026-03-16,FY25-26,103,S06,P01,199.0,0.0,199.0,155.0,0,0,0,,1.0,372,144,228,74028.0,33204.0,40824.0
2026-03-23,FY25-26,104,S06,P01,199.0,0.0,199.0,155.0,0,0,0,,1.0,357,170,187,71043.0,33447.5,37595.5
2024-04-01,FY24-25,1,S06,P02,219.0,0.15,186.15,163.0,0,1,0,,1.0,557,242,315,103685.55,58607.08,45078.47
2024-04-08,FY24-25,2,S06,P02,219.0,0.0,219.0,163.0,0,0,0,,0.9,328,145,183,71832.0,35818.75,36013.25
2024-04-15,FY24-25,3,S06,P02,219.0,0.0,219.0,163.0,0,0,0,,0.9,344,158,186,75336.0,37890.5,37445.5
2024-04-22,FY24-25,4,S06,P02,219.0,0.0,219.0,163.0,0,0,0,,0.9,339,159,180,74241.0,37520.25,36720.75
2024-04-29,FY24-25,5,S06,P02,219.0,0.0,219.0,163.0,0,0,0,,0.7,288,122,166,63072.0,31159.5,31912.5
2024-05-06,FY24-25,6,S06,P02,219.0,0.0,219.0,163.0,0,0,0,,0.7,278,116,162,60882.0,29981.0,30901.0
2024-05-13,FY24-25,7,S06,P02,219.0,0.0,219.0,163.0,0,0,0,,0.7,294,135,159,64386.0,32381.25,32004.75
2024-05-20,FY24-25,8,S06,P02,219.0,0.0,219.0,164.0,0,0,0,,0.7,275,110,165,60225.0,29397.5,30827.5
2024-05-27,FY24-25,9,S06,P02,219.0,0.0,219.0,164.0,0,0,0,,0.7,320,126,194,70080.0,34098.5,35981.5
2024-06-03,FY24-25,10,S06,P02,219.0,0.0,219.0,164.0,0,0,0,,0.672,237,112,125,51903.0,26277.0,25626.0
2024-06-10,FY24-25,11,S06,P02,219.0,0.0,219.0,164.0,0,0,0,,0.672,268,165,103,58692.0,31813.75,26878.25
2024-06-17,FY24-25,12,S06,P02,219.0,0.0,219.0,164.0,0,0,0,,0.672,273,145,128,59787.0,31143.75,28643.25
2024-06-24,FY24-25,13,S06,P02,219.0,0.1,197.1,164.0,0,1,0,,0.672,322,153,169,63466.2,34909.07,28557.13
2024-07-01,FY24-25,14,S06,P02,219.0,0.0,219.0,140.0,0,0,0,,0.96,328,188,140,71832.0,38173.0,33659.0
2024-07-08,FY24-25,15,S06,P02,219.0,0.0,219.0,165.0,0,0,0,,0.96,398,215,183,87162.0,45601.25,41560.75
2024-07-15,FY24-25,16,S06,P02,219.0,0.0,219.0,165.0,0,0,0,,0.96,470,259,211,102930.0,54130.25,48799.75
2024-07-22,FY24-25,17,S06,P02,219.0,0.0,219.0,165.0,0,0,0,,0.96,332,184,148,72708.0,38294.0,34414.0
2024-07-29,FY24-25,18,S06,P02,219.0,0.0,219.0,165.0,0,0,0,,0.96,412,229,183,90228.0,47557.75,42670.25
2024-08-05,FY24-25,19,S06,P02,219.0,0.0,219.0,165.0,0,0,0,,0.96,381,193,188,83439.0,42951.75,40487.25
2024-08-12,FY24-25,20,S06,P02,219.0,0.0,219.0,165.0,0,0,0,,0.96,385,194,191,84315.0,43346.5,40968.5
2024-08-19,FY24-25,21,S06,P02,219.0,0.0,219.0,141.0,0,0,0,,0.96,369,216,153,80811.0,43191.0,37620.0
2024-08-26,FY24-25,22,S06,P02,219.0,0.0,219.0,166.0,0,0,0,,0.96,363,208,155,79497.0,42243.0,37254.0
2024-09-02,FY24-25,23,S06,P02,219.0,0.0,219.0,166.0,0,0,1,Ganesh Chaturthi,0.96,374,187,187,81906.0,42028.25,39877.75
2024-09-09,FY24-25,24,S06,P02,219.0,0.0,219.0,166.0,0,0,1,Ganesh Chaturthi,0.96,434,215,219,95046.0,48661.25,46384.75
2024-09-16,FY24-25,25,S06,P02,219.0,0.0,219.0,166.0,0,0,1,Ganesh Chaturthi,0.96,382,201,181,83658.0,43474.75,40183.25
2024-09-23,FY24-25,26,S06,P02,219.0,0.0,219.0,166.0,0,0,0,,0.96,406,227,179,88914.0,46938.25,41975.75
2024-09-30,FY24-25,27,S06,P02,219.0,0.0,219.0,167.0,0,0,1,Navratri,1.0,390,181,209,85410.0,43059.75,42350.25
2024-10-07,FY24-25,28,S06,P02,219.0,0.0,219.0,167.0,0,0,1,Navratri,1.0,438,208,230,95922.0,48618.0,47304.0
2024-10-14,FY24-25,29,S06,P02,219.0,0.0,219.0,167.0,0,0,0,,1.0,413,180,233,90447.0,44960.0,45487.0
2024-10-21,FY24-25,30,S06,P02,219.0,0.0,219.0,167.0,0,0,0,,1.0,415,205,210,90885.0,46498.75,44386.25
2024-10-28,FY24-25,31,S06,P02,219.0,0.2,175.2,167.0,0,1,1,Diwali,1.0,776,333,443,135955.2,80545.4,55409.8
2024-11-04,FY24-25,32,S06,P02,219.0,0.0,219.0,167.0,0,0,0,,1.0,492,235,257,107748.0,54686.25,53061.75
2024-11-11,FY24-25,33,S06,P02,219.0,0.0,219.0,167.0,0,0,0,,0.9,353,160,193,77307.0,38765.0,38542.0
2024-11-18,FY24-25,34,S06,P02,219.0,0.0,219.0,168.0,0,0,0,,0.9,358,154,204,78402.0,38861.5,39540.5
2024-11-25,FY24-25,35,S06,P02,219.0,0.0,219.0,168.0,0,0,0,,0.9,436,173,263,95484.0,46531.75,48952.25
2024-12-02,FY24-25,36,S06,P02,219.0,0.0,219.0,168.0,0,0,0,,1.0,433,199,234,94827.0,47700.25,47126.75
2024-12-09,FY24-25,37,S06,P02,219.0,0.0,219.0,168.0,0,0,0,,1.0,420,216,204,91980.0,47526.0,44454.0
2024-12-16,FY24-25,38,S06,P02,219.0,0.0,219.0,168.0,0,0,1,Year End,1.0,404,195,209,88476.0,45016.25,43459.75
2024-12-23,FY24-25,39,S06,P02,219.0,0.0,219.0,168.0,0,0,1,Year End,1.0,430,196,234,94170.0,47281.0,46889.0
2024-12-30,FY24-25,40,S06,P02,219.0,0.2,175.2,169.0,0,1,1,Year End,1.0,684,287,397,119836.8,70710.6,49126.2
2025-01-06,FY24-25,41,S06,P02,219.0,0.0,219.0,169.0,0,0,0,,1.0,446,191,255,97674.0,48367.25,49306.75
2025-01-13,FY24-25,42,S06,P02,219.0,0.0,219.0,169.0,0,0,0,,1.0,446,193,253,97674.0,48476.75,49197.25
2025-01-20,FY24-25,43,S06,P02,219.0,0.0,219.0,169.0,0,0,0,,1.0,450,190,260,98550.0,48652.5,49897.5
2025-01-27,FY24-25,44,S06,P02,239.0,0.0,239.0,169.0,1,0,0,,1.0,335,151,184,80065.0,37497.25,42567.75
2025-02-03,FY24-25,45,S06,P02,239.0,0.0,239.0,169.0,1,0,0,,1.0,371,164,207,88669.0,41334.0,47335.0
2025-02-10,FY24-25,46,S06,P02,239.0,0.0,239.0,170.0,1,0,0,,1.0,375,166,209,89625.0,41793.5,47831.5
2025-02-17,FY24-25,47,S06,P02,239.0,0.0,239.0,170.0,1,0,0,,1.0,310,138,172,74090.0,34595.5,39494.5
2025-02-24,FY24-25,48,S06,P02,219.0,0.0,219.0,170.0,0,0,0,,1.0,455,200,255,99645.0,49625.0,50020.0
2025-03-03,FY24-25,49,S06,P02,219.0,0.15,186.15,170.0,0,1,0,,1.0,570,249,321,106105.5,60037.84,46067.66
2025-03-10,FY24-25,50,S06,P02,219.0,0.0,219.0,170.0,0,0,0,,1.0,432,198,234,94608.0,47560.5,47047.5
2025-03-17,FY24-25,51,S06,P02,219.0,0.0,219.0,170.0,0,0,0,,1.0,359,167,192,78621.0,39658.25,38962.75
2025-03-24,FY24-25,52,S06,P02,199.0,0.0,199.0,170.0,1,0,0,,1.0,464,196,268,92336.0,49191.0,43145.0
2025-03-31,FY24-25,53,S06,P02,209.0,0.0,209.0,171.0,1,0,0,,1.0,472,212,260,98648.0,51197.0,47451.0
2025-04-07,FY25-26,54,S06,P02,209.0,0.0,209.0,171.0,1,0,0,,0.9,396,168,228,82764.0,42438.0,40326.0
2025-04-14,FY25-26,55,S06,P02,209.0,0.0,209.0,171.0,1,0,0,,0.9,430,190,240,89870.0,46477.5,43392.5
2025-04-21,FY25-26,56,S06,P02,229.0,0.0,229.0,171.0,0,0,0,,0.9,343,157,186,78547.0,38143.25,40403.75
2025-04-28,FY25-26,57,S06,P02,229.0,0.0,229.0,171.0,0,0,0,,0.7,278,125,153,63662.0,30786.25,32875.75
2025-05-05,FY25-26,58,S06,P02,229.0,0.0,229.0,171.0,0,0,0,,0.7,262,118,144,59998.0,29025.5,30972.5
2025-05-12,FY25-26,59,S06,P02,229.0,0.0,229.0,146.0,0,0,0,,0.7,239,115,124,54731.0,26898.75,27832.25
2025-05-19,FY25-26,60,S06,P02,229.0,0.0,229.0,172.0,0,0,0,,0.7,275,120,155,62975.0,30245.0,32730.0
2025-05-26,FY25-26,61,S06,P02,229.0,0.0,229.0,172.0,0,0,0,,0.7,304,143,161,69616.0,34026.75,35589.25
2025-06-02,FY25-26,62,S06,P02,229.0,0.0,229.0,172.0,0,0,0,,0.672,243,129,114,55647.0,28040.25,27606.75
2025-06-09,FY25-26,63,S06,P02,229.0,0.0,229.0,172.0,0,0,0,,0.672,300,165,135,68700.0,34946.25,33753.75
2025-06-16,FY25-26,64,S06,P02,229.0,0.0,229.0,172.0,0,0,0,,0.672,311,165,146,71219.0,35881.25,35337.75
2025-06-23,FY25-26,65,S06,P02,229.0,0.0,229.0,173.0,0,0,0,,0.672,272,158,114,62288.0,32165.5,30122.5
2025-06-30,FY25-26,66,S06,P02,229.0,0.0,229.0,173.0,0,0,0,,0.96,384,194,190,87936.0,43746.5,44189.5
2025-07-07,FY25-26,67,S06,P02,229.0,0.0,229.0,173.0,0,0,0,,0.96,395,225,170,90455.0,46456.25,43998.75
2025-07-14,FY25-26,68,S06,P02,219.0,0.0,219.0,173.0,1,0,0,,0.96,420,241,179,91980.0,48894.75,43085.25
2025-07-21,FY25-26,69,S06,P02,219.0,0.0,219.0,173.0,1,0,0,,0.96,390,217,173,85410.0,45030.75,40379.25
2025-07-28,FY25-26,70,S06,P02,219.0,0.0,219.0,173.0,1,0,0,,0.96,370,201,169,81030.0,42454.75,38575.25
2025-08-04,FY25-26,71,S06,P02,219.0,0.0,219.0,174.0,1,0,0,,0.96,390,212,178,85410.0,44757.0,40653.0
2025-08-11,FY25-26,72,S06,P02,229.0,0.0,229.0,174.0,0,0,0,,0.96,395,207,188,90455.0,45425.75,45029.25
2025-08-18,FY25-26,73,S06,P02,229.0,0.0,229.0,174.0,0,0,0,,0.96,357,198,159,81753.0,41680.5,40072.5
2025-08-25,FY25-26,74,S06,P02,229.0,0.0,229.0,174.0,0,0,1,Ganesh Chaturthi,0.96,410,217,193,93890.0,47273.25,46616.75
2025-09-01,FY25-26,75,S06,P02,229.0,0.0,229.0,174.0,0,0,1,Ganesh Chaturthi,0.96,428,216,212,98012.0,48746.0,49266.0
2025-09-08,FY25-26,76,S06,P02,229.0,0.0,229.0,174.0,0,0,0,,0.96,383,218,165,87707.0,45035.5,42671.5
2025-09-15,FY25-26,77,S06,P02,229.0,0.0,229.0,175.0,0,0,0,,0.96,410,216,194,93890.0,47216.0,46674.0
2025-09-22,FY25-26,78,S06,P02,229.0,0.0,229.0,175.0,0,0,1,Navratri,0.96,387,213,174,88623.0,45089.25,43533.75
2025-09-29,FY25-26,79,S06,P02,229.0,0.2,183.2,175.0,0,1,1,Navratri,1.0,666,296,370,122011.2,70166.8,51844.4
2025-10-06,FY25-26,80,S06,P02,229.0,0.0,229.0,175.0,0,0,0,,1.0,415,188,227,95035.0,46038.0,48997.0
2025-10-13,FY25-26,81,S06,P02,229.0,0.0,229.0,175.0,0,0,1,Diwali,1.0,371,166,205,84959.0,41038.5,43920.5
2025-10-20,FY25-26,82,S06,P02,229.0,0.0,229.0,175.0,0,0,1,Diwali,1.0,397,180,217,90913.0,44050.0,46863.0
2025-10-27,FY25-26,83,S06,P02,229.0,0.0,229.0,176.0,0,0,0,,1.0,380,157,223,87020.0,41288.25,45731.75
2025-11-03,FY25-26,84,S06,P02,229.0,0.15,194.65,176.0,0,1,0,,1.0,529,244,285,102969.85,56838.65,46131.2
2025-11-10,FY25-26,85,S06,P02,229.0,0.0,229.0,149.0,0,0,0,,0.9,317,146,171,72593.0,35303.5,37289.5
2025-11-17,FY25-26,86,S06,P02,229.0,0.0,229.0,176.0,0,0,0,,0.9,326,148,178,74654.0,36183.0,38471.0
2025-11-24,FY25-26,87,S06,P02,229.0,0.0,229.0,176.0,0,0,0,,0.9,345,146,199,79005.0,37683.5,41321.5
2025-12-01,FY25-26,88,S06,P02,229.0,0.0,229.0,176.0,0,0,0,,1.0,412,192,220,94348.0,46012.0,48336.0
2025-12-08,FY25-26,89,S06,P02,229.0,0.0,229.0,176.0,0,0,0,,1.0,365,166,199,83585.0,40528.5,43056.5
2025-12-15,FY25-26,90,S06,P02,229.0,0.0,229.0,177.0,0,0,0,,1.0,405,181,224,92745.0,44787.25,47957.75
2025-12-22,FY25-26,91,S06,P02,229.0,0.0,229.0,177.0,0,0,1,Year End,1.0,405,193,212,92745.0,45474.25,47270.75
2025-12-29,FY25-26,92,S06,P02,229.0,0.0,229.0,177.0,0,0,1,Year End,1.0,373,164,209,85417.0,41094.0,44323.0
2026-01-05,FY25-26,93,S06,P02,229.0,0.0,229.0,177.0,0,0,0,,1.0,411,168,243,94119.0,44553.0,49566.0
2026-01-12,FY25-26,94,S06,P02,229.0,0.0,229.0,177.0,0,0,0,,1.0,409,197,212,93661.0,46043.25,47617.75
2026-01-19,FY25-26,95,S06,P02,229.0,0.0,229.0,177.0,0,0,0,,1.0,349,167,182,79921.0,39225.75,40695.25
2026-01-26,FY25-26,96,S06,P02,229.0,0.0,229.0,178.0,0,0,0,,1.0,395,169,226,90455.0,43250.25,47204.75
2026-02-02,FY25-26,97,S06,P02,229.0,0.0,229.0,178.0,0,0,0,,1.0,418,192,226,95722.0,46522.0,49200.0
2026-02-09,FY25-26,98,S06,P02,229.0,0.0,229.0,178.0,0,0,0,,1.0,427,205,222,97783.0,48031.25,49751.75
2026-02-16,FY25-26,99,S06,P02,229.0,0.0,229.0,178.0,0,0,0,,1.0,384,173,211,87936.0,42544.25,45391.75
2026-02-23,FY25-26,100,S06,P02,229.0,0.0,229.0,178.0,0,0,0,,1.0,383,168,215,87707.0,42173.0,45534.0
2026-03-02,FY25-26,101,S06,P02,229.0,0.0,229.0,178.0,0,0,0,,1.0,418,194,224,95722.0,46636.5,49085.5
2026-03-09,FY25-26,102,S06,P02,229.0,0.0,229.0,179.0,0,0,0,,1.0,440,201,239,100760.0,48907.25,51852.75
2026-03-16,FY25-26,103,S06,P02,229.0,0.0,229.0,179.0,0,0,0,,1.0,420,177,243,96180.0,45833.25,50346.75
2026-03-23,FY25-26,104,S06,P02,229.0,0.0,229.0,179.0,0,0,0,,1.0,376,166,210,86104.0,41463.5,44640.5
2024-04-01,FY24-25,1,S06,P03,169.0,0.0,169.0,127.0,0,0,0,,1.0,282,125,157,47658.0,20791.25,26866.75
2024-04-08,FY24-25,2,S06,P03,169.0,0.0,169.0,127.0,0,0,0,,0.9,227,105,122,38363.0,16921.25,21441.75
2024-04-15,FY24-25,3,S06,P03,169.0,0.0,169.0,127.0,0,0,0,,0.9,257,122,135,43433.0,19289.5,24143.5
2024-04-22,FY24-25,4,S06,P03,169.0,0.0,169.0,108.0,0,0,0,,0.9,188,83,105,31772.0,13846.75,17925.25
2024-04-29,FY24-25,5,S06,P03,169.0,0.15,143.65,128.0,0,1,0,,0.7,248,106,142,35625.2,17446.72,18178.48
2024-05-06,FY24-25,6,S06,P03,169.0,0.0,169.0,128.0,0,0,0,,0.7,177,71,106,29913.0,12734.75,17178.25
2024-05-13,FY24-25,7,S06,P03,169.0,0.0,169.0,128.0,0,0,0,,0.7,189,88,101,31941.0,14113.0,17828.0
2024-05-20,FY24-25,8,S06,P03,169.0,0.0,169.0,128.0,0,0,0,,0.7,176,93,83,29744.0,13609.25,16134.75
2024-05-27,FY24-25,9,S06,P03,169.0,0.0,169.0,128.0,0,0,0,,0.7,180,81,99,30420.0,13322.25,17097.75
2024-06-03,FY24-25,10,S06,P03,169.0,0.0,169.0,128.0,0,0,0,,0.672,180,85,95,30420.0,13491.25,16928.75
2024-06-10,FY24-25,11,S06,P03,169.0,0.0,169.0,128.0,0,0,0,,0.672,177,89,88,29913.0,13495.25,16417.75
2024-06-17,FY24-25,12,S06,P03,169.0,0.1,152.1,128.0,0,1,0,,0.672,234,134,100,35591.4,17965.35,17626.05
2024-06-24,FY24-25,13,S06,P03,169.0,0.0,169.0,129.0,0,0,0,,0.672,170,94,76,28730.0,13321.5,15408.5
2024-07-01,FY24-25,14,S06,P03,169.0,0.0,169.0,129.0,0,0,0,,0.96,246,148,98,41574.0,19783.0,21791.0
2024-07-08,FY24-25,15,S06,P03,169.0,0.0,169.0,129.0,0,0,0,,0.96,262,155,107,44278.0,20958.75,23319.25
2024-07-15,FY24-25,16,S06,P03,169.0,0.0,169.0,129.0,0,0,0,,0.96,262,147,115,44278.0,20620.75,23657.25
2024-07-22,FY24-25,17,S06,P03,169.0,0.0,169.0,129.0,0,0,0,,0.96,257,147,110,43433.0,20345.75,23087.25
2024-07-29,FY24-25,18,S06,P03,169.0,0.0,169.0,129.0,0,0,0,,0.96,216,117,99,36504.0,16823.25,19680.75
2024-08-05,FY24-25,19,S06,P03,169.0,0.0,169.0,129.0,0,0,0,,0.96,243,143,100,41067.0,19406.75,21660.25
2024-08-12,FY24-25,20,S06,P03,169.0,0.0,169.0,129.0,0,0,0,,0.96,261,137,124,44109.0,20143.25,23965.75
2024-08-19,FY24-25,21,S06,P03,169.0,0.0,169.0,130.0,0,0,0,,0.96,229,134,95,38701.0,18256.5,20444.5
2024-08-26,FY24-25,22,S06,P03,169.0,0.0,169.0,130.0,0,0,0,,0.96,231,136,95,39039.0,18451.0,20588.0
2024-09-02,FY24-25,23,S06,P03,169.0,0.0,169.0,130.0,0,0,1,Ganesh Chaturthi,0.96,284,167,117,47996.0,22675.75,25320.25
2024-09-09,FY24-25,24,S06,P03,169.0,0.0,169.0,130.0,0,0,1,Ganesh Chaturthi,0.96,264,144,120,44616.0,20604.0,24012.0
2024-09-16,FY24-25,25,S06,P03,169.0,0.1,152.1,130.0,0,1,1,Ganesh Chaturthi,0.96,379,209,170,57645.9,28792.22,28853.68
2024-09-23,FY24-25,26,S06,P03,169.0,0.0,169.0,130.0,0,0,0,,0.96,260,139,121,43940.0,20172.75,23767.25
2024-09-30,FY24-25,27,S06,P03,169.0,0.0,169.0,130.0,0,0,1,Navratri,1.0,299,151,148,50531.0,22824.75,27706.25
2024-10-07,FY24-25,28,S06,P03,169.0,0.0,169.0,130.0,0,0,1,Navratri,1.0,296,135,161,50024.0,21983.75,28040.25
2024-10-14,FY24-25,29,S06,P03,169.0,0.0,169.0,130.0,0,0,0,,1.0,300,142,158,50700.0,22499.5,28200.5
2024-10-21,FY24-25,30,S06,P03,169.0,0.0,169.0,131.0,0,0,0,,1.0,246,111,135,41574.0,18219.75,23354.25
2024-10-28,FY24-25,31,S06,P03,169.0,0.0,169.0,131.0,0,0,1,Diwali,1.0,263,122,141,44447.0,19619.5,24827.5
2024-11-04,FY24-25,32,S06,P03,169.0,0.0,169.0,131.0,0,0,0,,1.0,256,120,136,43264.0,19150.0,24114.0
2024-11-11,FY24-25,33,S06,P03,169.0,0.0,169.0,111.0,0,0,0,,0.9,231,104,127,39039.0,17099.0,21940.0
2024-11-18,FY24-25,34,S06,P03,169.0,0.0,169.0,131.0,0,0,0,,0.9,247,107,140,41743.0,18105.75,23637.25
2024-11-25,FY24-25,35,S06,P03,169.0,0.0,169.0,131.0,0,0,0,,0.9,234,100,134,39546.0,17095.0,22451.0
2024-12-02,FY24-25,36,S06,P03,169.0,0.0,169.0,131.0,0,0,0,,1.0,322,133,189,54418.0,23329.25,31088.75
2024-12-09,FY24-25,37,S06,P03,169.0,0.1,152.1,131.0,0,1,0,,1.0,358,180,178,54451.8,26534.5,27917.3
2024-12-16,FY24-25,38,S06,P03,169.0,0.0,169.0,132.0,0,0,1,Year End,1.0,251,109,142,42419.0,18410.25,24008.75
2024-12-23,FY24-25,39,S06,P03,159.0,0.0,159.0,132.0,1,0,1,Year End,1.0,291,141,150,46269.0,21609.75,24659.25
2024-12-30,FY24-25,40,S06,P03,159.0,0.0,159.0,132.0,1,0,1,Year End,1.0,294,140,154,46746.0,21735.0,25011.0
2025-01-06,FY24-25,41,S06,P03,159.0,0.0,159.0,132.0,1,0,0,,1.0,302,128,174,48018.0,21698.0,26320.0
2025-01-13,FY24-25,42,S06,P03,159.0,0.0,159.0,132.0,1,0,0,,1.0,292,141,151,46428.0,21664.75,24763.25
2025-01-20,FY24-25,43,S06,P03,169.0,0.1,152.1,112.0,0,1,0,,1.0,352,167,185,53539.2,25710.18,27829.02
2025-01-27,FY24-25,44,S06,P03,169.0,0.0,169.0,112.0,0,0,0,,1.0,231,110,121,39039.0,17352.5,21686.5
2025-02-03,FY24-25,45,S06,P03,169.0,0.2,135.2,132.0,0,1,0,,1.0,447,192,255,60434.4,31074.6,29359.8
2025-02-10,FY24-25,46,S06,P03,169.0,0.0,169.0,133.0,0,0,0,,1.0,267,126,141,45123.0,20008.5,25114.5
2025-02-17,FY24-25,47,S06,P03,169.0,0.0,169.0,133.0,0,0,0,,1.0,252,117,135,42588.0,18803.25,23784.75
2025-02-24,FY24-25,48,S06,P03,169.0,0.0,169.0,133.0,0,0,0,,1.0,281,124,157,47489.0,20694.0,26795.0
2025-03-03,FY24-25,49,S06,P03,169.0,0.0,169.0,133.0,0,0,0,,1.0,272,117,155,45968.0,19903.25,26064.75
2025-03-10,FY24-25,50,S06,P03,169.0,0.0,169.0,133.0,0,0,0,,1.0,264,114,150,44616.0,19336.5,25279.5
2025-03-17,FY24-25,51,S06,P03,169.0,0.0,169.0,113.0,0,0,0,,1.0,260,125,135,43940.0,19581.25,24358.75
2025-03-24,FY24-25,52,S06,P03,169.0,0.0,169.0,133.0,0,0,0,,1.0,266,116,150,44954.0,19531.0,25423.0
2025-03-31,FY24-25,53,S06,P03,179.0,0.0,179.0,133.0,0,0,0,,1.0,233,92,141,41707.0,16932.0,24775.0
2025-04-07,FY25-26,54,S06,P03,179.0,0.0,179.0,134.0,0,0,0,,0.9,207,89,118,37053.0,15367.75,21685.25
2025-04-14,FY25-26,55,S06,P03,179.0,0.0,179.0,134.0,0,0,0,,0.9,217,93,124,38843.0,16096.75,22746.25
2025-04-21,FY25-26,56,S06,P03,179.0,0.2,143.2,134.0,0,1,0,,0.9,376,168,208,53843.2,26694.4,27148.8
2025-04-28,FY25-26,57,S06,P03,179.0,0.0,179.0,134.0,0,0,0,,0.7,164,73,91,29356.0,12286.75,17069.25
2025-05-05,FY25-26,58,S06,P03,179.0,0.0,179.0,134.0,0,0,0,,0.7,190,78,112,34010.0,13940.5,20069.5
2025-05-12,FY25-26,59,S06,P03,179.0,0.0,179.0,134.0,0,0,0,,0.7,163,68,95,29177.0,12008.0,17169.0
2025-05-19,FY25-26,60,S06,P03,179.0,0.0,179.0,134.0,0,0,0,,0.7,174,82,92,31146.0,13239.5,17906.5
2025-05-26,FY25-26,61,S06,P03,179.0,0.0,179.0,134.0,0,0,0,,0.7,152,58,94,27208.0,10955.5,16252.5
2025-06-02,FY25-26,62,S06,P03,179.0,0.0,179.0,135.0,0,0,0,,0.672,157,86,71,28103.0,12483.5,15619.5
2025-06-09,FY25-26,63,S06,P03,179.0,0.0,179.0,135.0,0,0,0,,0.672,149,80,69,26671.0,11775.0,14896.0
2025-06-16,FY25-26,64,S06,P03,179.0,0.0,179.0,135.0,0,0,0,,0.672,165,88,77,29535.0,13013.0,16522.0
2025-06-23,FY25-26,65,S06,P03,179.0,0.0,179.0,135.0,0,0,0,,0.672,167,76,91,29893.0,12586.0,17307.0
2025-06-30,FY25-26,66,S06,P03,179.0,0.0,179.0,135.0,0,0,0,,0.96,258,139,119,46182.0,20410.25,25771.75
2025-07-07,FY25-26,67,S06,P03,179.0,0.0,179.0,135.0,0,0,0,,0.96,254,134,120,45466.0,19966.5,25499.5
2025-07-14,FY25-26,68,S06,P03,179.0,0.0,179.0,135.0,0,0,0,,0.96,230,122,108,41170.0,18109.5,23060.5
2025-07-21,FY25-26,69,S06,P03,179.0,0.0,179.0,135.0,0,0,0,,0.96,238,120,118,42602.0,18460.0,24142.0
2025-07-28,FY25-26,70,S06,P03,179.0,0.0,179.0,136.0,0,0,0,,0.96,252,149,103,45108.0,20527.75,24580.25
2025-08-04,FY25-26,71,S06,P03,179.0,0.0,179.0,136.0,0,0,0,,0.96,244,142,102,43676.0,19774.5,23901.5
2025-08-11,FY25-26,72,S06,P03,179.0,0.0,179.0,136.0,0,0,0,,0.96,241,134,107,43139.0,19251.5,23887.5
2025-08-18,FY25-26,73,S06,P03,179.0,0.2,143.2,136.0,0,1,0,,0.96,362,183,179,51838.4,26461.4,25377.0
2025-08-25,FY25-26,74,S06,P03,179.0,0.0,179.0,136.0,0,0,1,Ganesh Chaturthi,0.96,238,146,92,42602.0,19623.5,22978.5
2025-09-01,FY25-26,75,S06,P03,179.0,0.0,179.0,136.0,0,0,1,Ganesh Chaturthi,0.96,235,133,102,42065.0,18876.75,23188.25
2025-09-08,FY25-26,76,S06,P03,179.0,0.0,179.0,136.0,0,0,0,,0.96,220,130,90,39380.0,17917.5,21462.5
2025-09-15,FY25-26,77,S06,P03,179.0,0.0,179.0,136.0,0,0,0,,0.96,239,134,105,42781.0,19141.5,23639.5
2025-09-22,FY25-26,78,S06,P03,179.0,0.0,179.0,137.0,0,0,1,Navratri,0.96,227,142,85,40633.0,18839.5,21793.5
2025-09-29,FY25-26,79,S06,P03,179.0,0.0,179.0,137.0,0,0,1,Navratri,1.0,275,121,154,49225.0,20539.75,28685.25
2025-10-06,FY25-26,80,S06,P03,179.0,0.15,152.15,137.0,0,1,0,,1.0,316,141,175,48079.4,22743.29,25336.11
2025-10-13,FY25-26,81,S06,P03,179.0,0.0,179.0,137.0,0,0,1,Diwali,1.0,242,117,125,43318.0,18545.75,24772.25
2025-10-20,FY25-26,82,S06,P03,179.0,0.1,161.1,137.0,0,1,1,Diwali,1.0,314,139,175,50585.4,22868.22,27717.18
2025-10-27,FY25-26,83,S06,P03,179.0,0.15,152.15,137.0,0,1,0,,1.0,357,158,199,54317.55,25644.92,28672.63
2025-11-03,FY25-26,84,S06,P03,179.0,0.0,179.0,137.0,0,0,0,,1.0,266,131,135,47614.0,20492.25,27121.75
2025-11-10,FY25-26,85,S06,P03,159.0,0.0,159.0,138.0,1,0,0,,0.9,277,131,146,44043.0,20442.25,23600.75
2025-11-17,FY25-26,86,S06,P03,159.0,0.0,159.0,138.0,1,0,0,,0.9,311,145,166,49449.0,22868.75,26580.25
2025-11-24,FY25-26,87,S06,P03,159.0,0.0,159.0,138.0,1,0,0,,0.9,267,120,147,42453.0,19455.0,22998.0
2025-12-01,FY25-26,88,S06,P03,159.0,0.0,159.0,138.0,1,0,0,,1.0,306,137,169,48654.0,22275.75,26378.25
2025-12-08,FY25-26,89,S06,P03,179.0,0.15,152.15,138.0,0,1,0,,1.0,329,152,177,50057.35,23876.7,26180.65
2025-12-15,FY25-26,90,S06,P03,179.0,0.0,179.0,138.0,0,0,0,,1.0,229,97,132,40991.0,16935.75,24055.25
2025-12-22,FY25-26,91,S06,P03,179.0,0.1,161.1,138.0,0,1,1,Year End,1.0,318,160,158,51229.8,23934.0,27295.8
2025-12-29,FY25-26,92,S06,P03,179.0,0.0,179.0,138.0,0,0,1,Year End,1.0,286,111,175,51194.0,20697.25,30496.75
2026-01-05,FY25-26,93,S06,P03,179.0,0.0,179.0,139.0,0,0,0,,1.0,273,115,158,48867.0,20161.25,28705.75
2026-01-12,FY25-26,94,S06,P03,179.0,0.15,152.15,139.0,0,1,0,,1.0,371,160,211,56447.65,26491.0,29956.65
2026-01-19,FY25-26,95,S06,P03,179.0,0.0,179.0,139.0,0,0,0,,1.0,218,102,116,39022.0,16554.5,22467.5
2026-01-26,FY25-26,96,S06,P03,179.0,0.0,179.0,139.0,0,0,0,,1.0,258,119,139,46182.0,19515.25,26666.75
2026-02-02,FY25-26,97,S06,P03,179.0,0.0,179.0,139.0,0,0,0,,1.0,257,123,134,46003.0,19639.25,26363.75
2026-02-09,FY25-26,98,S06,P03,179.0,0.0,179.0,139.0,0,0,0,,1.0,236,100,136,42244.0,17455.0,24789.0
2026-02-16,FY25-26,99,S06,P03,179.0,0.0,179.0,139.0,0,0,0,,1.0,236,105,131,42244.0,17678.75,24565.25
2026-02-23,FY25-26,100,S06,P03,179.0,0.0,179.0,139.0,0,0,0,,1.0,226,108,118,40454.0,17263.0,23191.0
2026-03-02,FY25-26,101,S06,P03,179.0,0.0,179.0,140.0,0,0,0,,1.0,254,123,131,45466.0,19474.25,25991.75
2026-03-09,FY25-26,102,S06,P03,179.0,0.0,179.0,140.0,0,0,0,,1.0,294,138,156,52626.0,22345.5,30280.5
2026-03-16,FY25-26,103,S06,P03,179.0,0.0,179.0,140.0,0,0,0,,1.0,246,106,140,44034.0,18273.5,25760.5
2026-03-23,FY25-26,104,S06,P03,179.0,0.0,179.0,140.0,0,0,0,,1.0,253,125,128,45287.0,19508.75,25778.25
2024-04-01,FY24-25,1,S06,P04,249.0,0.0,249.0,183.0,0,0,0,,1.0,295,138,157,73455.0,36615.5,36839.5
2024-04-08,FY24-25,2,S06,P04,249.0,0.0,249.0,184.0,0,0,0,,0.9,249,109,140,62001.0,30440.25,31560.75
2024-04-15,FY24-25,3,S06,P04,249.0,0.0,249.0,184.0,0,0,0,,0.9,271,117,154,67479.0,33028.25,34450.75
2024-04-22,FY24-25,4,S06,P04,249.0,0.0,249.0,184.0,0,0,0,,0.9,246,113,133,61254.0,30404.25,30849.75
2024-04-29,FY24-25,5,S06,P04,249.0,0.1,224.1,184.0,0,1,0,,0.7,240,117,123,53784.0,29354.92,24429.08
2024-05-06,FY24-25,6,S06,P04,249.0,0.0,249.0,184.0,0,0,0,,0.7,220,96,124,54780.0,26876.0,27904.0
2024-05-13,FY24-25,7,S06,P04,229.0,0.0,229.0,184.0,1,0,0,,0.7,242,96,146,55418.0,28486.0,26932.0
2024-05-20,FY24-25,8,S06,P04,229.0,0.0,229.0,185.0,1,0,0,,0.7,262,120,142,59998.0,31760.0,28238.0
2024-05-27,FY24-25,9,S06,P04,229.0,0.0,229.0,185.0,1,0,0,,0.7,255,113,142,58395.0,30694.25,27700.75
2024-06-03,FY24-25,10,S06,P04,229.0,0.0,229.0,185.0,1,0,0,,0.672,230,121,109,52670.0,28777.25,23892.75
2024-06-10,FY24-25,11,S06,P04,249.0,0.0,249.0,185.0,0,0,0,,0.672,186,98,88,46314.0,23770.5,22543.5
2024-06-17,FY24-25,12,S06,P04,249.0,0.0,249.0,185.0,0,0,0,,0.672,209,114,95,52041.0,26951.5,25089.5
2024-06-24,FY24-25,13,S06,P04,249.0,0.0,249.0,185.0,0,0,0,,0.672,220,132,88,54780.0,29117.0,25663.0
2024-07-01,FY24-25,14,S06,P04,249.0,0.0,249.0,186.0,0,0,0,,0.96,304,174,130,75696.0,39711.5,35984.5
2024-07-08,FY24-25,15,S06,P04,249.0,0.1,224.1,186.0,0,1,0,,0.96,376,199,177,84261.6,46868.98,37392.62
2024-07-15,FY24-25,16,S06,P04,249.0,0.0,249.0,186.0,0,0,0,,0.96,295,164,131,73455.0,38234.0,35221.0
2024-07-22,FY24-25,17,S06,P04,249.0,0.0,249.0,186.0,0,0,0,,0.96,304,177,127,75696.0,39898.25,35797.75
2024-07-29,FY24-25,18,S06,P04,249.0,0.0,249.0,186.0,0,0,0,,0.96,295,156,139,73455.0,37736.0,35719.0
2024-08-05,FY24-25,19,S06,P04,249.0,0.0,249.0,187.0,0,0,0,,0.96,247,139,108,61503.0,32117.75,29385.25
2024-08-12,FY24-25,20,S06,P04,249.0,0.0,249.0,187.0,0,0,0,,0.96,279,153,126,69471.0,36029.25,33441.75
2024-08-19,FY24-25,21,S06,P04,249.0,0.0,249.0,187.0,0,0,0,,0.96,272,150,122,67728.0,35177.5,32550.5
2024-08-26,FY24-25,22,S06,P04,249.0,0.0,249.0,187.0,0,0,0,,0.96,267,146,121,66483.0,34453.5,32029.5
2024-09-02,FY24-25,23,S06,P04,249.0,0.0,249.0,159.0,0,0,1,Ganesh Chaturthi,0.96,272,152,120,67728.0,35302.0,32426.0
2024-09-09,FY24-25,24,S06,P04,249.0,0.0,249.0,187.0,0,0,1,Ganesh Chaturthi,0.96,281,144,137,69969.0,35659.0,34310.0
2024-09-16,FY24-25,25,S06,P04,249.0,0.0,249.0,188.0,0,0,1,Ganesh Chaturthi,0.96,266,152,114,66234.0,34732.0,31502.0
2024-09-23,FY24-25,26,S06,P04,249.0,0.1,224.1,188.0,0,1,0,,0.96,347,188,159,77762.7,43497.7,34265.0
2024-09-30,FY24-25,27,S06,P04,249.0,0.0,249.0,160.0,0,0,1,Navratri,1.0,293,122,171,72957.0,35429.5,37527.5
2024-10-07,FY24-25,28,S06,P04,249.0,0.0,249.0,188.0,0,0,1,Navratri,1.0,299,138,161,74451.0,36995.5,37455.5
2024-10-14,FY24-25,29,S06,P04,249.0,0.0,249.0,188.0,0,0,0,,1.0,307,136,171,76443.0,37631.0,38812.0
2024-10-21,FY24-25,30,S06,P04,249.0,0.1,224.1,188.0,0,1,0,,1.0,420,201,219,94122.0,51161.02,42960.98
2024-10-28,FY24-25,31,S06,P04,249.0,0.0,249.0,189.0,0,0,1,Diwali,1.0,309,129,180,76941.0,37385.25,39555.75
2024-11-04,FY24-25,32,S06,P04,249.0,0.1,224.1,189.0,0,1,0,,1.0,362,173,189,81124.2,44082.32,37041.88
2024-11-11,FY24-25,33,S06,P04,249.0,0.2,199.2,189.0,0,1,0,,0.9,449,197,252,89440.8,52465.6,36975.2
2024-11-18,FY24-25,34,S06,P04,249.0,0.15,211.65,189.0,0,1,0,,0.9,382,175,207,80850.3,45549.69,35300.61
2024-11-25,FY24-25,35,S06,P04,249.0,0.0,249.0,189.0,0,0,0,,0.9,244,112,132,60756.0,30152.0,30604.0
2024-12-02,FY24-25,36,S06,P04,249.0,0.0,249.0,190.0,0,0,0,,1.0,311,131,180,77439.0,37699.75,39739.25
2024-12-09,FY24-25,37,S06,P04,249.0,0.1,224.1,190.0,0,1,0,,1.0,422,199,223,94570.2,51238.98,43331.22
2024-12-16,FY24-25,38,S06,P04,249.0,0.15,211.65,190.0,0,1,1,Year End,1.0,450,202,248,95242.5,53438.32,41804.18
2024-12-23,FY24-25,39,S06,P04,249.0,0.1,224.1,190.0,0,1,1,Year End,1.0,401,182,219,89864.1,48291.55,41572.55
2024-12-30,FY24-25,40,S06,P04,249.0,0.0,249.0,190.0,0,0,1,Year End,1.0,297,129,168,73953.0,36245.25,37707.75
2025-01-06,FY24-25,41,S06,P04,249.0,0.0,249.0,190.0,0,0,0,,1.0,306,122,184,76194.0,36664.5,39529.5
2025-01-13,FY24-25,42,S06,P04,249.0,0.0,249.0,191.0,0,0,0,,1.0,321,143,178,79929.0,39396.75,40532.25
2025-01-20,FY24-25,43,S06,P04,249.0,0.0,249.0,191.0,0,0,0,,1.0,299,116,183,74451.0,35626.0,38825.0
2025-01-27,FY24-25,44,S06,P04,249.0,0.0,249.0,191.0,0,0,0,,1.0,307,149,158,76443.0,38440.25,38002.75
2025-02-03,FY24-25,45,S06,P04,249.0,0.0,249.0,191.0,0,0,0,,1.0,341,151,190,84909.0,41794.75,43114.25
2025-02-10,FY24-25,46,S06,P04,249.0,0.0,249.0,191.0,0,0,0,,1.0,298,138,160,74202.0,36900.5,37301.5
2025-02-17,FY24-25,47,S06,P04,249.0,0.0,249.0,191.0,0,0,0,,1.0,317,136,181,78933.0,38581.0,40352.0
2025-02-24,FY24-25,48,S06,P04,239.0,0.0,239.0,192.0,1,0,0,,1.0,331,139,192,79109.0,39750.25,39358.75
2025-03-03,FY24-25,49,S06,P04,239.0,0.0,239.0,192.0,1,0,0,,1.0,298,139,159,71222.0,36615.25,34606.75
2025-03-10,FY24-25,50,S06,P04,239.0,0.0,239.0,192.0,1,0,0,,1.0,346,155,191,82694.0,42131.25,40562.75
2025-03-17,FY24-25,51,S06,P04,239.0,0.0,239.0,192.0,1,0,0,,1.0,357,178,179,85323.0,44550.5,40772.5
2025-03-24,FY24-25,52,S06,P04,249.0,0.0,249.0,164.0,0,0,0,,1.0,240,109,131,59760.0,29585.25,30174.75
2025-03-31,FY24-25,53,S06,P04,259.0,0.0,259.0,164.0,0,0,0,,1.0,296,123,173,76664.0,36084.25,40579.75
2025-04-07,FY25-26,54,S06,P04,259.0,0.0,259.0,193.0,0,0,0,,0.9,239,109,130,61901.0,29762.75,32138.25
2025-04-14,FY25-26,55,S06,P04,259.0,0.15,220.15,193.0,0,1,0,,0.9,435,199,236,95765.25,52277.46,43487.79
2025-04-21,FY25-26,56,S06,P04,259.0,0.0,259.0,193.0,0,0,0,,0.9,246,109,137,63714.0,30427.75,33286.25
2025-04-28,FY25-26,57,S06,P04,259.0,0.0,259.0,193.0,0,0,0,,0.7,190,84,106,49210.0,23489.0,25721.0
2025-05-05,FY25-26,58,S06,P04,259.0,0.1,233.1,193.0,0,1,0,,0.7,263,123,140,61305.3,32152.82,29152.48
2025-05-12,FY25-26,59,S06,P04,259.0,0.0,259.0,194.0,0,0,0,,0.7,189,86,103,48951.0,23523.5,25427.5
2025-05-19,FY25-26,60,S06,P04,259.0,0.0,259.0,194.0,0,0,0,,0.7,217,103,114,56203.0,27284.25,28918.75
2025-05-26,FY25-26,61,S06,P04,259.0,0.0,259.0,194.0,0,0,0,,0.7,206,100,106,53354.0,26045.0,27309.0
2025-06-02,FY25-26,62,S06,P04,259.0,0.0,259.0,194.0,0,0,0,,0.672,182,84,98,47138.0,22729.0,24409.0
2025-06-09,FY25-26,63,S06,P04,259.0,0.0,259.0,194.0,0,0,0,,0.672,186,102,84,48174.0,24274.5,23899.5
2025-06-16,FY25-26,64,S06,P04,259.0,0.0,259.0,195.0,0,0,0,,0.672,173,92,81,44807.0,22392.0,22415.0
2025-06-23,FY25-26,65,S06,P04,259.0,0.0,259.0,195.0,0,0,0,,0.672,207,114,93,53613.0,27046.5,26566.5
2025-06-30,FY25-26,66,S06,P04,259.0,0.0,259.0,195.0,0,0,0,,0.96,270,143,127,69930.0,34909.25,35020.75
2025-07-07,FY25-26,67,S06,P04,229.0,0.0,229.0,195.0,1,0,0,,0.96,333,183,150,76257.0,42111.75,34145.25
2025-07-14,FY25-26,68,S06,P04,229.0,0.0,229.0,195.0,1,0,0,,0.96,330,190,140,75570.0,42227.5,33342.5
2025-07-21,FY25-26,69,S06,P04,229.0,0.0,229.0,195.0,1,0,0,,0.96,334,175,159,76486.0,41748.75,34737.25
2025-07-28,FY25-26,70,S06,P04,229.0,0.0,229.0,166.0,1,0,0,,0.96,326,193,133,74654.0,42019.25,32634.75
2025-08-04,FY25-26,71,S06,P04,259.0,0.0,259.0,196.0,0,0,0,,0.96,233,129,104,60347.0,30487.75,29859.25
2025-08-11,FY25-26,72,S06,P04,259.0,0.0,259.0,196.0,0,0,0,,0.96,273,151,122,70707.0,35712.25,34994.75
2025-08-18,FY25-26,73,S06,P04,259.0,0.0,259.0,196.0,0,0,0,,0.96,282,171,111,73038.0,37862.25,35175.75
2025-08-25,FY25-26,74,S06,P04,259.0,0.2,207.2,196.0,0,1,1,Ganesh Chaturthi,0.96,426,231,195,88267.2,52435.8,35831.4
2025-09-01,FY25-26,75,S06,P04,259.0,0.0,259.0,197.0,0,0,1,Ganesh Chaturthi,0.96,280,160,120,72520.0,36960.0,35560.0
2025-09-08,FY25-26,76,S06,P04,259.0,0.0,259.0,197.0,0,0,0,,0.96,298,154,144,77182.0,38281.5,38900.5
2025-09-15,FY25-26,77,S06,P04,259.0,0.0,259.0,197.0,0,0,0,,0.96,277,157,120,71743.0,36480.75,35262.25
2025-09-22,FY25-26,78,S06,P04,259.0,0.2,207.2,168.0,0,1,1,Navratri,0.96,379,210,169,78528.8,46883.0,31645.8
2025-09-29,FY25-26,79,S06,P04,259.0,0.0,259.0,197.0,0,0,1,Navratri,1.0,270,116,154,69930.0,33161.0,36769.0
2025-10-06,FY25-26,80,S06,P04,259.0,0.0,259.0,198.0,0,0,0,,1.0,290,146,144,75110.0,37003.5,38106.5
2025-10-13,FY25-26,81,S06,P04,259.0,0.0,259.0,198.0,0,0,1,Diwali,1.0,266,119,147,68894.0,32975.25,35918.75
2025-10-20,FY25-26,82,S06,P04,259.0,0.15,220.15,198.0,0,1,1,Diwali,1.0,421,184,237,92683.15,50121.9,42561.25
2025-10-27,FY25-26,83,S06,P04,259.0,0.0,259.0,198.0,0,0,0,,1.0,291,130,161,75369.0,36062.5,39306.5
2025-11-03,FY25-26,84,S06,P04,259.0,0.0,259.0,198.0,0,0,0,,1.0,315,148,167,81585.0,39508.0,42077.0
2025-11-10,FY25-26,85,S06,P04,259.0,0.2,207.2,198.0,0,1,0,,0.9,461,193,268,95519.2,53792.4,41726.8
2025-11-17,FY25-26,86,S06,P04,259.0,0.0,259.0,199.0,0,0,0,,0.9,261,123,138,67599.0,32759.25,34839.75
2025-11-24,FY25-26,87,S06,P04,259.0,0.15,220.15,199.0,0,1,0,,0.9,354,161,193,77933.1,42491.04,35442.06
2025-12-01,FY25-26,88,S06,P04,259.0,0.0,259.0,199.0,0,0,0,,1.0,324,129,195,83916.0,39132.75,44783.25
2025-12-08,FY25-26,89,S06,P04,259.0,0.0,259.0,199.0,0,0,0,,1.0,267,132,135,69153.0,33912.0,35241.0
2025-12-15,FY25-26,90,S06,P04,259.0,0.0,259.0,199.0,0,0,0,,1.0,300,139,161,77700.0,37500.25,40199.75
2025-12-22,FY25-26,91,S06,P04,259.0,0.0,259.0,200.0,0,0,1,Year End,1.0,289,133,156,74851.0,36066.75,38784.25
2025-12-29,FY25-26,92,S06,P04,259.0,0.0,259.0,200.0,0,0,1,Year End,1.0,326,146,180,84434.0,40423.5,44010.5
2026-01-05,FY25-26,93,S06,P04,259.0,0.0,259.0,200.0,0,0,0,,1.0,293,140,153,75887.0,36900.0,38987.0
2026-01-12,FY25-26,94,S06,P04,259.0,0.0,259.0,200.0,0,0,0,,1.0,308,145,163,79772.0,38648.75,41123.25
2026-01-19,FY25-26,95,S06,P04,259.0,0.0,259.0,200.0,0,0,0,,1.0,249,118,131,64491.0,31295.5,33195.5
2026-01-26,FY25-26,96,S06,P04,259.0,0.0,259.0,200.0,0,0,0,,1.0,274,133,141,70966.0,34641.75,36324.25
2026-02-02,FY25-26,97,S06,P04,259.0,0.0,259.0,201.0,0,0,0,,1.0,326,148,178,84434.0,40553.0,43881.0
2026-02-09,FY25-26,98,S06,P04,259.0,0.0,259.0,171.0,0,0,0,,1.0,296,134,162,76664.0,36796.5,39867.5
2026-02-16,FY25-26,99,S06,P04,259.0,0.0,259.0,201.0,0,0,0,,1.0,261,112,149,67599.0,32047.0,35552.0
2026-02-23,FY25-26,100,S06,P04,259.0,0.0,259.0,201.0,0,0,0,,1.0,321,149,172,83139.0,40142.75,42996.25
2026-03-02,FY25-26,101,S06,P04,259.0,0.0,259.0,201.0,0,0,0,,1.0,331,160,171,85729.0,41805.0,43924.0
2026-03-09,FY25-26,102,S06,P04,259.0,0.0,259.0,202.0,0,0,0,,1.0,309,147,162,80031.0,38873.25,41157.75
2026-03-16,FY25-26,103,S06,P04,259.0,0.0,259.0,202.0,0,0,0,,1.0,258,106,152,66822.0,31373.5,35448.5
2026-03-23,FY25-26,104,S06,P04,259.0,0.0,259.0,202.0,0,0,0,,1.0,301,130,171,77959.0,37012.5,40946.5
2024-04-01,FY24-25,1,S06,P05,89.0,0.15,75.65,70.0,0,1,0,,1.0,1033,482,551,78146.45,38039.82,40106.63
2024-04-08,FY24-25,2,S06,P05,89.0,0.0,89.0,70.0,0,0,0,,0.9,496,228,268,44144.0,18961.0,25183.0
2024-04-15,FY24-25,3,S06,P05,89.0,0.0,89.0,70.0,0,0,0,,0.9,537,239,298,47793.0,20353.75,27439.25
2024-04-22,FY24-25,4,S06,P05,89.0,0.0,89.0,70.0,0,0,0,,0.9,485,228,257,43165.0,18653.0,24512.0
2024-04-29,FY24-25,5,S06,P05,89.0,0.0,89.0,70.0,0,0,0,,0.7,371,156,215,33019.0,13859.0,19160.0
2024-05-06,FY24-25,6,S06,P05,89.0,0.0,89.0,70.0,0,0,0,,0.7,380,173,207,33820.0,14489.25,19330.75
2024-05-13,FY24-25,7,S06,P05,89.0,0.0,89.0,70.0,0,0,0,,0.7,381,178,203,33909.0,14628.5,19280.5
2024-05-20,FY24-25,8,S06,P05,89.0,0.2,71.2,70.0,0,1,0,,0.7,782,360,422,55678.4,28304.0,27374.4
2024-05-27,FY24-25,9,S06,P05,89.0,0.0,89.0,70.0,0,0,0,,0.7,374,176,198,33286.0,14388.0,18898.0
2024-06-03,FY24-25,10,S06,P05,89.0,0.0,89.0,70.0,0,0,0,,0.739,422,217,205,37558.0,16644.25,20913.75
2024-06-10,FY24-25,11,S06,P05,89.0,0.1,80.1,71.0,0,1,0,,0.739,572,315,257,45817.2,22323.88,23493.32
2024-06-17,FY24-25,12,S06,P05,89.0,0.0,89.0,60.0,0,0,0,,0.739,396,223,173,35244.0,16049.75,19194.25
2024-06-24,FY24-25,13,S06,P05,89.0,0.0,89.0,71.0,0,0,0,,0.739,423,235,188,37647.0,17072.75,20574.25
2024-07-01,FY24-25,14,S06,P05,89.0,0.0,89.0,60.0,0,0,0,,1.056,544,308,236,48416.0,22085.0,26331.0
2024-07-08,FY24-25,15,S06,P05,89.0,0.0,89.0,71.0,0,0,0,,1.056,564,302,262,50196.0,22511.5,27684.5
2024-07-15,FY24-25,16,S06,P05,89.0,0.0,89.0,71.0,0,0,0,,1.056,626,337,289,55714.0,25026.25,30687.75
2024-07-22,FY24-25,17,S06,P05,89.0,0.0,89.0,71.0,0,0,0,,1.056,585,307,278,52065.0,23210.75,28854.25
2024-07-29,FY24-25,18,S06,P05,89.0,0.15,75.65,71.0,0,1,0,,1.056,875,492,383,66193.75,33804.95,32388.8
2024-08-05,FY24-25,19,S06,P05,89.0,0.0,89.0,71.0,0,0,0,,1.056,533,298,235,47437.0,21554.5,25882.5
2024-08-12,FY24-25,20,S06,P05,89.0,0.0,89.0,71.0,0,0,0,,1.056,574,293,281,51086.0,22591.25,28494.75
2024-08-19,FY24-25,21,S06,P05,89.0,0.0,89.0,71.0,0,0,0,,1.056,581,324,257,51709.0,23477.0,28232.0
2024-08-26,FY24-25,22,S06,P05,89.0,0.0,89.0,71.0,0,0,0,,1.056,536,296,240,47704.0,21594.0,26110.0
2024-09-02,FY24-25,23,S06,P05,89.0,0.0,89.0,71.0,0,0,1,Ganesh Chaturthi,1.056,655,370,285,58295.0,26572.5,31722.5
2024-09-09,FY24-25,24,S06,P05,89.0,0.0,89.0,71.0,0,0,1,Ganesh Chaturthi,1.056,586,329,257,52154.0,23728.25,28425.75
2024-09-16,FY24-25,25,S06,P05,89.0,0.0,89.0,71.0,0,0,1,Ganesh Chaturthi,1.056,616,347,269,54824.0,24968.75,29855.25
2024-09-23,FY24-25,26,S06,P05,89.0,0.2,71.2,72.0,0,1,0,,1.056,908,517,391,64649.6,34626.6,30023.0
2024-09-30,FY24-25,27,S06,P05,89.0,0.0,89.0,72.0,0,0,1,Navratri,1.0,619,277,342,55091.0,23495.25,31595.75
2024-10-07,FY24-25,28,S06,P05,89.0,0.0,89.0,72.0,0,0,1,Navratri,1.0,494,222,272,43966.0,18771.5,25194.5
2024-10-14,FY24-25,29,S06,P05,89.0,0.15,75.65,72.0,0,1,0,,1.0,848,384,464,64151.2,31006.4,33144.8
2024-10-21,FY24-25,30,S06,P05,89.0,0.0,89.0,61.0,0,0,0,,1.0,440,203,237,39160.0,16836.75,22323.25
2024-10-28,FY24-25,31,S06,P05,89.0,0.0,89.0,72.0,0,0,1,Diwali,1.0,598,252,346,53222.0,22351.0,30871.0
2024-11-04,FY24-25,32,S06,P05,79.0,0.0,79.0,72.0,1,0,0,,1.0,845,380,465,66755.0,31165.0,35590.0
2024-11-11,FY24-25,33,S06,P05,79.0,0.0,79.0,61.0,1,0,0,,0.9,648,301,347,51192.0,24088.75,27103.25
2024-11-18,FY24-25,34,S06,P05,79.0,0.0,79.0,61.0,1,0,0,,0.9,618,279,339,48822.0,22814.25,26007.75
2024-11-25,FY24-25,35,S06,P05,79.0,0.0,79.0,72.0,1,0,0,,0.9,650,291,359,51350.0,23947.25,27402.75
2024-12-02,FY24-25,36,S06,P05,89.0,0.0,89.0,61.0,0,0,0,,1.0,455,185,270,40495.0,16856.25,23638.75
2024-12-09,FY24-25,37,S06,P05,89.0,0.0,89.0,72.0,0,0,0,,1.0,611,267,344,54379.0,23048.75,31330.25
2024-12-16,FY24-25,38,S06,P05,89.0,0.0,89.0,72.0,0,0,1,Year End,1.0,583,253,330,51887.0,21953.25,29933.75
2024-12-23,FY24-25,39,S06,P05,89.0,0.0,89.0,72.0,0,0,1,Year End,1.0,572,257,315,50908.0,21734.25,29173.75
2024-12-30,FY24-25,40,S06,P05,89.0,0.0,89.0,73.0,0,0,1,Year End,1.0,458,200,258,40762.0,17274.0,23488.0
2025-01-06,FY24-25,41,S06,P05,89.0,0.0,89.0,73.0,0,0,0,,1.0,593,267,326,52777.0,22544.75,30232.25
2025-01-13,FY24-25,42,S06,P05,89.0,0.1,80.1,73.0,0,1,0,,1.0,803,380,423,64320.3,30093.5,34226.8
2025-01-20,FY24-25,43,S06,P05,89.0,0.0,89.0,73.0,0,0,0,,1.0,612,272,340,54468.0,23188.0,31280.0
2025-01-27,FY24-25,44,S06,P05,89.0,0.0,89.0,73.0,0,0,0,,1.0,536,232,304,47704.0,20170.0,27534.0
2025-02-03,FY24-25,45,S06,P05,89.0,0.0,89.0,73.0,0,0,0,,1.0,565,251,314,50285.0,21404.75,28880.25
2025-02-10,FY24-25,46,S06,P05,89.0,0.0,89.0,73.0,0,0,0,,1.0,517,241,276,46013.0,19838.25,26174.75
2025-02-17,FY24-25,47,S06,P05,89.0,0.0,89.0,73.0,0,0,0,,1.0,537,246,291,47793.0,20509.5,27283.5
2025-02-24,FY24-25,48,S06,P05,89.0,0.0,89.0,73.0,0,0,0,,1.0,497,227,270,44233.0,18966.75,25266.25
2025-03-03,FY24-25,49,S06,P05,89.0,0.0,89.0,73.0,0,0,0,,1.0,586,256,330,52154.0,22104.0,30050.0
2025-03-10,FY24-25,50,S06,P05,89.0,0.15,75.65,73.0,0,1,0,,1.0,913,412,501,69068.45,33355.95,35712.5
2025-03-17,FY24-25,51,S06,P05,89.0,0.0,89.0,73.0,0,0,0,,1.0,553,259,294,49217.0,21246.75,27970.25
2025-03-24,FY24-25,52,S06,P05,89.0,0.0,89.0,62.0,0,0,0,,1.0,585,255,330,52065.0,22053.75,30011.25
2025-03-31,FY24-25,53,S06,P05,99.0,0.0,99.0,73.0,0,0,0,,1.0,475,219,256,47025.0,18720.25,28304.75
2025-04-07,FY25-26,54,S06,P05,99.0,0.0,99.0,73.0,0,0,0,,0.9,425,179,246,42075.0,16330.25,25744.75
2025-04-14,FY25-26,55,S06,P05,99.0,0.0,99.0,74.0,0,0,0,,0.9,433,186,247,42867.0,16727.5,26139.5
2025-04-21,FY25-26,56,S06,P05,99.0,0.2,79.2,74.0,0,1,0,,0.9,883,406,477,69933.6,32762.8,37170.8
2025-04-28,FY25-26,57,S06,P05,99.0,0.0,99.0,74.0,0,0,0,,0.7,387,157,230,38313.0,14721.75,23591.25
2025-05-05,FY25-26,58,S06,P05,99.0,0.0,99.0,74.0,0,0,0,,0.7,285,129,156,28215.0,11172.75,17042.25
2025-05-12,FY25-26,59,S06,P05,99.0,0.0,99.0,74.0,0,0,0,,0.7,309,114,195,30591.0,11473.5,19117.5
2025-05-19,FY25-26,60,S06,P05,99.0,0.0,99.0,74.0,0,0,0,,0.7,323,153,170,31977.0,12830.75,19146.25
2025-05-26,FY25-26,61,S06,P05,99.0,0.0,99.0,74.0,0,0,0,,0.7,285,125,160,28215.0,11073.75,17141.25
2025-06-02,FY25-26,62,S06,P05,99.0,0.0,99.0,74.0,0,0,0,,0.739,329,186,143,32571.0,13815.5,18755.5
2025-06-09,FY25-26,63,S06,P05,99.0,0.0,99.0,74.0,0,0,0,,0.739,323,199,124,31977.0,13969.25,18007.75
2025-06-16,FY25-26,64,S06,P05,99.0,0.1,89.1,63.0,0,1,0,,0.739,412,222,190,36709.2,16481.05,20228.15
2025-06-23,FY25-26,65,S06,P05,99.0,0.0,99.0,74.0,0,0,0,,0.739,306,149,157,30294.0,12255.75,18038.25
2025-06-30,FY25-26,66,S06,P05,99.0,0.0,99.0,74.0,0,0,0,,1.056,421,237,184,41679.0,17653.75,24025.25
2025-07-07,FY25-26,67,S06,P05,99.0,0.0,99.0,74.0,0,0,0,,1.056,463,260,203,45837.0,19399.0,26438.0
2025-07-14,FY25-26,68,S06,P05,99.0,0.2,79.2,74.0,0,1,0,,1.056,915,516,399,72468.0,35836.8,36631.2
2025-07-21,FY25-26,69,S06,P05,99.0,0.0,99.0,75.0,0,0,0,,1.056,470,241,229,46530.0,19124.75,27405.25
2025-07-28,FY25-26,70,S06,P05,99.0,0.0,99.0,75.0,0,0,0,,1.056,435,240,195,43065.0,18120.0,24945.0
2025-08-04,FY25-26,71,S06,P05,99.0,0.0,99.0,75.0,0,0,0,,1.056,539,286,253,53361.0,22170.5,31190.5
2025-08-11,FY25-26,72,S06,P05,99.0,0.0,99.0,75.0,0,0,0,,1.056,396,229,167,39204.0,16755.75,22448.25
2025-08-18,FY25-26,73,S06,P05,99.0,0.0,99.0,75.0,0,0,0,,1.056,531,292,239,52569.0,22095.0,30474.0
2025-08-25,FY25-26,74,S06,P05,99.0,0.0,99.0,75.0,0,0,1,Ganesh Chaturthi,1.056,462,248,214,45738.0,19074.0,26664.0
2025-09-01,FY25-26,75,S06,P05,99.0,0.0,99.0,75.0,0,0,1,Ganesh Chaturthi,1.056,553,330,223,54747.0,23651.5,31095.5
2025-09-08,FY25-26,76,S06,P05,99.0,0.0,99.0,75.0,0,0,0,,1.056,468,278,190,46332.0,19984.5,26347.5
2025-09-15,FY25-26,77,S06,P05,99.0,0.0,99.0,75.0,0,0,0,,1.056,461,263,198,45639.0,19417.25,26221.75
2025-09-22,FY25-26,78,S06,P05,99.0,0.0,99.0,75.0,0,0,1,Navratri,1.056,510,285,225,50490.0,21333.75,29156.25
2025-09-29,FY25-26,79,S06,P05,99.0,0.0,99.0,75.0,0,0,1,Navratri,1.0,465,216,249,46035.0,18366.0,27669.0
2025-10-06,FY25-26,80,S06,P05,99.0,0.0,99.0,75.0,0,0,0,,1.0,469,212,257,46431.0,18379.0,28052.0
2025-10-13,FY25-26,81,S06,P05,99.0,0.0,99.0,75.0,0,0,1,Diwali,1.0,384,169,215,38016.0,14934.75,23081.25
2025-10-20,FY25-26,82,S06,P05,99.0,0.0,99.0,75.0,0,0,1,Diwali,1.0,492,214,278,48708.0,19072.5,29635.5
2025-10-27,FY25-26,83,S06,P05,99.0,0.15,84.15,75.0,0,1,0,,1.0,650,287,363,54697.5,24237.76,30459.74
2025-11-03,FY25-26,84,S06,P05,99.0,0.0,99.0,76.0,1,0,0,,1.0,522,221,301,51678.0,20085.75,31592.25
2025-11-10,FY25-26,85,S06,P05,99.0,0.0,99.0,76.0,1,0,0,,0.9,467,202,265,46233.0,18075.5,28157.5
2025-11-17,FY25-26,86,S06,P05,99.0,0.0,99.0,76.0,1,0,0,,0.9,329,155,174,32571.0,13048.25,19522.75
2025-11-24,FY25-26,87,S06,P05,99.0,0.0,99.0,76.0,1,0,0,,0.9,381,155,226,37719.0,14504.25,23214.75
2025-12-01,FY25-26,88,S06,P05,99.0,0.0,99.0,76.0,0,0,0,,1.0,467,229,238,46233.0,18743.75,27489.25
2025-12-08,FY25-26,89,S06,P05,99.0,0.0,99.0,76.0,0,0,0,,1.0,519,243,276,51381.0,20546.25,30834.75
2025-12-15,FY25-26,90,S06,P05,99.0,0.0,99.0,76.0,0,0,0,,1.0,451,224,227,44649.0,18172.0,26477.0
2025-12-22,FY25-26,91,S06,P05,99.0,0.0,99.0,76.0,0,0,1,Year End,1.0,444,200,244,43956.0,17382.0,26574.0
2025-12-29,FY25-26,92,S06,P05,99.0,0.1,89.1,76.0,0,1,1,Year End,1.0,687,341,346,61211.7,26831.78,34379.92
2026-01-05,FY25-26,93,S06,P05,99.0,0.0,99.0,76.0,0,0,0,,1.0,485,222,263,48015.0,19074.5,28940.5
2026-01-12,FY25-26,94,S06,P05,99.0,0.0,99.0,76.0,0,0,0,,1.0,479,201,278,47421.0,18386.75,29034.25
2026-01-19,FY25-26,95,S06,P05,99.0,0.0,99.0,76.0,0,0,0,,1.0,437,185,252,43263.0,16814.75,26448.25
2026-01-26,FY25-26,96,S06,P05,99.0,0.0,99.0,76.0,0,0,0,,1.0,426,187,239,42174.0,16556.25,25617.75
2026-02-02,FY25-26,97,S06,P05,99.0,0.0,99.0,76.0,0,0,0,,1.0,459,202,257,45441.0,17851.5,27589.5
2026-02-09,FY25-26,98,S06,P05,99.0,0.0,99.0,65.0,0,0,0,,1.0,345,161,184,34155.0,13644.75,20510.25
2026-02-16,FY25-26,99,S06,P05,99.0,0.0,99.0,65.0,0,0,0,,1.0,450,190,260,44550.0,17302.5,27247.5
2026-02-23,FY25-26,100,S06,P05,99.0,0.0,99.0,77.0,0,0,0,,1.0,541,250,291,53559.0,21335.5,32223.5
2026-03-02,FY25-26,101,S06,P05,99.0,0.0,99.0,77.0,0,0,0,,1.0,457,193,264,45243.0,17572.75,27670.25
2026-03-09,FY25-26,102,S06,P05,99.0,0.0,99.0,77.0,0,0,0,,1.0,432,191,241,42768.0,16823.25,25944.75
2026-03-16,FY25-26,103,S06,P05,99.0,0.0,99.0,77.0,0,0,0,,1.0,491,210,281,48609.0,18945.5,29663.5
2026-03-23,FY25-26,104,S06,P05,99.0,0.0,99.0,77.0,0,0,0,,1.0,490,227,263,48510.0,19338.25,29171.75
2024-04-01,FY24-25,1,S06,P06,119.0,0.0,119.0,78.0,0,0,0,,1.2,412,202,210,49028.0,20429.5,28598.5
2024-04-08,FY24-25,2,S06,P06,119.0,0.0,119.0,92.0,0,0,0,,1.08,430,187,243,51170.0,20613.25,30556.75
2024-04-15,FY24-25,3,S06,P06,119.0,0.0,119.0,92.0,0,0,0,,1.08,395,187,208,47005.0,19388.25,27616.75
2024-04-22,FY24-25,4,S06,P06,119.0,0.0,119.0,92.0,0,0,0,,1.08,419,192,227,49861.0,20377.0,29484.0
2024-04-29,FY24-25,5,S06,P06,119.0,0.2,95.2,92.0,0,1,0,,0.84,559,242,317,53216.8,25324.6,27892.2
2024-05-06,FY24-25,6,S06,P06,119.0,0.0,119.0,92.0,0,0,0,,0.84,296,139,157,35224.0,14495.25,20728.75
2024-05-13,FY24-25,7,S06,P06,119.0,0.0,119.0,92.0,0,0,0,,0.84,308,151,157,36652.0,15272.25,21379.75
2024-05-20,FY24-25,8,S06,P06,119.0,0.0,119.0,92.0,0,0,0,,0.84,313,123,190,37247.0,14614.25,22632.75
2024-05-27,FY24-25,9,S06,P06,119.0,0.0,119.0,92.0,0,0,0,,0.84,315,124,191,37485.0,14714.0,22771.0
2024-06-03,FY24-25,10,S06,P06,119.0,0.0,119.0,92.0,0,0,0,,0.672,270,160,110,32130.0,14210.0,17920.0
2024-06-10,FY24-25,11,S06,P06,119.0,0.0,119.0,93.0,0,0,0,,0.672,253,134,119,30107.0,12841.5,17265.5
2024-06-17,FY24-25,12,S06,P06,119.0,0.0,119.0,93.0,0,0,0,,0.672,247,145,102,29393.0,12958.75,16434.25
2024-06-24,FY24-25,13,S06,P06,119.0,0.2,95.2,93.0,0,1,0,,0.672,449,232,217,42744.8,21236.6,21508.2
2024-07-01,FY24-25,14,S06,P06,119.0,0.0,119.0,93.0,0,0,0,,0.96,410,231,179,48790.0,21222.25,27567.75
2024-07-08,FY24-25,15,S06,P06,119.0,0.2,95.2,93.0,0,1,0,,0.96,716,395,321,68163.2,34461.0,33702.2
2024-07-15,FY24-25,16,S06,P06,119.0,0.0,119.0,79.0,0,0,0,,0.96,322,185,137,38318.0,16773.75,21544.25
2024-07-22,FY24-25,17,S06,P06,119.0,0.0,119.0,93.0,0,0,0,,0.96,410,228,182,48790.0,21133.0,27657.0
2024-07-29,FY24-25,18,S06,P06,119.0,0.0,119.0,79.0,0,0,0,,0.96,345,196,149,41055.0,17906.0,23149.0
2024-08-05,FY24-25,19,S06,P06,119.0,0.0,119.0,93.0,0,0,0,,0.96,388,238,150,46172.0,20660.5,25511.5
2024-08-12,FY24-25,20,S06,P06,119.0,0.0,119.0,93.0,0,0,0,,0.96,379,211,168,45101.0,19542.25,25558.75
2024-08-19,FY24-25,21,S06,P06,119.0,0.0,119.0,93.0,0,0,0,,0.96,369,193,176,43911.0,18656.75,25254.25
2024-08-26,FY24-25,22,S06,P06,119.0,0.15,101.15,94.0,0,1,0,,0.96,616,341,275,62308.4,30183.04,32125.36
2024-09-02,FY24-25,23,S06,P06,119.0,0.0,119.0,94.0,0,0,1,Ganesh Chaturthi,0.96,362,198,164,43078.0,18560.5,24517.5
2024-09-09,FY24-25,24,S06,P06,119.0,0.0,119.0,94.0,0,0,1,Ganesh Chaturthi,0.96,408,228,180,48552.0,21063.0,27489.0
2024-09-16,FY24-25,25,S06,P06,119.0,0.0,119.0,94.0,0,0,1,Ganesh Chaturthi,0.96,359,200,159,42721.0,18515.0,24206.0
2024-09-23,FY24-25,26,S06,P06,119.0,0.15,101.15,94.0,0,1,0,,0.96,555,321,234,56138.25,27542.29,28595.96
2024-09-30,FY24-25,27,S06,P06,119.0,0.0,119.0,94.0,0,0,1,Navratri,1.0,357,164,193,42483.0,17374.0,25109.0
2024-10-07,FY24-25,28,S06,P06,119.0,0.0,119.0,94.0,0,0,1,Navratri,1.0,406,165,241,48314.0,19118.75,29195.25
2024-10-14,FY24-25,29,S06,P06,119.0,0.0,119.0,94.0,0,0,0,,1.0,451,199,252,53669.0,21705.25,31963.75
2024-10-21,FY24-25,30,S06,P06,119.0,0.0,119.0,94.0,0,0,0,,1.0,389,185,204,46291.0,19118.75,27172.25
2024-10-28,FY24-25,31,S06,P06,119.0,0.0,119.0,94.0,0,0,1,Diwali,1.0,415,189,226,49385.0,20147.75,29237.25
2024-11-04,FY24-25,32,S06,P06,119.0,0.0,119.0,80.0,0,0,0,,1.0,385,153,232,45815.0,18026.75,27788.25
2024-11-11,FY24-25,33,S06,P06,119.0,0.0,119.0,94.0,0,0,0,,0.9,285,145,140,33915.0,14288.75,19626.25
2024-11-18,FY24-25,34,S06,P06,119.0,0.0,119.0,95.0,0,0,0,,0.9,366,167,199,43554.0,17778.25,25775.75
2024-11-25,FY24-25,35,S06,P06,119.0,0.1,107.1,95.0,0,1,0,,0.9,464,215,249,49694.4,21996.62,27697.78
2024-12-02,FY24-25,36,S06,P06,119.0,0.0,119.0,95.0,0,0,0,,1.0,384,180,204,45696.0,18795.0,26901.0
2024-12-09,FY24-25,37,S06,P06,119.0,0.0,119.0,95.0,0,0,0,,1.0,359,158,201,42721.0,17265.5,25455.5
2024-12-16,FY24-25,38,S06,P06,119.0,0.0,119.0,95.0,0,0,1,Year End,1.0,458,220,238,54502.0,22575.0,31927.0
2024-12-23,FY24-25,39,S06,P06,119.0,0.0,119.0,95.0,0,0,1,Year End,1.0,385,170,215,45815.0,18532.5,27282.5
2024-12-30,FY24-25,40,S06,P06,119.0,0.0,119.0,95.0,0,0,1,Year End,1.0,383,164,219,45577.0,18284.0,27293.0
2025-01-06,FY24-25,41,S06,P06,109.0,0.0,109.0,95.0,1,0,0,,1.0,501,229,272,54609.0,23775.25,30833.75
2025-01-13,FY24-25,42,S06,P06,109.0,0.0,109.0,95.0,1,0,0,,1.0,424,199,225,46216.0,20262.75,25953.25
2025-01-20,FY24-25,43,S06,P06,109.0,0.0,109.0,95.0,1,0,0,,1.0,543,254,289,59187.0,25926.5,33260.5
2025-01-27,FY24-25,44,S06,P06,109.0,0.0,109.0,95.0,1,0,0,,1.0,502,244,258,54718.0,24219.0,30499.0
2025-02-03,FY24-25,45,S06,P06,119.0,0.0,119.0,96.0,0,0,0,,1.0,392,167,225,46648.0,18688.25,27959.75
2025-02-10,FY24-25,46,S06,P06,119.0,0.0,119.0,96.0,0,0,0,,1.0,405,182,223,48195.0,19589.5,28605.5
2025-02-17,FY24-25,47,S06,P06,119.0,0.0,119.0,96.0,0,0,0,,1.0,483,201,282,57477.0,22884.75,34592.25
2025-02-24,FY24-25,48,S06,P06,129.0,0.0,129.0,96.0,1,0,0,,1.0,382,181,201,49278.0,19207.25,30070.75
2025-03-03,FY24-25,49,S06,P06,129.0,0.0,129.0,96.0,1,0,0,,1.0,319,143,176,41151.0,15776.75,25374.25
2025-03-10,FY24-25,50,S06,P06,129.0,0.0,129.0,96.0,1,0,0,,1.0,301,129,172,38829.0,14695.25,24133.75
2025-03-17,FY24-25,51,S06,P06,129.0,0.0,129.0,82.0,1,0,0,,1.0,306,132,174,39474.0,14967.0,24507.0
2025-03-24,FY24-25,52,S06,P06,119.0,0.0,119.0,96.0,0,0,0,,1.0,386,167,219,45934.0,18478.25,27455.75
2025-03-31,FY24-25,53,S06,P06,129.0,0.0,129.0,96.0,0,0,0,,1.2,367,149,218,47343.0,17650.25,29692.75
2025-04-07,FY25-26,54,S06,P06,129.0,0.0,129.0,96.0,0,0,0,,1.08,365,151,214,47085.0,17644.75,29440.25
2025-04-14,FY25-26,55,S06,P06,129.0,0.0,129.0,96.0,0,0,0,,1.08,332,151,181,42828.0,16489.75,26338.25
2025-04-21,FY25-26,56,S06,P06,129.0,0.0,129.0,97.0,0,0,0,,1.08,367,173,194,47343.0,18424.25,28918.75
2025-04-28,FY25-26,57,S06,P06,129.0,0.2,103.2,97.0,0,1,0,,0.84,556,240,316,57379.2,25652.0,31727.2
2025-05-05,FY25-26,58,S06,P06,129.0,0.0,129.0,97.0,0,0,0,,0.84,267,119,148,34443.0,13182.75,21260.25
2025-05-12,FY25-26,59,S06,P06,129.0,0.0,129.0,82.0,0,0,0,,0.84,273,118,155,35217.0,13360.5,21856.5
2025-05-19,FY25-26,60,S06,P06,129.0,0.15,109.65,82.0,0,1,0,,0.84,402,182,220,44079.3,19059.08,25020.22
2025-05-26,FY25-26,61,S06,P06,129.0,0.2,103.2,97.0,0,1,0,,0.84,512,230,282,52838.4,23854.0,28984.4
2025-06-02,FY25-26,62,S06,P06,129.0,0.0,129.0,97.0,0,0,0,,0.672,231,117,114,29799.0,11858.25,17940.75
2025-06-09,FY25-26,63,S06,P06,129.0,0.0,129.0,97.0,0,0,0,,0.672,205,115,90,26445.0,10883.75,15561.25
2025-06-16,FY25-26,64,S06,P06,139.0,0.0,139.0,83.0,1,0,0,,0.672,179,113,66,24881.0,10191.75,14689.25
2025-06-23,FY25-26,65,S06,P06,139.0,0.0,139.0,97.0,1,0,0,,0.672,208,118,90,28912.0,11380.5,17531.5
2025-06-30,FY25-26,66,S06,P06,139.0,0.0,139.0,97.0,1,0,0,,0.96,268,151,117,37252.0,14627.25,22624.75
2025-07-07,FY25-26,67,S06,P06,139.0,0.0,139.0,98.0,1,0,0,,0.96,273,154,119,37947.0,14906.5,23040.5
2025-07-14,FY25-26,68,S06,P06,129.0,0.0,129.0,98.0,0,0,0,,0.96,335,167,168,43215.0,17110.75,26104.25
2025-07-21,FY25-26,69,S06,P06,129.0,0.2,103.2,98.0,0,1,0,,0.96,551,293,258,56863.2,26844.4,30018.8
2025-07-28,FY25-26,70,S06,P06,129.0,0.0,129.0,98.0,0,0,0,,0.96,314,180,134,40506.0,16795.0,23711.0
2025-08-04,FY25-26,71,S06,P06,129.0,0.0,129.0,83.0,0,0,0,,0.96,302,180,122,38958.0,16375.0,22583.0
2025-08-11,FY25-26,72,S06,P06,129.0,0.0,129.0,98.0,0,0,0,,0.96,334,169,165,43086.0,17140.25,25945.75
2025-08-18,FY25-26,73,S06,P06,129.0,0.0,129.0,98.0,0,0,0,,0.96,320,165,155,41280.0,16521.25,24758.75
2025-08-25,FY25-26,74,S06,P06,129.0,0.1,116.1,98.0,0,1,1,Ganesh Chaturthi,0.96,432,224,208,50155.2,21621.6,28533.6
2025-09-01,FY25-26,75,S06,P06,129.0,0.0,129.0,98.0,0,0,1,Ganesh Chaturthi,0.96,334,183,151,43086.0,17591.75,25494.25
2025-09-08,FY25-26,76,S06,P06,129.0,0.15,109.65,98.0,0,1,0,,0.96,426,239,187,46710.9,21461.59,25249.31
2025-09-15,FY25-26,77,S06,P06,129.0,0.0,129.0,98.0,0,0,0,,0.96,383,216,167,49407.0,20371.0,29036.0
2025-09-22,FY25-26,78,S06,P06,129.0,0.0,129.0,99.0,0,0,1,Navratri,0.96,333,179,154,42957.0,17427.75,25529.25
2025-09-29,FY25-26,79,S06,P06,129.0,0.0,129.0,99.0,0,0,1,Navratri,1.0,327,137,190,42183.0,15863.25,26319.75
2025-10-06,FY25-26,80,S06,P06,129.0,0.0,129.0,99.0,0,0,0,,1.0,364,153,211,46956.0,17674.25,29281.75
2025-10-13,FY25-26,81,S06,P06,129.0,0.2,103.2,99.0,0,1,1,Diwali,1.0,625,270,355,64500.0,28841.0,35659.0
2025-10-20,FY25-26,82,S06,P06,129.0,0.2,103.2,99.0,0,1,1,Diwali,1.0,652,305,347,67286.4,30689.0,36597.4
2025-10-27,FY25-26,83,S06,P06,129.0,0.0,129.0,99.0,0,0,0,,1.0,353,165,188,45537.0,17676.25,27860.75
2025-11-03,FY25-26,84,S06,P06,129.0,0.0,129.0,84.0,0,0,0,,1.0,352,155,197,45408.0,17318.75,28089.25
2025-11-10,FY25-26,85,S06,P06,129.0,0.0,129.0,99.0,0,0,0,,0.9,287,135,152,37023.0,14398.75,22624.25
2025-11-17,FY25-26,86,S06,P06,129.0,0.0,129.0,99.0,0,0,0,,0.9,317,153,164,40893.0,16029.25,24863.75
2025-11-24,FY25-26,87,S06,P06,129.0,0.0,129.0,99.0,0,0,0,,0.9,327,140,187,42183.0,15960.0,26223.0
2025-12-01,FY25-26,88,S06,P06,129.0,0.1,116.1,99.0,0,1,0,,1.0,449,196,253,52128.9,21403.9,30725.0
2025-12-08,FY25-26,89,S06,P06,129.0,0.0,129.0,85.0,0,0,0,,1.0,311,127,184,40119.0,14980.75,25138.25
2025-12-15,FY25-26,90,S06,P06,129.0,0.0,129.0,100.0,0,0,0,,1.0,337,151,186,43473.0,16664.75,26808.25
2025-12-22,FY25-26,91,S06,P06,129.0,0.0,129.0,100.0,0,0,1,Year End,1.0,362,172,190,46698.0,18217.0,28481.0
2025-12-29,FY25-26,92,S06,P06,129.0,0.0,129.0,100.0,0,0,1,Year End,1.0,363,152,211,46827.0,17607.0,29220.0
2026-01-05,FY25-26,93,S06,P06,129.0,0.0,129.0,100.0,0,0,0,,1.0,345,167,178,44505.0,17460.75,27044.25
2026-01-12,FY25-26,94,S06,P06,129.0,0.0,129.0,100.0,0,0,0,,1.0,352,176,176,45408.0,17996.0,27412.0
2026-01-19,FY25-26,95,S06,P06,129.0,0.0,129.0,100.0,0,0,0,,1.0,357,134,223,46053.0,16816.5,29236.5
2026-01-26,FY25-26,96,S06,P06,129.0,0.0,129.0,100.0,0,0,0,,1.0,384,170,214,49536.0,18922.5,30613.5
2026-02-02,FY25-26,97,S06,P06,129.0,0.0,129.0,100.0,0,0,0,,1.0,332,159,173,42828.0,16747.75,26080.25
2026-02-09,FY25-26,98,S06,P06,129.0,0.0,129.0,100.0,0,0,0,,1.0,350,159,191,45150.0,17377.75,27772.25
2026-02-16,FY25-26,99,S06,P06,129.0,0.0,129.0,101.0,0,0,0,,1.0,382,177,205,49278.0,19078.25,30199.75
2026-02-23,FY25-26,100,S06,P06,129.0,0.0,129.0,101.0,0,0,0,,1.0,343,158,185,44247.0,17100.5,27146.5
2026-03-02,FY25-26,101,S06,P06,129.0,0.0,129.0,101.0,0,0,0,,1.0,364,159,205,46956.0,17867.75,29088.25
2026-03-09,FY25-26,102,S06,P06,129.0,0.0,129.0,101.0,0,0,0,,1.0,346,160,186,44634.0,17270.0,27364.0
2026-03-16,FY25-26,103,S06,P06,129.0,0.0,129.0,101.0,0,0,0,,1.0,388,184,204,50052.0,19514.0,30538.0
2026-03-23,FY25-26,104,S06,P06,129.0,0.0,129.0,101.0,0,0,0,,1.0,383,178,205,49407.0,19145.5,30261.5
2024-04-01,FY24-25,1,S07,P01,189.0,0.15,160.65,172.0,0,1,0,,1.0,419,202,217,67312.35,37442.82,29869.53
2024-04-08,FY24-25,2,S07,P01,189.0,0.0,189.0,172.0,0,0,0,,1.0,290,150,140,54810.0,27387.5,27422.5
2024-04-15,FY24-25,3,S07,P01,189.0,0.0,189.0,172.0,0,0,0,,1.0,245,137,108,46305.0,23623.25,22681.75
2024-04-22,FY24-25,4,S07,P01,189.0,0.0,189.0,172.0,0,0,0,,1.0,288,131,157,54432.0,26349.75,28082.25
2024-04-29,FY24-25,5,S07,P01,189.0,0.0,189.0,172.0,0,0,0,,1.0,324,164,160,61236.0,30429.0,30807.0
2024-05-06,FY24-25,6,S07,P01,189.0,0.0,189.0,172.0,0,0,0,,1.0,314,155,159,59346.0,29303.75,30042.25
2024-05-13,FY24-25,7,S07,P01,189.0,0.0,189.0,173.0,0,0,0,,1.0,323,161,162,61047.0,30217.25,30829.75
2024-05-20,FY24-25,8,S07,P01,189.0,0.0,189.0,173.0,0,0,0,,1.0,274,139,135,51786.0,25747.75,26038.25
2024-05-27,FY24-25,9,S07,P01,189.0,0.0,189.0,173.0,0,0,0,,1.0,260,130,130,49140.0,24342.5,24797.5
2024-06-03,FY24-25,10,S07,P01,189.0,0.0,189.0,173.0,0,0,0,,0.96,301,184,117,56889.0,29764.0,27125.0
2024-06-10,FY24-25,11,S07,P01,189.0,0.0,189.0,173.0,0,0,0,,0.96,260,159,101,49140.0,25712.75,23427.25
2024-06-17,FY24-25,12,S07,P01,189.0,0.0,189.0,173.0,0,0,0,,0.96,283,184,99,53487.0,28504.0,24983.0
2024-06-24,FY24-25,13,S07,P01,189.0,0.0,189.0,174.0,0,0,0,,0.96,274,170,104,51786.0,27212.5,24573.5
2024-07-01,FY24-25,14,S07,P01,189.0,0.0,189.0,174.0,0,0,0,,0.96,275,165,110,51975.0,27046.25,24928.75
2024-07-08,FY24-25,15,S07,P01,189.0,0.0,189.0,174.0,0,0,0,,0.96,261,173,88,49329.0,26444.25,22884.75
2024-07-15,FY24-25,16,S07,P01,179.0,0.0,179.0,174.0,1,0,0,,0.96,310,174,136,55490.0,29486.5,26003.5
2024-07-22,FY24-25,17,S07,P01,179.0,0.0,179.0,174.0,1,0,0,,0.96,335,216,119,59965.0,33116.0,26849.0
2024-07-29,FY24-25,18,S07,P01,179.0,0.0,179.0,174.0,1,0,0,,0.96,315,194,121,56385.0,30731.5,25653.5
2024-08-05,FY24-25,19,S07,P01,179.0,0.0,179.0,175.0,1,0,0,,0.96,334,200,134,59786.0,32330.0,27456.0
2024-08-12,FY24-25,20,S07,P01,189.0,0.15,160.65,175.0,0,1,0,,0.96,420,263,157,67473.0,39962.74,27510.26
2024-08-19,FY24-25,21,S07,P01,189.0,0.0,189.0,175.0,0,0,0,,0.96,277,165,112,52353.0,27186.25,25166.75
2024-08-26,FY24-25,22,S07,P01,189.0,0.0,189.0,149.0,0,0,0,,0.96,251,141,110,47439.0,24232.25,23206.75
2024-09-02,FY24-25,23,S07,P01,189.0,0.15,160.65,175.0,0,1,1,Ganesh Chaturthi,1.075,361,234,127,57994.65,34668.02,23326.63
2024-09-09,FY24-25,24,S07,P01,189.0,0.0,189.0,149.0,0,0,1,Ganesh Chaturthi,1.075,298,182,116,56322.0,29459.5,26862.5
2024-09-16,FY24-25,25,S07,P01,189.0,0.0,189.0,175.0,0,0,1,Ganesh Chaturthi,1.075,340,190,150,64260.0,32777.5,31482.5
2024-09-23,FY24-25,26,S07,P01,189.0,0.2,151.2,176.0,0,1,0,,0.96,378,224,154,57153.6,34927.2,22226.4
2024-09-30,FY24-25,27,S07,P01,189.0,0.0,189.0,176.0,0,0,1,Navratri,1.12,373,189,184,70497.0,35040.25,35456.75
2024-10-07,FY24-25,28,S07,P01,189.0,0.0,189.0,176.0,0,0,1,Navratri,1.12,312,155,157,58968.0,29163.75,29804.25
2024-10-14,FY24-25,29,S07,P01,189.0,0.0,189.0,176.0,0,0,0,,1.0,329,161,168,62181.0,30637.25,31543.75
2024-10-21,FY24-25,30,S07,P01,189.0,0.15,160.65,176.0,0,1,0,,1.0,363,188,175,58315.95,32960.55,25355.4
2024-10-28,FY24-25,31,S07,P01,189.0,0.0,189.0,176.0,0,0,1,Diwali,1.12,309,152,157,58401.0,28812.0,29589.0
2024-11-04,FY24-25,32,S07,P01,189.0,0.0,189.0,177.0,0,0,0,,1.0,310,149,161,58590.0,28740.25,29849.75
2024-11-11,FY24-25,33,S07,P01,189.0,0.0,189.0,177.0,0,0,0,,1.0,339,165,174,64071.0,31526.25,32544.75
2024-11-18,FY24-25,34,S07,P01,189.0,0.0,189.0,177.0,0,0,0,,1.0,308,144,164,58212.0,28364.0,29848.0
2024-11-25,FY24-25,35,S07,P01,189.0,0.2,151.2,177.0,0,1,0,,1.0,509,258,251,76960.8,45382.4,31578.4
2024-12-02,FY24-25,36,S07,P01,189.0,0.0,189.0,177.0,0,0,0,,1.0,321,174,147,60669.0,30691.5,29977.5
2024-12-09,FY24-25,37,S07,P01,189.0,0.0,189.0,177.0,0,0,0,,1.0,325,146,179,61425.0,29648.5,31776.5
2024-12-16,FY24-25,38,S07,P01,189.0,0.0,189.0,178.0,0,0,1,Year End,1.0,278,127,151,52542.0,25460.75,27081.25
2024-12-23,FY24-25,39,S07,P01,189.0,0.0,189.0,178.0,0,0,1,Year End,1.0,305,165,140,57645.0,29146.25,28498.75
2024-12-30,FY24-25,40,S07,P01,189.0,0.0,189.0,178.0,0,0,1,Year End,1.0,290,151,139,54810.0,27434.75,27375.25
2025-01-06,FY24-25,41,S07,P01,189.0,0.0,189.0,178.0,0,0,0,,1.0,288,155,133,54432.0,27483.75,26948.25
2025-01-13,FY24-25,42,S07,P01,189.0,0.0,189.0,178.0,0,0,0,,1.0,320,148,172,60480.0,29393.0,31087.0
2025-01-20,FY24-25,43,S07,P01,189.0,0.0,189.0,178.0,0,0,0,,1.0,265,137,128,50085.0,25023.25,25061.75
2025-01-27,FY24-25,44,S07,P01,189.0,0.0,189.0,179.0,0,0,0,,1.0,292,155,137,55188.0,27763.75,27424.25
2025-02-03,FY24-25,45,S07,P01,189.0,0.0,189.0,179.0,0,0,0,,1.0,321,162,159,60669.0,30124.5,30544.5
2025-02-10,FY24-25,46,S07,P01,189.0,0.0,189.0,179.0,0,0,0,,1.0,308,163,145,58212.0,29261.75,28950.25
2025-02-17,FY24-25,47,S07,P01,189.0,0.0,189.0,179.0,0,0,0,,1.0,311,164,147,58779.0,29519.0,29260.0
2025-02-24,FY24-25,48,S07,P01,189.0,0.1,170.1,179.0,0,1,0,,1.0,410,207,203,69741.0,37502.68,32238.32
2025-03-03,FY24-25,49,S07,P01,189.0,0.0,189.0,179.0,0,0,0,,1.0,298,168,130,56322.0,28798.0,27524.0
2025-03-10,FY24-25,50,S07,P01,189.0,0.0,189.0,180.0,0,0,0,,1.0,315,160,155,59535.0,29610.0,29925.0
2025-03-17,FY24-25,51,S07,P01,189.0,0.0,189.0,180.0,0,0,0,,1.0,300,135,165,56700.0,27378.75,29321.25
2025-03-24,FY24-25,52,S07,P01,209.0,0.0,209.0,180.0,1,0,0,,1.0,264,159,105,55176.0,26787.75,28388.25
2025-03-31,FY24-25,53,S07,P01,219.0,0.0,219.0,180.0,1,0,0,,1.0,264,147,117,57816.0,26528.25,31287.75
2025-04-07,FY25-26,54,S07,P01,219.0,0.0,219.0,180.0,1,0,0,,1.0,281,136,145,61539.0,27116.0,34423.0
2025-04-14,FY25-26,55,S07,P01,219.0,0.0,219.0,181.0,1,0,0,,1.0,263,132,131,57597.0,25637.0,31960.0
2025-04-21,FY25-26,56,S07,P01,199.0,0.0,199.0,181.0,0,0,0,,1.0,265,119,146,52735.0,24470.25,28264.75
2025-04-28,FY25-26,57,S07,P01,199.0,0.0,199.0,181.0,0,0,0,,1.0,302,137,165,60098.0,27955.75,32142.25
2025-05-05,FY25-26,58,S07,P01,199.0,0.2,159.2,181.0,0,1,0,,1.0,399,208,191,63520.8,36208.4,27312.4
2025-05-12,FY25-26,59,S07,P01,199.0,0.0,199.0,181.0,0,0,0,,1.0,355,181,174,70645.0,33854.75,36790.25
2025-05-19,FY25-26,60,S07,P01,199.0,0.0,199.0,181.0,0,0,0,,1.0,346,173,173,68854.0,32826.75,36027.25
2025-05-26,FY25-26,61,S07,P01,199.0,0.0,199.0,182.0,0,0,0,,1.0,309,163,146,61491.0,29739.25,31751.75
2025-06-02,FY25-26,62,S07,P01,199.0,0.0,199.0,182.0,0,0,0,,0.96,291,174,117,57909.0,29026.5,28882.5
2025-06-09,FY25-26,63,S07,P01,199.0,0.0,199.0,182.0,0,0,0,,0.96,282,169,113,56118.0,28147.75,27970.25
2025-06-16,FY25-26,64,S07,P01,199.0,0.0,199.0,182.0,0,0,0,,0.96,280,177,103,55720.0,28405.75,27314.25
2025-06-23,FY25-26,65,S07,P01,199.0,0.0,199.0,182.0,0,0,0,,0.96,233,138,95,46367.0,23175.5,23191.5
2025-06-30,FY25-26,66,S07,P01,199.0,0.0,199.0,182.0,0,0,0,,0.96,323,201,122,64277.0,32609.75,31667.25
2025-07-07,FY25-26,67,S07,P01,199.0,0.0,199.0,183.0,0,0,0,,0.96,258,170,88,51342.0,26517.5,24824.5
2025-07-14,FY25-26,68,S07,P01,199.0,0.0,199.0,183.0,0,0,0,,0.96,285,157,128,56715.0,27760.75,28954.25
2025-07-21,FY25-26,69,S07,P01,199.0,0.0,199.0,183.0,0,0,0,,0.96,254,142,112,50546.0,24844.5,25701.5
2025-07-28,FY25-26,70,S07,P01,199.0,0.0,199.0,156.0,0,0,0,,0.96,248,156,92,49352.0,25121.0,24231.0
2025-08-04,FY25-26,71,S07,P01,199.0,0.0,199.0,183.0,0,0,0,,0.96,292,175,117,58108.0,29146.25,28961.75
2025-08-11,FY25-26,72,S07,P01,199.0,0.0,199.0,183.0,0,0,0,,0.96,313,199,114,62287.0,31810.25,30476.75
2025-08-18,FY25-26,73,S07,P01,199.0,0.0,199.0,184.0,0,0,0,,0.96,290,181,109,57710.0,29304.75,28405.25
2025-08-25,FY25-26,74,S07,P01,199.0,0.2,159.2,156.0,0,1,1,Ganesh Chaturthi,1.075,425,257,168,67660.0,39978.6,27681.4
2025-09-01,FY25-26,75,S07,P01,199.0,0.2,159.2,184.0,0,1,1,Ganesh Chaturthi,1.075,441,269,172,70207.2,41576.2,28631.0
2025-09-08,FY25-26,76,S07,P01,199.0,0.0,199.0,184.0,0,0,0,,0.96,301,177,124,59899.0,29875.75,30023.25
2025-09-15,FY25-26,77,S07,P01,199.0,0.0,199.0,184.0,0,0,0,,0.96,287,175,112,57113.0,28796.25,28316.75
2025-09-22,FY25-26,78,S07,P01,199.0,0.0,199.0,184.0,0,0,1,Navratri,1.075,354,217,137,70446.0,35575.75,34870.25
2025-09-29,FY25-26,79,S07,P01,199.0,0.0,199.0,185.0,0,0,1,Navratri,1.12,392,191,201,78008.0,36942.25,41065.75
2025-10-06,FY25-26,80,S07,P01,199.0,0.0,199.0,185.0,0,0,0,,1.0,272,117,155,54128.0,24860.75,29267.25
2025-10-13,FY25-26,81,S07,P01,199.0,0.0,199.0,185.0,0,0,1,Diwali,1.12,375,198,177,74625.0,36100.5,38524.5
2025-10-20,FY25-26,82,S07,P01,199.0,0.0,199.0,185.0,0,0,1,Diwali,1.12,349,172,177,69451.0,32987.0,36464.0
2025-10-27,FY25-26,83,S07,P01,199.0,0.0,199.0,185.0,0,0,0,,1.0,312,143,169,62088.0,28954.25,33133.75
2025-11-03,FY25-26,84,S07,P01,199.0,0.0,199.0,185.0,0,0,0,,1.0,282,141,141,56118.0,26754.75,29363.25
2025-11-10,FY25-26,85,S07,P01,199.0,0.2,159.2,186.0,0,1,0,,1.0,364,171,193,57948.8,32285.8,25663.0
2025-11-17,FY25-26,86,S07,P01,199.0,0.0,199.0,186.0,0,0,0,,1.0,299,149,150,59501.0,28342.75,31158.25
2025-11-24,FY25-26,87,S07,P01,199.0,0.0,199.0,186.0,0,0,0,,1.0,284,143,141,56516.0,26994.25,29521.75
2025-12-01,FY25-26,88,S07,P01,199.0,0.0,199.0,186.0,0,0,0,,1.0,299,147,152,59501.0,28243.25,31257.75
2025-12-08,FY25-26,89,S07,P01,199.0,0.0,199.0,186.0,0,0,0,,1.0,290,148,142,57710.0,27663.0,30047.0
2025-12-15,FY25-26,90,S07,P01,199.0,0.0,199.0,187.0,0,0,0,,1.0,327,150,177,65073.0,30352.5,34720.5
2025-12-22,FY25-26,91,S07,P01,199.0,0.0,199.0,187.0,0,0,1,Year End,1.0,274,133,141,54526.0,25796.75,28729.25
2025-12-29,FY25-26,92,S07,P01,199.0,0.0,199.0,187.0,0,0,1,Year End,1.0,336,160,176,66864.0,31480.0,35384.0
2026-01-05,FY25-26,93,S07,P01,199.0,0.1,179.1,187.0,0,1,0,,1.0,350,197,153,62685.0,33320.68,29364.32
2026-01-12,FY25-26,94,S07,P01,199.0,0.0,199.0,187.0,0,0,0,,1.0,295,141,154,58705.0,27664.75,31040.25
2026-01-19,FY25-26,95,S07,P01,199.0,0.0,199.0,187.0,0,0,0,,1.0,289,143,146,57511.0,27344.25,30166.75
2026-01-26,FY25-26,96,S07,P01,199.0,0.2,159.2,188.0,0,1,0,,1.0,446,215,231,71003.2,39777.0,31226.2
2026-02-02,FY25-26,97,S07,P01,199.0,0.0,199.0,188.0,0,0,0,,1.0,299,149,150,59501.0,28342.75,31158.25
2026-02-09,FY25-26,98,S07,P01,199.0,0.0,199.0,188.0,0,0,0,,1.0,292,129,163,58108.0,26857.75,31250.25
2026-02-16,FY25-26,99,S07,P01,199.0,0.0,199.0,188.0,0,0,0,,1.0,303,159,144,60297.0,29120.25,31176.75
2026-02-23,FY25-26,100,S07,P01,199.0,0.0,199.0,188.0,0,0,0,,1.0,293,146,147,58307.0,27773.5,30533.5
2026-03-02,FY25-26,101,S07,P01,199.0,0.0,199.0,188.0,0,0,0,,1.0,304,164,140,60496.0,29439.0,31057.0
2026-03-09,FY25-26,102,S07,P01,199.0,0.0,199.0,189.0,0,0,0,,1.0,327,150,177,65073.0,30352.5,34720.5
2026-03-16,FY25-26,103,S07,P01,199.0,0.0,199.0,160.0,0,0,0,,1.0,314,155,159,62486.0,29691.25,32794.75
2026-03-23,FY25-26,104,S07,P01,199.0,0.0,199.0,189.0,0,0,0,,1.0,289,141,148,57511.0,27244.75,30266.25
2024-04-01,FY24-25,1,S07,P02,229.0,0.0,229.0,198.0,1,0,0,,1.0,293,126,167,67097.0,32118.5,34978.5
2024-04-08,FY24-25,2,S07,P02,229.0,0.0,229.0,198.0,1,0,0,,1.0,269,128,141,61601.0,30193.0,31408.0
2024-04-15,FY24-25,3,S07,P02,229.0,0.0,229.0,198.0,1,0,0,,1.0,329,148,181,75341.0,36438.0,38903.0
2024-04-22,FY24-25,4,S07,P02,229.0,0.0,229.0,198.0,1,0,0,,1.0,297,151,146,68013.0,33889.75,34123.25
2024-04-29,FY24-25,5,S07,P02,219.0,0.0,219.0,199.0,0,0,0,,1.0,314,159,155,68766.0,35395.25,33370.75
2024-05-06,FY24-25,6,S07,P02,219.0,0.0,219.0,199.0,0,0,0,,1.0,337,175,162,73803.0,38226.25,35576.75
2024-05-13,FY24-25,7,S07,P02,219.0,0.0,219.0,199.0,0,0,0,,1.0,309,153,156,67671.0,34641.75,33029.25
2024-05-20,FY24-25,8,S07,P02,219.0,0.0,219.0,199.0,0,0,0,,1.0,319,157,162,69861.0,35710.75,34150.25
2024-05-27,FY24-25,9,S07,P02,219.0,0.0,219.0,199.0,0,0,0,,1.0,354,190,164,77526.0,40492.5,37033.5
2024-06-03,FY24-25,10,S07,P02,219.0,0.0,219.0,200.0,0,0,0,,0.96,325,189,136,71175.0,37972.75,33202.25
2024-06-10,FY24-25,11,S07,P02,219.0,0.0,219.0,200.0,0,0,0,,0.96,336,202,134,73584.0,39619.5,33964.5
2024-06-17,FY24-25,12,S07,P02,219.0,0.0,219.0,200.0,0,0,0,,0.96,323,192,131,70737.0,37967.0,32770.0
2024-06-24,FY24-25,13,S07,P02,219.0,0.0,219.0,200.0,0,0,0,,0.96,310,182,128,67890.0,36314.5,31575.5
2024-07-01,FY24-25,14,S07,P02,219.0,0.0,219.0,200.0,0,0,0,,0.96,300,167,133,65700.0,34643.25,31056.75
2024-07-08,FY24-25,15,S07,P02,219.0,0.0,219.0,170.0,0,0,0,,0.96,313,181,132,68547.0,36514.75,32032.25
2024-07-15,FY24-25,16,S07,P02,219.0,0.2,175.2,201.0,0,1,0,,0.96,445,267,178,77964.0,49519.6,28444.4
2024-07-22,FY24-25,17,S07,P02,219.0,0.0,219.0,201.0,0,0,0,,0.96,320,171,149,70080.0,36562.25,33517.75
2024-07-29,FY24-25,18,S07,P02,219.0,0.0,219.0,201.0,0,0,0,,0.96,292,179,113,63948.0,34620.25,29327.75
2024-08-05,FY24-25,19,S07,P02,219.0,0.0,219.0,201.0,0,0,0,,0.96,342,192,150,74898.0,39582.0,35316.0
2024-08-12,FY24-25,20,S07,P02,219.0,0.0,219.0,201.0,0,0,0,,0.96,322,193,129,70518.0,37936.75,32581.25
2024-08-19,FY24-25,21,S07,P02,219.0,0.0,219.0,202.0,0,0,0,,0.96,288,182,106,63072.0,34444.5,28627.5
2024-08-26,FY24-25,22,S07,P02,219.0,0.0,219.0,202.0,0,0,0,,0.96,274,165,109,60006.0,32323.75,27682.25
2024-09-02,FY24-25,23,S07,P02,219.0,0.0,219.0,202.0,0,0,1,Ganesh Chaturthi,1.075,361,208,153,79059.0,42073.0,36986.0
2024-09-09,FY24-25,24,S07,P02,219.0,0.0,219.0,202.0,0,0,1,Ganesh Chaturthi,1.075,353,213,140,77307.0,41666.75,35640.25
2024-09-16,FY24-25,25,S07,P02,219.0,0.0,219.0,202.0,0,0,1,Ganesh Chaturthi,1.075,334,212,122,73146.0,39997.0,33149.0
2024-09-23,FY24-25,26,S07,P02,219.0,0.0,219.0,203.0,0,0,0,,0.96,309,190,119,67671.0,36667.5,31003.5
2024-09-30,FY24-25,27,S07,P02,219.0,0.2,175.2,203.0,0,1,1,Navratri,1.12,509,270,239,89176.8,55091.0,34085.8
2024-10-07,FY24-25,28,S07,P02,219.0,0.0,219.0,203.0,0,0,1,Navratri,1.12,388,203,185,84972.0,44094.25,40877.75
2024-10-14,FY24-25,29,S07,P02,219.0,0.0,219.0,203.0,0,0,0,,1.0,317,160,157,69423.0,35705.0,33718.0
2024-10-21,FY24-25,30,S07,P02,219.0,0.2,175.2,203.0,0,1,0,,1.0,477,231,246,83570.4,50662.8,32907.6
2024-10-28,FY24-25,31,S07,P02,219.0,0.0,219.0,204.0,0,0,1,Diwali,1.12,442,212,230,96798.0,49177.0,47621.0
2024-11-04,FY24-25,32,S07,P02,219.0,0.0,219.0,204.0,0,0,0,,1.0,271,147,124,59349.0,31083.25,28265.75
2024-11-11,FY24-25,33,S07,P02,219.0,0.15,186.15,204.0,0,1,0,,1.0,432,211,221,80416.8,46539.41,33877.39
2024-11-18,FY24-25,34,S07,P02,219.0,0.2,175.2,204.0,0,1,0,,1.0,455,222,233,79716.0,48398.6,31317.4
2024-11-25,FY24-25,35,S07,P02,219.0,0.0,219.0,204.0,0,0,0,,1.0,348,171,177,76212.0,38942.25,37269.75
2024-12-02,FY24-25,36,S07,P02,219.0,0.0,219.0,205.0,0,0,0,,1.0,334,162,172,73146.0,37259.5,35886.5
2024-12-09,FY24-25,37,S07,P02,219.0,0.0,219.0,205.0,0,0,0,,1.0,355,151,204,77745.0,38442.25,39302.75
2024-12-16,FY24-25,38,S07,P02,219.0,0.0,219.0,205.0,0,0,1,Year End,1.0,346,174,172,75774.0,38936.5,36837.5
2024-12-23,FY24-25,39,S07,P02,219.0,0.0,219.0,205.0,0,0,1,Year End,1.0,288,141,147,63072.0,32199.75,30872.25
2024-12-30,FY24-25,40,S07,P02,219.0,0.0,219.0,205.0,0,0,1,Year End,1.0,339,170,169,74241.0,38122.5,36118.5
2025-01-06,FY24-25,41,S07,P02,219.0,0.0,219.0,205.0,0,0,0,,1.0,317,156,161,69423.0,35486.0,33937.0
2025-01-13,FY24-25,42,S07,P02,219.0,0.0,219.0,206.0,0,0,0,,1.0,336,189,147,73584.0,38907.75,34676.25
2025-01-20,FY24-25,43,S07,P02,219.0,0.0,219.0,206.0,0,0,0,,1.0,337,167,170,73803.0,37788.25,36014.75
2025-01-27,FY24-25,44,S07,P02,219.0,0.0,219.0,206.0,0,0,0,,1.0,348,166,182,76212.0,38668.5,37543.5
2025-02-03,FY24-25,45,S07,P02,219.0,0.0,219.0,206.0,0,0,0,,1.0,331,153,178,72489.0,36511.75,35977.25
2025-02-10,FY24-25,46,S07,P02,219.0,0.0,219.0,206.0,0,0,0,,1.0,360,164,196,78840.0,39579.0,39261.0
2025-02-17,FY24-25,47,S07,P02,219.0,0.0,219.0,207.0,0,0,0,,1.0,343,176,167,75117.0,38791.0,36326.0
2025-02-24,FY24-25,48,S07,P02,199.0,0.0,199.0,207.0,1,0,0,,1.0,380,191,189,75620.0,41802.25,33817.75
2025-03-03,FY24-25,49,S07,P02,199.0,0.0,199.0,207.0,1,0,0,,1.0,335,176,159,66665.0,37231.0,29434.0
2025-03-10,FY24-25,50,S07,P02,199.0,0.0,199.0,207.0,1,0,0,,1.0,329,170,159,65471.0,36422.5,29048.5
2025-03-17,FY24-25,51,S07,P02,199.0,0.0,199.0,176.0,1,0,0,,1.0,411,216,195,81789.0,45681.0,36108.0
2025-03-24,FY24-25,52,S07,P02,219.0,0.0,219.0,176.0,0,0,0,,1.0,333,158,175,72927.0,36955.5,35971.5
2025-03-31,FY24-25,53,S07,P02,229.0,0.0,229.0,208.0,0,0,0,,1.0,329,166,163,75341.0,37468.5,37872.5
2025-04-07,FY25-26,54,S07,P02,229.0,0.0,229.0,208.0,0,0,0,,1.0,318,161,157,72822.0,36247.25,36574.75
2025-04-14,FY25-26,55,S07,P02,229.0,0.1,206.1,208.0,0,1,0,,1.0,411,221,190,84707.1,46322.02,38385.08
2025-04-21,FY25-26,56,S07,P02,229.0,0.0,229.0,208.0,0,0,0,,1.0,332,163,169,76028.0,37551.75,38476.25
2025-04-28,FY25-26,57,S07,P02,209.0,0.0,209.0,209.0,1,0,0,,1.0,414,214,200,86526.0,46371.5,40154.5
2025-05-05,FY25-26,58,S07,P02,209.0,0.0,209.0,209.0,1,0,0,,1.0,356,187,169,74404.0,40030.75,34373.25
2025-05-12,FY25-26,59,S07,P02,209.0,0.0,209.0,209.0,1,0,0,,1.0,372,180,192,77748.0,41025.0,36723.0
2025-05-19,FY25-26,60,S07,P02,209.0,0.0,209.0,209.0,1,0,0,,1.0,371,187,184,77539.0,41305.75,36233.25
2025-05-26,FY25-26,61,S07,P02,229.0,0.0,229.0,209.0,0,0,0,,1.0,321,156,165,73509.0,36216.0,37293.0
2025-06-02,FY25-26,62,S07,P02,229.0,0.0,229.0,210.0,0,0,0,,0.96,283,173,110,64807.0,33959.25,30847.75
2025-06-09,FY25-26,63,S07,P02,229.0,0.0,229.0,210.0,0,0,0,,0.96,260,167,93,59540.0,31660.75,27879.25
2025-06-16,FY25-26,64,S07,P02,229.0,0.0,229.0,210.0,0,0,0,,0.96,317,185,132,72593.0,37536.25,35056.75
2025-06-23,FY25-26,65,S07,P02,229.0,0.0,229.0,210.0,0,0,0,,0.96,324,187,137,74196.0,38245.75,35950.25
2025-06-30,FY25-26,66,S07,P02,229.0,0.0,229.0,210.0,0,0,0,,0.96,332,208,124,76028.0,40128.0,35900.0
2025-07-07,FY25-26,67,S07,P02,229.0,0.1,206.1,211.0,0,1,0,,0.96,395,222,173,81409.5,45013.55,36395.95
2025-07-14,FY25-26,68,S07,P02,229.0,0.0,229.0,211.0,0,0,0,,0.96,313,176,137,71677.0,36681.0,34996.0
2025-07-21,FY25-26,69,S07,P02,229.0,0.0,229.0,211.0,0,0,0,,0.96,321,180,141,73509.0,37590.0,35919.0
2025-07-28,FY25-26,70,S07,P02,229.0,0.0,229.0,211.0,0,0,0,,0.96,325,183,142,74425.0,38101.75,36323.25
2025-08-04,FY25-26,71,S07,P02,229.0,0.1,206.1,211.0,0,1,0,,0.96,329,189,140,67806.9,37703.22,30103.68
2025-08-11,FY25-26,72,S07,P02,229.0,0.0,229.0,180.0,0,0,0,,0.96,315,199,116,72135.0,38167.75,33967.25
2025-08-18,FY25-26,73,S07,P02,229.0,0.0,229.0,212.0,0,0,0,,0.96,317,187,130,72593.0,37650.75,34942.25
2025-08-25,FY25-26,74,S07,P02,229.0,0.0,229.0,212.0,0,0,1,Ganesh Chaturthi,1.075,307,205,102,70303.0,37831.25,32471.75
2025-09-01,FY25-26,75,S07,P02,229.0,0.0,229.0,212.0,0,0,1,Ganesh Chaturthi,1.075,365,218,147,83585.0,43505.5,40079.5
2025-09-08,FY25-26,76,S07,P02,229.0,0.0,229.0,212.0,0,0,0,,0.96,312,181,131,71448.0,36882.25,34565.75
2025-09-15,FY25-26,77,S07,P02,229.0,0.15,194.65,213.0,0,1,0,,0.96,437,260,177,85062.05,49797.25,35264.8
2025-09-22,FY25-26,78,S07,P02,229.0,0.0,229.0,213.0,0,0,1,Navratri,1.075,357,204,153,81753.0,42024.0,39729.0
2025-09-29,FY25-26,79,S07,P02,229.0,0.0,229.0,213.0,0,0,1,Navratri,1.12,409,203,206,93661.0,46386.75,47274.25
2025-10-06,FY25-26,80,S07,P02,229.0,0.0,229.0,213.0,0,0,0,,1.0,356,176,180,81524.0,40336.0,41188.0
2025-10-13,FY25-26,81,S07,P02,229.0,0.0,229.0,213.0,0,0,1,Diwali,1.12,356,189,167,81524.0,41080.25,40443.75
2025-10-20,FY25-26,82,S07,P02,229.0,0.15,194.65,214.0,0,1,1,Diwali,1.12,503,251,252,97908.95,54969.29,42939.66
2025-10-27,FY25-26,83,S07,P02,229.0,0.0,229.0,214.0,0,0,0,,1.0,326,170,156,74654.0,37442.5,37211.5
2025-11-03,FY25-26,84,S07,P02,229.0,0.15,194.65,214.0,0,1,0,,1.0,470,242,228,91485.5,51726.32,39759.18
2025-11-10,FY25-26,85,S07,P02,229.0,0.0,229.0,214.0,0,0,0,,1.0,339,165,174,77631.0,38261.25,39369.75
2025-11-17,FY25-26,86,S07,P02,229.0,0.0,229.0,214.0,0,0,0,,1.0,358,176,182,81982.0,40506.0,41476.0
2025-11-24,FY25-26,87,S07,P02,229.0,0.0,229.0,215.0,0,0,0,,1.0,320,169,151,73280.0,36875.25,36404.75
2025-12-01,FY25-26,88,S07,P02,229.0,0.0,229.0,215.0,0,0,0,,1.0,332,160,172,76028.0,37380.0,38648.0
2025-12-08,FY25-26,89,S07,P02,229.0,0.0,229.0,215.0,0,0,0,,1.0,347,175,172,79463.0,39513.75,39949.25
2025-12-15,FY25-26,90,S07,P02,229.0,0.0,229.0,215.0,0,0,0,,1.0,374,180,194,85646.0,42095.0,43551.0
2025-12-22,FY25-26,91,S07,P02,229.0,0.0,229.0,215.0,0,0,1,Year End,1.0,299,160,139,68471.0,34575.0,33896.0
2025-12-29,FY25-26,92,S07,P02,229.0,0.0,229.0,216.0,0,0,1,Year End,1.0,306,149,157,70074.0,34540.25,35533.75
2026-01-05,FY25-26,93,S07,P02,229.0,0.0,229.0,216.0,0,0,0,,1.0,349,170,179,79921.0,39397.5,40523.5
2026-01-12,FY25-26,94,S07,P02,229.0,0.0,229.0,216.0,0,0,0,,1.0,358,189,169,81982.0,41250.25,40731.75
2026-01-19,FY25-26,95,S07,P02,229.0,0.0,229.0,216.0,0,0,0,,1.0,344,184,160,78776.0,39774.0,39002.0
2026-01-26,FY25-26,96,S07,P02,229.0,0.1,206.1,216.0,0,1,0,,1.0,473,225,248,97485.3,51798.12,45687.18
2026-02-02,FY25-26,97,S07,P02,229.0,0.0,229.0,217.0,0,0,0,,1.0,321,158,163,73509.0,36330.5,37178.5
2026-02-09,FY25-26,98,S07,P02,229.0,0.0,229.0,217.0,0,0,0,,1.0,348,173,175,79692.0,39484.25,40207.75
2026-02-16,FY25-26,99,S07,P02,229.0,0.0,229.0,217.0,0,0,0,,1.0,357,177,180,81753.0,40478.25,41274.75
2026-02-23,FY25-26,100,S07,P02,229.0,0.0,229.0,217.0,0,0,0,,1.0,344,163,181,78776.0,38571.75,40204.25
2026-03-02,FY25-26,101,S07,P02,229.0,0.0,229.0,217.0,0,0,0,,1.0,289,131,158,66181.0,32064.75,34116.25
2026-03-09,FY25-26,102,S07,P02,229.0,0.0,229.0,218.0,0,0,0,,1.0,347,163,184,79463.0,38826.75,40636.25
2026-03-16,FY25-26,103,S07,P02,229.0,0.0,229.0,218.0,0,0,0,,1.0,313,145,168,71677.0,34906.25,36770.75
2026-03-23,FY25-26,104,S07,P02,229.0,0.0,229.0,218.0,0,0,0,,1.0,360,179,181,82440.0,40847.75,41592.25
2024-04-01,FY24-25,1,S07,P03,169.0,0.0,169.0,131.0,0,0,0,,1.0,203,108,95,34307.0,15728.0,18579.0
2024-04-08,FY24-25,2,S07,P03,169.0,0.15,143.65,154.0,0,1,0,,1.0,257,121,136,36918.05,18480.41,18437.64
2024-04-15,FY24-25,3,S07,P03,169.0,0.0,169.0,155.0,0,0,0,,1.0,181,98,83,30589.0,14095.5,16493.5
2024-04-22,FY24-25,4,S07,P03,169.0,0.0,169.0,155.0,0,0,0,,1.0,201,95,106,33969.0,15068.75,18900.25
2024-04-29,FY24-25,5,S07,P03,169.0,0.0,169.0,155.0,0,0,0,,1.0,178,77,101,30082.0,13043.25,17038.75
2024-05-06,FY24-25,6,S07,P03,169.0,0.0,169.0,155.0,0,0,0,,1.0,211,106,105,35659.0,16083.5,19575.5
2024-05-13,FY24-25,7,S07,P03,169.0,0.0,169.0,155.0,0,0,0,,1.0,222,114,108,37518.0,17026.5,20491.5
2024-05-20,FY24-25,8,S07,P03,169.0,0.0,169.0,155.0,0,0,0,,1.0,215,97,118,36335.0,15923.25,20411.75
2024-05-27,FY24-25,9,S07,P03,169.0,0.0,169.0,156.0,0,0,0,,1.0,211,99,112,35659.0,15787.75,19871.25
2024-06-03,FY24-25,10,S07,P03,169.0,0.0,169.0,156.0,0,0,0,,0.96,190,119,71,32110.0,15477.75,16632.25
2024-06-10,FY24-25,11,S07,P03,159.0,0.0,159.0,156.0,1,0,0,,0.96,198,120,78,31482.0,15660.0,15822.0
2024-06-17,FY24-25,12,S07,P03,159.0,0.0,159.0,156.0,1,0,0,,0.96,210,120,90,33390.0,16320.0,17070.0
2024-06-24,FY24-25,13,S07,P03,159.0,0.0,159.0,156.0,1,0,0,,0.96,206,122,84,32754.0,16179.5,16574.5
2024-07-01,FY24-25,14,S07,P03,159.0,0.0,159.0,156.0,1,0,0,,0.96,225,137,88,35775.0,17820.75,17954.25
2024-07-08,FY24-25,15,S07,P03,169.0,0.0,169.0,156.0,0,0,0,,0.96,216,133,83,36504.0,17499.25,19004.75
2024-07-15,FY24-25,16,S07,P03,169.0,0.2,135.2,157.0,0,1,0,,0.96,264,158,106,35692.8,19860.4,15832.4
2024-07-22,FY24-25,17,S07,P03,169.0,0.0,169.0,133.0,0,0,0,,0.96,184,113,71,31096.0,14894.25,16201.75
2024-07-29,FY24-25,18,S07,P03,169.0,0.0,169.0,157.0,0,0,0,,0.96,177,106,71,29913.0,14213.5,15699.5
2024-08-05,FY24-25,19,S07,P03,169.0,0.0,169.0,157.0,0,0,0,,0.96,188,124,64,31772.0,15579.0,16193.0
2024-08-12,FY24-25,20,S07,P03,169.0,0.0,169.0,157.0,0,0,0,,0.96,201,119,82,33969.0,16082.75,17886.25
2024-08-19,FY24-25,21,S07,P03,169.0,0.0,169.0,157.0,0,0,0,,0.96,198,115,83,33462.0,15748.75,17713.25
2024-08-26,FY24-25,22,S07,P03,169.0,0.0,169.0,157.0,0,0,0,,0.96,168,94,74,28392.0,13211.5,15180.5
2024-09-02,FY24-25,23,S07,P03,169.0,0.0,169.0,158.0,0,0,1,Ganesh Chaturthi,1.075,241,132,109,40729.0,18832.0,21897.0
2024-09-09,FY24-25,24,S07,P03,169.0,0.0,169.0,158.0,0,0,1,Ganesh Chaturthi,1.075,207,129,78,34983.0,16835.25,18147.75
2024-09-16,FY24-25,25,S07,P03,169.0,0.0,169.0,158.0,0,0,1,Ganesh Chaturthi,1.075,237,130,107,40053.0,18527.5,21525.5
2024-09-23,FY24-25,26,S07,P03,169.0,0.15,143.65,158.0,0,1,0,,0.96,285,166,119,40940.25,21636.48,19303.77
2024-09-30,FY24-25,27,S07,P03,169.0,0.0,169.0,158.0,0,0,1,Navratri,1.12,230,103,127,38870.0,17001.75,21868.25
2024-10-07,FY24-25,28,S07,P03,169.0,0.0,169.0,158.0,0,0,1,Navratri,1.12,252,116,136,42588.0,18761.0,23827.0
2024-10-14,FY24-25,29,S07,P03,169.0,0.0,169.0,158.0,0,0,0,,1.0,254,123,131,42926.0,19166.75,23759.25
2024-10-21,FY24-25,30,S07,P03,169.0,0.0,169.0,159.0,0,0,0,,1.0,197,103,94,33293.0,15186.75,18106.25
2024-10-28,FY24-25,31,S07,P03,169.0,0.0,169.0,159.0,0,0,1,Diwali,1.12,266,147,119,44954.0,20840.75,24113.25
2024-11-04,FY24-25,32,S07,P03,169.0,0.0,169.0,159.0,0,0,0,,1.0,201,106,95,33969.0,15533.5,18435.5
2024-11-11,FY24-25,33,S07,P03,169.0,0.0,169.0,159.0,0,0,0,,1.0,203,91,112,34307.0,15009.75,19297.25
2024-11-18,FY24-25,34,S07,P03,169.0,0.0,169.0,159.0,0,0,0,,1.0,220,115,105,37180.0,16958.75,20221.25
2024-11-25,FY24-25,35,S07,P03,169.0,0.0,169.0,159.0,0,0,0,,1.0,170,87,83,28730.0,13025.75,15704.25
2024-12-02,FY24-25,36,S07,P03,169.0,0.0,169.0,159.0,0,0,0,,1.0,173,100,73,29237.0,13740.0,15497.0
2024-12-09,FY24-25,37,S07,P03,169.0,0.2,135.2,160.0,0,1,0,,1.0,339,172,167,45832.8,24458.6,21374.2
2024-12-16,FY24-25,38,S07,P03,169.0,0.15,143.65,160.0,0,1,1,Year End,1.0,297,150,147,42664.05,21721.88,20942.17
2024-12-23,FY24-25,39,S07,P03,169.0,0.0,169.0,160.0,0,0,1,Year End,1.0,216,102,114,36504.0,16189.5,20314.5
2024-12-30,FY24-25,40,S07,P03,169.0,0.0,169.0,160.0,0,0,1,Year End,1.0,236,116,120,39884.0,17881.0,22003.0
2025-01-06,FY24-25,41,S07,P03,169.0,0.0,169.0,160.0,0,0,0,,1.0,209,109,100,35321.0,16100.25,19220.75
2025-01-13,FY24-25,42,S07,P03,169.0,0.0,169.0,160.0,0,0,0,,1.0,229,115,114,38701.0,17453.75,21247.25
2025-01-20,FY24-25,43,S07,P03,169.0,0.0,169.0,161.0,0,0,0,,1.0,200,107,93,33800.0,15520.75,18279.25
2025-01-27,FY24-25,44,S07,P03,169.0,0.0,169.0,161.0,0,0,0,,1.0,201,89,112,33969.0,14815.25,19153.75
2025-02-03,FY24-25,45,S07,P03,169.0,0.0,169.0,161.0,0,0,0,,1.0,203,111,92,34307.0,15854.75,18452.25
2025-02-10,FY24-25,46,S07,P03,169.0,0.0,169.0,161.0,0,0,0,,1.0,201,93,108,33969.0,14984.25,18984.75
2025-02-17,FY24-25,47,S07,P03,169.0,0.0,169.0,161.0,0,0,0,,1.0,230,127,103,38870.0,18015.75,20854.25
2025-02-24,FY24-25,48,S07,P03,169.0,0.0,169.0,161.0,0,0,0,,1.0,209,104,105,35321.0,15889.0,19432.0
2025-03-03,FY24-25,49,S07,P03,169.0,0.0,169.0,161.0,0,0,0,,1.0,231,114,117,39039.0,17521.5,21517.5
2025-03-10,FY24-25,50,S07,P03,169.0,0.0,169.0,162.0,0,0,0,,1.0,188,83,105,31772.0,13846.75,17925.25
2025-03-17,FY24-25,51,S07,P03,169.0,0.0,169.0,162.0,0,0,0,,1.0,217,120,97,36673.0,17005.0,19668.0
2025-03-24,FY24-25,52,S07,P03,169.0,0.0,169.0,162.0,0,0,0,,1.0,226,117,109,38194.0,17373.25,20820.75
2025-03-31,FY24-25,53,S07,P03,179.0,0.0,179.0,162.0,0,0,0,,1.0,210,88,122,37590.0,15488.0,22102.0
2025-04-07,FY25-26,54,S07,P03,179.0,0.0,179.0,162.0,0,0,0,,1.0,196,99,97,35084.0,15210.25,19873.75
2025-04-14,FY25-26,55,S07,P03,199.0,0.0,199.0,162.0,1,0,0,,1.0,196,100,96,39004.0,15755.0,23249.0
2025-04-21,FY25-26,56,S07,P03,199.0,0.0,199.0,163.0,1,0,0,,1.0,184,86,98,36616.0,14398.5,22217.5
2025-04-28,FY25-26,57,S07,P03,199.0,0.0,199.0,163.0,1,0,0,,1.0,178,95,83,35422.0,14516.25,20905.75
2025-05-05,FY25-26,58,S07,P03,199.0,0.0,199.0,163.0,1,0,0,,1.0,182,100,82,36218.0,14985.0,21233.0
2025-05-12,FY25-26,59,S07,P03,179.0,0.0,179.0,163.0,0,0,0,,1.0,181,96,85,32399.0,14251.0,18148.0
2025-05-19,FY25-26,60,S07,P03,179.0,0.0,179.0,163.0,0,0,0,,1.0,201,105,96,35979.0,15753.75,20225.25
2025-05-26,FY25-26,61,S07,P03,179.0,0.0,179.0,163.0,0,0,0,,1.0,209,101,108,37411.0,16014.75,21396.25
2025-06-02,FY25-26,62,S07,P03,179.0,0.0,179.0,163.0,0,0,0,,0.96,194,117,77,34726.0,15905.75,18820.25
2025-06-09,FY25-26,63,S07,P03,179.0,0.0,179.0,164.0,0,0,0,,0.96,185,98,87,33115.0,14560.5,18554.5
2025-06-16,FY25-26,64,S07,P03,179.0,0.0,179.0,139.0,0,0,0,,0.96,189,113,76,33831.0,15451.75,18379.25
2025-06-23,FY25-26,65,S07,P03,179.0,0.0,179.0,164.0,0,0,0,,0.96,177,99,78,31683.0,14165.25,17517.75
2025-06-30,FY25-26,66,S07,P03,179.0,0.0,179.0,164.0,0,0,0,,0.96,190,121,69,34010.0,15864.75,18145.25
2025-07-07,FY25-26,67,S07,P03,179.0,0.0,179.0,164.0,0,0,0,,0.96,216,129,87,38664.0,17652.75,21011.25
2025-07-14,FY25-26,68,S07,P03,179.0,0.0,179.0,164.0,0,0,0,,0.96,179,102,77,32041.0,14409.5,17631.5
2025-07-21,FY25-26,69,S07,P03,159.0,0.0,159.0,165.0,1,0,0,,0.96,201,132,69,31959.0,16302.0,15657.0
2025-07-28,FY25-26,70,S07,P03,159.0,0.0,159.0,165.0,1,0,0,,0.96,252,149,103,40068.0,19782.75,20285.25
2025-08-04,FY25-26,71,S07,P03,159.0,0.0,159.0,165.0,1,0,0,,0.96,253,155,98,40227.0,20076.25,20150.75
2025-08-11,FY25-26,72,S07,P03,159.0,0.0,159.0,165.0,1,0,0,,0.96,210,120,90,33390.0,16320.0,17070.0
2025-08-18,FY25-26,73,S07,P03,179.0,0.0,179.0,165.0,0,0,0,,0.96,188,121,67,33652.0,15754.75,17897.25
2025-08-25,FY25-26,74,S07,P03,179.0,0.0,179.0,165.0,0,0,1,Ganesh Chaturthi,1.075,205,113,92,36695.0,16331.75,20363.25
2025-09-01,FY25-26,75,S07,P03,179.0,0.15,152.15,165.0,0,1,1,Ganesh Chaturthi,1.075,276,173,103,41993.4,21760.49,20232.91
2025-09-08,FY25-26,76,S07,P03,179.0,0.0,179.0,166.0,0,0,0,,0.96,207,118,89,37053.0,16665.5,20387.5
2025-09-15,FY25-26,77,S07,P03,179.0,0.0,179.0,166.0,0,0,0,,0.96,186,113,73,33294.0,15286.75,18007.25
2025-09-22,FY25-26,78,S07,P03,179.0,0.0,179.0,166.0,0,0,1,Navratri,1.075,210,129,81,37590.0,17322.75,20267.25
2025-09-29,FY25-26,79,S07,P03,179.0,0.0,179.0,166.0,0,0,1,Navratri,1.12,225,107,118,40275.0,17163.25,23111.75
2025-10-06,FY25-26,80,S07,P03,179.0,0.15,152.15,141.0,0,1,0,,1.0,241,105,136,36668.15,17248.94,19419.21
2025-10-13,FY25-26,81,S07,P03,179.0,0.0,179.0,166.0,0,0,1,Diwali,1.12,234,127,107,41886.0,18553.25,23332.75
2025-10-20,FY25-26,82,S07,P03,179.0,0.0,179.0,167.0,0,0,1,Diwali,1.12,232,112,120,41528.0,17772.0,23756.0
2025-10-27,FY25-26,83,S07,P03,179.0,0.0,179.0,167.0,0,0,0,,1.0,194,99,95,34726.0,15100.25,19625.75
2025-11-03,FY25-26,84,S07,P03,179.0,0.0,179.0,167.0,0,0,0,,1.0,200,94,106,35800.0,15206.5,20593.5
2025-11-10,FY25-26,85,S07,P03,179.0,0.0,179.0,167.0,0,0,0,,1.0,207,102,105,37053.0,15949.5,21103.5
2025-11-17,FY25-26,86,S07,P03,179.0,0.0,179.0,142.0,0,0,0,,1.0,174,93,81,31146.0,13731.75,17414.25
2025-11-24,FY25-26,87,S07,P03,179.0,0.0,179.0,167.0,0,0,0,,1.0,241,120,121,43139.0,18625.0,24514.0
2025-12-01,FY25-26,88,S07,P03,179.0,0.2,143.2,167.0,0,1,0,,1.0,278,138,140,39809.6,20230.4,19579.2
2025-12-08,FY25-26,89,S07,P03,179.0,0.0,179.0,168.0,0,0,0,,1.0,215,109,106,38485.0,16702.75,21782.25
2025-12-15,FY25-26,90,S07,P03,179.0,0.0,179.0,168.0,0,0,0,,1.0,212,107,105,37948.0,16448.25,21499.75
2025-12-22,FY25-26,91,S07,P03,179.0,0.0,179.0,168.0,0,0,1,Year End,1.0,202,98,104,36158.0,15495.5,20662.5
2025-12-29,FY25-26,92,S07,P03,179.0,0.0,179.0,168.0,0,0,1,Year End,1.0,200,84,116,35800.0,14759.0,21041.0
2026-01-05,FY25-26,93,S07,P03,179.0,0.0,179.0,168.0,0,0,0,,1.0,209,108,101,37411.0,16328.0,21083.0
2026-01-12,FY25-26,94,S07,P03,179.0,0.1,161.1,168.0,0,1,0,,1.0,246,124,122,39630.6,18524.1,21106.5
2026-01-19,FY25-26,95,S07,P03,179.0,0.0,179.0,169.0,0,0,0,,1.0,222,111,111,39738.0,17177.25,22560.75
2026-01-26,FY25-26,96,S07,P03,179.0,0.0,179.0,143.0,0,0,0,,1.0,201,102,99,35979.0,15619.5,20359.5
2026-02-02,FY25-26,97,S07,P03,179.0,0.0,179.0,169.0,0,0,0,,1.0,208,105,103,37232.0,16138.75,21093.25
2026-02-09,FY25-26,98,S07,P03,179.0,0.0,179.0,169.0,0,0,0,,1.0,215,109,106,38485.0,16702.75,21782.25
2026-02-16,FY25-26,99,S07,P03,179.0,0.0,179.0,169.0,0,0,0,,1.0,199,89,110,35621.0,14927.75,20693.25
2026-02-23,FY25-26,100,S07,P03,179.0,0.0,179.0,169.0,0,0,0,,1.0,230,99,131,41170.0,17080.25,24089.75
2026-03-02,FY25-26,101,S07,P03,179.0,0.0,179.0,170.0,0,0,0,,1.0,192,104,88,34368.0,15214.0,19154.0
2026-03-09,FY25-26,102,S07,P03,179.0,0.0,179.0,170.0,0,0,0,,1.0,238,114,124,42602.0,18191.5,24410.5
2026-03-16,FY25-26,103,S07,P03,179.0,0.0,179.0,170.0,0,0,0,,1.0,173,90,83,30967.0,13542.5,17424.5
2026-03-23,FY25-26,104,S07,P03,179.0,0.0,179.0,170.0,0,0,0,,1.0,171,88,83,30609.0,13343.0,17266.0
2024-04-01,FY24-25,1,S07,P04,249.0,0.0,249.0,223.0,0,0,0,,1.0,257,129,128,63993.0,32445.25,31547.75
2024-04-08,FY24-25,2,S07,P04,249.0,0.0,249.0,224.0,0,0,0,,1.0,226,114,112,56274.0,28566.5,27707.5
2024-04-15,FY24-25,3,S07,P04,249.0,0.0,249.0,224.0,0,0,0,,1.0,231,111,120,57519.0,28854.75,28664.25
2024-04-22,FY24-25,4,S07,P04,249.0,0.0,249.0,224.0,0,0,0,,1.0,205,106,99,51045.0,26073.5,24971.5
2024-04-29,FY24-25,5,S07,P04,249.0,0.0,249.0,224.0,0,0,0,,1.0,263,139,124,65487.0,33637.75,31849.25
2024-05-06,FY24-25,6,S07,P04,249.0,0.0,249.0,224.0,0,0,0,,1.0,266,137,129,66234.0,33798.25,32435.75
2024-05-13,FY24-25,7,S07,P04,249.0,0.0,249.0,225.0,0,0,0,,1.0,274,139,135,68226.0,34682.75,33543.25
2024-05-20,FY24-25,8,S07,P04,249.0,0.1,224.1,225.0,0,1,0,,1.0,274,135,139,61403.4,33593.38,27810.02
2024-05-27,FY24-25,9,S07,P04,249.0,0.2,199.2,225.0,0,1,0,,1.0,281,136,145,55975.2,33467.8,22507.4
2024-06-03,FY24-25,10,S07,P04,249.0,0.0,249.0,225.0,0,0,0,,0.96,231,133,98,57519.0,30224.25,27294.75
2024-06-10,FY24-25,11,S07,P04,249.0,0.0,249.0,225.0,0,0,0,,0.96,230,146,84,57270.0,30938.5,26331.5
2024-06-17,FY24-25,12,S07,P04,249.0,0.0,249.0,226.0,0,0,0,,0.96,241,152,89,60009.0,32357.0,27652.0
2024-06-24,FY24-25,13,S07,P04,249.0,0.0,249.0,226.0,0,0,0,,0.96,211,120,91,52539.0,27515.0,25024.0
2024-07-01,FY24-25,14,S07,P04,249.0,0.0,249.0,192.0,0,0,0,,0.96,221,135,86,55029.0,29398.75,25630.25
2024-07-08,FY24-25,15,S07,P04,249.0,0.0,249.0,226.0,0,0,0,,0.96,264,159,105,65736.0,34977.75,30758.25
2024-07-15,FY24-25,16,S07,P04,249.0,0.0,249.0,193.0,0,0,0,,0.96,220,124,96,54780.0,28619.0,26161.0
2024-07-22,FY24-25,17,S07,P04,249.0,0.0,249.0,227.0,0,0,0,,0.96,211,114,97,52539.0,27141.5,25397.5
2024-07-29,FY24-25,18,S07,P04,249.0,0.0,249.0,227.0,0,0,0,,0.96,234,138,96,58266.0,30820.5,27445.5
2024-08-05,FY24-25,19,S07,P04,249.0,0.0,249.0,227.0,0,0,0,,0.96,238,140,98,59262.0,31325.0,27937.0
2024-08-12,FY24-25,20,S07,P04,249.0,0.0,249.0,227.0,0,0,0,,0.96,248,136,112,61752.0,32026.0,29726.0
2024-08-19,FY24-25,21,S07,P04,249.0,0.0,249.0,228.0,0,0,0,,0.96,226,129,97,56274.0,29500.25,26773.75
2024-08-26,FY24-25,22,S07,P04,249.0,0.0,249.0,228.0,0,0,0,,0.96,235,148,87,58515.0,31538.0,26977.0
2024-09-02,FY24-25,23,S07,P04,249.0,0.0,249.0,228.0,0,0,1,Ganesh Chaturthi,1.075,261,159,102,64989.0,34692.75,30296.25
2024-09-09,FY24-25,24,S07,P04,249.0,0.0,249.0,228.0,0,0,1,Ganesh Chaturthi,1.075,284,189,95,70716.0,38745.25,31970.75
2024-09-16,FY24-25,25,S07,P04,249.0,0.0,249.0,228.0,0,0,1,Ganesh Chaturthi,1.075,220,138,82,54780.0,29490.5,25289.5
2024-09-23,FY24-25,26,S07,P04,249.0,0.0,249.0,229.0,0,0,0,,0.96,215,118,97,53535.0,27770.5,25764.5
2024-09-30,FY24-25,27,S07,P04,249.0,0.0,249.0,229.0,0,0,1,Navratri,1.12,309,171,138,76941.0,39999.75,36941.25
2024-10-07,FY24-25,28,S07,P04,249.0,0.0,249.0,195.0,0,0,1,Navratri,1.12,264,128,136,65736.0,33048.0,32688.0
2024-10-14,FY24-25,29,S07,P04,249.0,0.0,249.0,229.0,0,0,0,,1.0,242,125,117,60258.0,30771.25,29486.75
2024-10-21,FY24-25,30,S07,P04,249.0,0.0,249.0,229.0,0,0,0,,1.0,220,108,112,54780.0,27623.0,27157.0
2024-10-28,FY24-25,31,S07,P04,249.0,0.0,249.0,230.0,0,0,1,Diwali,1.12,301,154,147,74949.0,38181.5,36767.5
2024-11-04,FY24-25,32,S07,P04,249.0,0.0,249.0,230.0,0,0,0,,1.0,240,121,119,59760.0,30332.25,29427.75
2024-11-11,FY24-25,33,S07,P04,249.0,0.0,249.0,230.0,0,0,0,,1.0,226,111,115,56274.0,28379.75,27894.25
2024-11-18,FY24-25,34,S07,P04,249.0,0.2,199.2,196.0,0,1,0,,1.0,284,146,138,56572.8,34250.8,22322.0
2024-11-25,FY24-25,35,S07,P04,249.0,0.0,249.0,231.0,0,0,0,,1.0,222,109,113,55278.0,27875.25,27402.75
2024-12-02,FY24-25,36,S07,P04,249.0,0.15,211.65,231.0,0,1,0,,1.0,313,161,152,66246.45,38253.91,27992.54
2024-12-09,FY24-25,37,S07,P04,249.0,0.0,249.0,231.0,0,0,0,,1.0,234,123,111,58266.0,29886.75,28379.25
2024-12-16,FY24-25,38,S07,P04,249.0,0.0,249.0,231.0,0,0,1,Year End,1.0,255,129,126,63495.0,32255.25,31239.75
2024-12-23,FY24-25,39,S07,P04,249.0,0.0,249.0,231.0,0,0,1,Year End,1.0,244,119,125,60756.0,30587.75,30168.25
2024-12-30,FY24-25,40,S07,P04,249.0,0.0,249.0,232.0,0,0,1,Year End,1.0,241,123,118,60009.0,30551.75,29457.25
2025-01-06,FY24-25,41,S07,P04,249.0,0.0,249.0,232.0,0,0,0,,1.0,242,110,132,60258.0,29837.5,30420.5
2025-01-13,FY24-25,42,S07,P04,249.0,0.0,249.0,232.0,0,0,0,,1.0,235,105,130,58515.0,28861.25,29653.75
2025-01-20,FY24-25,43,S07,P04,249.0,0.0,249.0,197.0,0,0,0,,1.0,246,116,130,61254.0,30591.0,30663.0
2025-01-27,FY24-25,44,S07,P04,259.0,0.0,259.0,233.0,1,0,0,,1.0,242,123,119,62678.0,30954.25,31723.75
2025-02-03,FY24-25,45,S07,P04,259.0,0.0,259.0,233.0,1,0,0,,1.0,224,122,102,58016.0,29179.5,28836.5
2025-02-10,FY24-25,46,S07,P04,259.0,0.0,259.0,233.0,1,0,0,,1.0,240,132,108,62160.0,31347.0,30813.0
2025-02-17,FY24-25,47,S07,P04,259.0,0.0,259.0,233.0,1,0,0,,1.0,261,124,137,67599.0,32824.0,34775.0
2025-02-24,FY24-25,48,S07,P04,249.0,0.0,249.0,233.0,0,0,0,,1.0,270,124,146,67230.0,33369.0,33861.0
2025-03-03,FY24-25,49,S07,P04,249.0,0.0,249.0,234.0,0,0,0,,1.0,245,115,130,61005.0,30433.75,30571.25
2025-03-10,FY24-25,50,S07,P04,249.0,0.0,249.0,234.0,0,0,0,,1.0,236,125,111,58764.0,30201.25,28562.75
2025-03-17,FY24-25,51,S07,P04,249.0,0.0,249.0,234.0,0,0,0,,1.0,246,133,113,61254.0,31649.25,29604.75
2025-03-24,FY24-25,52,S07,P04,249.0,0.0,249.0,234.0,0,0,0,,1.0,292,143,149,72708.0,36641.75,36066.25
2025-03-31,FY24-25,53,S07,P04,259.0,0.0,259.0,235.0,0,0,0,,1.0,229,111,118,59311.0,28942.25,30368.75
2025-04-07,FY25-26,54,S07,P04,259.0,0.0,259.0,235.0,0,0,0,,1.0,253,132,121,65527.0,32582.0,32945.0
2025-04-14,FY25-26,55,S07,P04,259.0,0.15,220.15,235.0,0,1,0,,1.0,276,138,138,60761.4,33815.18,26946.22
2025-04-21,FY25-26,56,S07,P04,259.0,0.0,259.0,235.0,0,0,0,,1.0,235,115,120,60865.0,29771.25,31093.75
2025-04-28,FY25-26,57,S07,P04,259.0,0.15,220.15,235.0,0,1,0,,1.0,273,155,118,60100.95,34465.81,25635.14
2025-05-05,FY25-26,58,S07,P04,249.0,0.0,249.0,236.0,1,0,0,,1.0,282,140,142,70218.0,35505.0,34713.0
2025-05-12,FY25-26,59,S07,P04,249.0,0.0,249.0,236.0,1,0,0,,1.0,220,109,111,54780.0,27685.25,27094.75
2025-05-19,FY25-26,60,S07,P04,249.0,0.0,249.0,236.0,1,0,0,,1.0,281,153,128,69969.0,36219.25,33749.75
2025-05-26,FY25-26,61,S07,P04,249.0,0.0,249.0,236.0,1,0,0,,1.0,249,121,128,62001.0,31187.25,30813.75
2025-06-02,FY25-26,62,S07,P04,259.0,0.0,259.0,236.0,0,0,0,,0.96,222,133,89,57498.0,29701.75,27796.25
2025-06-09,FY25-26,63,S07,P04,259.0,0.0,259.0,237.0,0,0,0,,0.96,232,155,77,60088.0,32076.25,28011.75
2025-06-16,FY25-26,64,S07,P04,259.0,0.0,259.0,237.0,0,0,0,,0.96,252,165,87,65268.0,34623.75,30644.25
2025-06-23,FY25-26,65,S07,P04,259.0,0.0,259.0,237.0,0,0,0,,0.96,249,147,102,64491.0,33173.25,31317.75
2025-06-30,FY25-26,66,S07,P04,259.0,0.0,259.0,237.0,0,0,0,,0.96,204,132,72,52836.0,27927.0,24909.0
2025-07-07,FY25-26,67,S07,P04,259.0,0.0,259.0,202.0,0,0,0,,0.96,219,123,96,56721.0,28769.25,27951.75
2025-07-14,FY25-26,68,S07,P04,259.0,0.0,259.0,238.0,0,0,0,,0.96,247,140,107,63973.0,32530.0,31443.0
2025-07-21,FY25-26,69,S07,P04,259.0,0.0,259.0,238.0,0,0,0,,0.96,236,140,96,61124.0,31485.0,29639.0
2025-07-28,FY25-26,70,S07,P04,259.0,0.0,259.0,238.0,0,0,0,,0.96,243,147,96,62937.0,32603.25,30333.75
2025-08-04,FY25-26,71,S07,P04,259.0,0.0,259.0,238.0,0,0,0,,0.96,226,128,98,58534.0,29758.0,28776.0
2025-08-11,FY25-26,72,S07,P04,259.0,0.0,259.0,239.0,0,0,0,,0.96,238,151,87,61642.0,32387.25,29254.75
2025-08-18,FY25-26,73,S07,P04,259.0,0.0,259.0,239.0,0,0,0,,0.96,219,126,93,56721.0,28963.5,27757.5
2025-08-25,FY25-26,74,S07,P04,259.0,0.0,259.0,239.0,0,0,1,Ganesh Chaturthi,1.075,220,136,84,56980.0,29706.0,27274.0
2025-09-01,FY25-26,75,S07,P04,259.0,0.0,259.0,239.0,0,0,1,Ganesh Chaturthi,1.075,264,154,110,68376.0,35051.5,33324.5
2025-09-08,FY25-26,76,S07,P04,259.0,0.0,259.0,240.0,0,0,0,,0.96,199,126,73,51541.0,27063.5,24477.5
2025-09-15,FY25-26,77,S07,P04,259.0,0.0,259.0,240.0,0,0,0,,0.96,234,144,90,60606.0,31554.0,29052.0
2025-09-22,FY25-26,78,S07,P04,259.0,0.0,259.0,240.0,0,0,1,Navratri,1.075,280,182,98,72520.0,38384.5,34135.5
2025-09-29,FY25-26,79,S07,P04,259.0,0.0,259.0,240.0,0,0,1,Navratri,1.12,252,125,127,65268.0,32033.75,33234.25
2025-10-06,FY25-26,80,S07,P04,259.0,0.0,259.0,241.0,0,0,0,,1.0,216,104,112,55944.0,27254.0,28690.0
2025-10-13,FY25-26,81,S07,P04,259.0,0.0,259.0,241.0,0,0,1,Diwali,1.12,263,132,131,68117.0,33532.0,34585.0
2025-10-20,FY25-26,82,S07,P04,259.0,0.0,259.0,241.0,0,0,1,Diwali,1.12,247,137,110,63973.0,32335.75,31637.25
2025-10-27,FY25-26,83,S07,P04,259.0,0.0,259.0,241.0,0,0,0,,1.0,230,98,132,59570.0,28195.5,31374.5
2025-11-03,FY25-26,84,S07,P04,259.0,0.0,259.0,241.0,0,0,0,,1.0,230,116,114,59570.0,29361.0,30209.0
2025-11-10,FY25-26,85,S07,P04,259.0,0.0,259.0,242.0,0,0,0,,1.0,279,138,141,72261.0,35440.5,36820.5
2025-11-17,FY25-26,86,S07,P04,259.0,0.0,259.0,242.0,0,0,0,,1.0,231,135,96,59829.0,30686.25,29142.75
2025-11-24,FY25-26,87,S07,P04,259.0,0.0,259.0,242.0,0,0,0,,1.0,203,114,89,52577.0,26666.5,25910.5
2025-12-01,FY25-26,88,S07,P04,259.0,0.0,259.0,242.0,0,0,0,,1.0,222,100,122,57498.0,27565.0,29933.0
2025-12-08,FY25-26,89,S07,P04,259.0,0.0,259.0,243.0,0,0,0,,1.0,217,103,114,56203.0,27284.25,28918.75
2025-12-15,FY25-26,90,S07,P04,259.0,0.0,259.0,243.0,0,0,0,,1.0,232,110,122,60088.0,29162.5,30925.5
2025-12-22,FY25-26,91,S07,P04,259.0,0.1,233.1,243.0,0,1,1,Year End,1.0,300,141,159,69930.0,36716.78,33213.22
2025-12-29,FY25-26,92,S07,P04,259.0,0.0,259.0,243.0,0,0,1,Year End,1.0,222,120,102,57498.0,28860.0,28638.0
2026-01-05,FY25-26,93,S07,P04,259.0,0.0,259.0,243.0,0,0,0,,1.0,216,114,102,55944.0,27901.5,28042.5
2026-01-12,FY25-26,94,S07,P04,259.0,0.0,259.0,244.0,0,0,0,,1.0,225,121,104,58275.0,29209.75,29065.25
2026-01-19,FY25-26,95,S07,P04,259.0,0.0,259.0,244.0,0,0,0,,1.0,263,142,121,68117.0,34179.5,33937.5
2026-01-26,FY25-26,96,S07,P04,259.0,0.0,259.0,244.0,0,0,0,,1.0,232,117,115,60088.0,29615.75,30472.25
2026-02-02,FY25-26,97,S07,P04,259.0,0.0,259.0,244.0,0,0,0,,1.0,248,109,139,64232.0,30617.75,33614.25
2026-02-09,FY25-26,98,S07,P04,259.0,0.0,259.0,245.0,0,0,0,,1.0,218,116,102,56462.0,28221.0,28241.0
2026-02-16,FY25-26,99,S07,P04,259.0,0.0,259.0,245.0,0,0,0,,1.0,241,119,122,62419.0,30600.25,31818.75
2026-02-23,FY25-26,100,S07,P04,259.0,0.0,259.0,245.0,0,0,0,,1.0,270,140,130,69930.0,34715.0,35215.0
2026-03-02,FY25-26,101,S07,P04,259.0,0.0,259.0,245.0,0,0,0,,1.0,253,131,122,65527.0,32517.25,33009.75
2026-03-09,FY25-26,102,S07,P04,259.0,0.0,259.0,246.0,0,0,0,,1.0,236,118,118,61124.0,30060.5,31063.5
2026-03-16,FY25-26,103,S07,P04,259.0,0.0,259.0,246.0,0,0,0,,1.0,238,123,115,61642.0,30574.25,31067.75
2026-03-23,FY25-26,104,S07,P04,259.0,0.0,259.0,246.0,0,0,0,,1.0,270,139,131,69930.0,34650.25,35279.75
2024-04-01,FY24-25,1,S07,P05,89.0,0.0,89.0,73.0,0,0,0,,1.0,400,212,188,35600.0,15917.0,19683.0
2024-04-08,FY24-25,2,S07,P05,89.0,0.0,89.0,85.0,0,0,0,,1.0,421,210,211,37469.0,16460.5,21008.5
2024-04-15,FY24-25,3,S07,P05,89.0,0.0,89.0,86.0,0,0,0,,1.0,421,210,211,37469.0,16460.5,21008.5
2024-04-22,FY24-25,4,S07,P05,89.0,0.0,89.0,73.0,0,0,0,,1.0,374,183,191,33286.0,14543.75,18742.25
2024-04-29,FY24-25,5,S07,P05,89.0,0.0,89.0,86.0,0,0,0,,1.0,371,177,194,33019.0,14326.25,18692.75
2024-05-06,FY24-25,6,S07,P05,89.0,0.0,89.0,86.0,0,0,0,,1.0,414,186,228,36846.0,15730.5,21115.5
2024-05-13,FY24-25,7,S07,P05,89.0,0.0,89.0,86.0,0,0,0,,1.0,339,158,181,30171.0,13007.5,17163.5
2024-05-20,FY24-25,8,S07,P05,89.0,0.0,89.0,86.0,0,0,0,,1.0,441,209,232,39249.0,16998.25,22250.75
2024-05-27,FY24-25,9,S07,P05,89.0,0.0,89.0,73.0,0,0,0,,1.0,354,178,176,31506.0,13872.5,17633.5
2024-06-03,FY24-25,10,S07,P05,89.0,0.0,89.0,86.0,0,0,0,,1.056,453,269,184,40317.0,18669.25,21647.75
2024-06-10,FY24-25,11,S07,P05,89.0,0.0,89.0,86.0,0,0,0,,1.056,487,304,183,43343.0,20400.0,22943.0
2024-06-17,FY24-25,12,S07,P05,89.0,0.0,89.0,86.0,0,0,0,,1.056,479,294,185,42631.0,19953.5,22677.5
2024-06-24,FY24-25,13,S07,P05,89.0,0.0,89.0,86.0,0,0,0,,1.056,427,266,161,38003.0,17874.5,20128.5
2024-07-01,FY24-25,14,S07,P05,89.0,0.0,89.0,86.0,0,0,0,,1.056,502,296,206,44678.0,20642.0,24036.0
2024-07-08,FY24-25,15,S07,P05,89.0,0.0,89.0,86.0,0,0,0,,1.056,468,285,183,41652.0,19445.25,22206.75
2024-07-15,FY24-25,16,S07,P05,89.0,0.0,89.0,87.0,0,0,0,,1.056,437,276,161,38893.0,18377.0,20516.0
2024-07-22,FY24-25,17,S07,P05,89.0,0.2,71.2,87.0,0,1,0,,1.056,704,454,250,50124.8,27793.2,22331.6
2024-07-29,FY24-25,18,S07,P05,89.0,0.0,89.0,87.0,0,0,0,,1.056,440,273,167,39160.0,18394.25,20765.75
2024-08-05,FY24-25,19,S07,P05,89.0,0.2,71.2,74.0,0,1,0,,1.056,632,375,257,44998.4,24371.0,20627.4
2024-08-12,FY24-25,20,S07,P05,89.0,0.0,89.0,87.0,0,0,0,,1.056,431,258,173,38359.0,17808.5,20550.5
2024-08-19,FY24-25,21,S07,P05,79.0,0.0,79.0,87.0,1,0,0,,1.056,499,297,202,39421.0,19837.75,19583.25
2024-08-26,FY24-25,22,S07,P05,79.0,0.0,79.0,87.0,1,0,0,,1.056,524,330,194,41396.0,21189.5,20206.5
2024-09-02,FY24-25,23,S07,P05,79.0,0.0,79.0,87.0,1,0,1,Ganesh Chaturthi,1.183,664,395,269,52456.0,26393.25,26062.75
2024-09-09,FY24-25,24,S07,P05,79.0,0.0,79.0,87.0,1,0,1,Ganesh Chaturthi,1.183,607,362,245,47953.0,24145.5,23807.5
2024-09-16,FY24-25,25,S07,P05,89.0,0.0,89.0,87.0,0,0,1,Ganesh Chaturthi,1.183,482,297,185,42898.0,20104.25,22793.75
2024-09-23,FY24-25,26,S07,P05,89.0,0.0,89.0,87.0,0,0,0,,1.056,455,257,198,40495.0,18458.25,22036.75
2024-09-30,FY24-25,27,S07,P05,89.0,0.0,89.0,87.0,0,0,1,Navratri,1.12,517,266,251,46013.0,20394.5,25618.5
2024-10-07,FY24-25,28,S07,P05,89.0,0.0,89.0,88.0,0,0,1,Navratri,1.12,490,243,247,43610.0,19126.75,24483.25
2024-10-14,FY24-25,29,S07,P05,89.0,0.0,89.0,88.0,0,0,0,,1.0,412,211,201,36668.0,16230.75,20437.25
2024-10-21,FY24-25,30,S07,P05,89.0,0.0,89.0,88.0,0,0,0,,1.0,523,271,252,46547.0,20673.75,25873.25
2024-10-28,FY24-25,31,S07,P05,89.0,0.15,75.65,88.0,0,1,1,Diwali,1.12,588,282,306,44482.2,21797.32,22684.88
2024-11-04,FY24-25,32,S07,P05,89.0,0.0,89.0,88.0,0,0,0,,1.0,356,179,177,31684.0,13950.75,17733.25
2024-11-11,FY24-25,33,S07,P05,89.0,0.0,89.0,88.0,0,0,0,,1.0,418,209,209,37202.0,16354.25,20847.75
2024-11-18,FY24-25,34,S07,P05,89.0,0.2,71.2,88.0,0,1,0,,1.0,586,290,296,41723.2,21570.0,20153.2
2024-11-25,FY24-25,35,S07,P05,89.0,0.0,89.0,88.0,0,0,0,,1.0,441,226,215,39249.0,17376.5,21872.5
2024-12-02,FY24-25,36,S07,P05,89.0,0.0,89.0,88.0,0,0,0,,1.0,369,195,174,32841.0,14670.75,18170.25
2024-12-09,FY24-25,37,S07,P05,89.0,0.0,89.0,88.0,0,0,0,,1.0,449,232,217,39961.0,17734.0,22227.0
2024-12-16,FY24-25,38,S07,P05,89.0,0.0,89.0,88.0,0,0,1,Year End,1.0,417,193,224,37113.0,15970.25,21142.75
2024-12-23,FY24-25,39,S07,P05,89.0,0.0,89.0,88.0,0,0,1,Year End,1.0,409,204,205,36401.0,15991.0,20410.0
2024-12-30,FY24-25,40,S07,P05,89.0,0.0,89.0,89.0,0,0,1,Year End,1.0,380,192,188,33820.0,14912.0,18908.0
2025-01-06,FY24-25,41,S07,P05,79.0,0.0,79.0,89.0,1,0,0,,1.0,528,266,262,41712.0,20037.5,21674.5
2025-01-13,FY24-25,42,S07,P05,79.0,0.0,79.0,89.0,1,0,0,,1.0,474,235,239,37446.0,17913.25,19532.75
2025-01-20,FY24-25,43,S07,P05,79.0,0.0,79.0,89.0,1,0,0,,1.0,566,284,282,44714.0,21457.0,23257.0
2025-01-27,FY24-25,44,S07,P05,79.0,0.0,79.0,89.0,1,0,0,,1.0,524,250,274,41396.0,19609.5,21786.5
2025-02-03,FY24-25,45,S07,P05,89.0,0.2,71.2,89.0,0,1,0,,1.0,614,319,295,43716.8,22870.2,20846.6
2025-02-10,FY24-25,46,S07,P05,89.0,0.2,71.2,89.0,0,1,0,,1.0,589,283,306,41936.8,21529.4,20407.4
2025-02-17,FY24-25,47,S07,P05,89.0,0.15,75.65,89.0,0,1,0,,1.0,592,316,276,44784.8,22552.35,22232.45
2025-02-24,FY24-25,48,S07,P05,89.0,0.0,89.0,89.0,0,0,0,,1.0,477,232,245,42453.0,18518.0,23935.0
2025-03-03,FY24-25,49,S07,P05,89.0,0.0,89.0,89.0,0,0,0,,1.0,497,243,254,44233.0,19322.75,24910.25
2025-03-10,FY24-25,50,S07,P05,89.0,0.0,89.0,89.0,0,0,0,,1.0,416,215,201,37024.0,16431.75,20592.25
2025-03-17,FY24-25,51,S07,P05,89.0,0.0,89.0,89.0,0,0,0,,1.0,407,196,211,36223.0,15757.0,20466.0
2025-03-24,FY24-25,52,S07,P05,89.0,0.0,89.0,90.0,0,0,0,,1.0,404,197,207,35956.0,15695.25,20260.75
2025-03-31,FY24-25,53,S07,P05,99.0,0.0,99.0,90.0,0,0,0,,1.0,367,174,193,36333.0,14582.5,21750.5
2025-04-07,FY25-26,54,S07,P05,99.0,0.0,99.0,90.0,0,0,0,,1.0,403,209,194,39897.0,16456.75,23440.25
2025-04-14,FY25-26,55,S07,P05,99.0,0.0,99.0,90.0,0,0,0,,1.0,345,174,171,34155.0,13966.5,20188.5
2025-04-21,FY25-26,56,S07,P05,99.0,0.0,99.0,90.0,0,0,0,,1.0,363,184,179,35937.0,14718.0,21219.0
2025-04-28,FY25-26,57,S07,P05,99.0,0.0,99.0,90.0,0,0,0,,1.0,381,191,190,37719.0,15395.25,22323.75
2025-05-05,FY25-26,58,S07,P05,99.0,0.0,99.0,90.0,0,0,0,,1.0,336,166,170,33264.0,13516.5,19747.5
2025-05-12,FY25-26,59,S07,P05,99.0,0.0,99.0,90.0,0,0,0,,1.0,380,199,181,37620.0,15565.25,22054.75
2025-05-19,FY25-26,60,S07,P05,99.0,0.0,99.0,90.0,0,0,0,,1.0,362,188,174,35838.0,14789.0,21049.0
2025-05-26,FY25-26,61,S07,P05,99.0,0.0,99.0,90.0,0,0,0,,1.0,409,230,179,40491.0,17144.5,23346.5
2025-06-02,FY25-26,62,S07,P05,99.0,0.0,99.0,90.0,0,0,0,,1.056,418,245,173,41382.0,17767.75,23614.25
2025-06-09,FY25-26,63,S07,P05,99.0,0.0,99.0,90.0,0,0,0,,1.056,377,226,151,37323.0,16149.5,21173.5
2025-06-16,FY25-26,64,S07,P05,99.0,0.0,99.0,91.0,0,0,0,,1.056,387,242,145,38313.0,16825.5,21487.5
2025-06-23,FY25-26,65,S07,P05,99.0,0.0,99.0,91.0,0,0,0,,1.056,364,216,148,36036.0,15538.0,20498.0
2025-06-30,FY25-26,66,S07,P05,99.0,0.0,99.0,91.0,0,0,0,,1.056,327,197,130,32373.0,14031.75,18341.25
2025-07-07,FY25-26,67,S07,P05,99.0,0.1,89.1,91.0,0,1,0,,1.056,481,289,192,42857.1,19905.47,22951.63
2025-07-14,FY25-26,68,S07,P05,99.0,0.0,99.0,91.0,0,0,0,,1.056,390,244,146,38610.0,16959.0,21651.0
2025-07-21,FY25-26,69,S07,P05,99.0,0.0,99.0,91.0,0,0,0,,1.056,386,239,147,38214.0,16723.25,21490.75
2025-07-28,FY25-26,70,S07,P05,99.0,0.0,99.0,91.0,0,0,0,,1.056,349,220,129,34551.0,15217.0,19334.0
2025-08-04,FY25-26,71,S07,P05,99.0,0.0,99.0,91.0,0,0,0,,1.056,390,255,135,38610.0,17231.25,21378.75
2025-08-11,FY25-26,72,S07,P05,99.0,0.0,99.0,91.0,0,0,0,,1.056,378,225,153,37422.0,16152.75,21269.25
2025-08-18,FY25-26,73,S07,P05,99.0,0.0,99.0,91.0,0,0,0,,1.056,327,207,120,32373.0,14279.25,18093.75
2025-08-25,FY25-26,74,S07,P05,99.0,0.2,79.2,91.0,0,1,1,Ganesh Chaturthi,1.183,679,424,255,53776.8,27407.2,26369.6
2025-09-01,FY25-26,75,S07,P05,99.0,0.15,84.15,91.0,0,1,1,Ganesh Chaturthi,1.183,639,395,244,53771.85,26201.81,27570.04
2025-09-08,FY25-26,76,S07,P05,99.0,0.0,99.0,78.0,0,0,0,,1.056,366,233,133,36234.0,16014.75,20219.25
2025-09-15,FY25-26,77,S07,P05,99.0,0.0,99.0,92.0,0,0,0,,1.056,407,250,157,40293.0,17583.5,22709.5
2025-09-22,FY25-26,78,S07,P05,99.0,0.0,99.0,92.0,0,0,1,Navratri,1.183,447,262,185,44253.0,19000.5,25252.5
2025-09-29,FY25-26,79,S07,P05,99.0,0.0,99.0,92.0,0,0,1,Navratri,1.12,465,221,244,46035.0,18489.75,27545.25
2025-10-06,FY25-26,80,S07,P05,99.0,0.0,99.0,92.0,0,0,0,,1.0,344,180,164,34056.0,14087.0,19969.0
2025-10-13,FY25-26,81,S07,P05,99.0,0.0,99.0,92.0,0,0,1,Diwali,1.12,439,216,223,43461.0,17638.0,25823.0
2025-10-20,FY25-26,82,S07,P05,99.0,0.0,99.0,92.0,0,0,1,Diwali,1.12,441,214,227,43659.0,17644.5,26014.5
2025-10-27,FY25-26,83,S07,P05,99.0,0.2,79.2,92.0,0,1,0,,1.0,509,258,251,40312.8,19360.4,20952.4
2025-11-03,FY25-26,84,S07,P05,99.0,0.0,99.0,92.0,0,0,0,,1.0,368,196,172,36432.0,15155.0,21277.0
2025-11-10,FY25-26,85,S07,P05,99.0,0.0,99.0,92.0,0,0,0,,1.0,363,189,174,35937.0,14841.75,21095.25
2025-11-17,FY25-26,86,S07,P05,99.0,0.0,99.0,92.0,0,0,0,,1.0,376,176,200,37224.0,14884.0,22340.0
2025-11-24,FY25-26,87,S07,P05,99.0,0.0,99.0,93.0,0,0,0,,1.0,353,185,168,34947.0,14462.75,20484.25
2025-12-01,FY25-26,88,S07,P05,99.0,0.0,99.0,93.0,0,0,0,,1.0,380,187,193,37620.0,15268.25,22351.75
2025-12-08,FY25-26,89,S07,P05,99.0,0.0,99.0,93.0,0,0,0,,1.0,385,201,184,38115.0,15754.75,22360.25
2025-12-15,FY25-26,90,S07,P05,99.0,0.1,89.1,93.0,0,1,0,,1.0,442,225,217,39382.2,17387.88,21994.32
2025-12-22,FY25-26,91,S07,P05,99.0,0.0,99.0,93.0,0,0,1,Year End,1.0,443,237,206,43857.0,18269.75,25587.25
2025-12-29,FY25-26,92,S07,P05,99.0,0.0,99.0,93.0,0,0,1,Year End,1.0,390,199,191,38610.0,15845.25,22764.75
2026-01-05,FY25-26,93,S07,P05,99.0,0.0,99.0,93.0,0,0,0,,1.0,419,210,209,41481.0,16929.5,24551.5
2026-01-12,FY25-26,94,S07,P05,99.0,0.0,99.0,93.0,0,0,0,,1.0,388,203,185,38412.0,15888.25,22523.75
2026-01-19,FY25-26,95,S07,P05,99.0,0.0,99.0,93.0,0,0,0,,1.0,419,207,212,41481.0,16855.25,24625.75
2026-01-26,FY25-26,96,S07,P05,99.0,0.0,99.0,93.0,0,0,0,,1.0,399,191,208,39501.0,15899.25,23601.75
2026-02-02,FY25-26,97,S07,P05,99.0,0.0,99.0,93.0,0,0,0,,1.0,350,170,180,34650.0,14007.5,20642.5
2026-02-09,FY25-26,98,S07,P05,99.0,0.0,99.0,93.0,0,0,0,,1.0,383,195,188,37917.0,15550.25,22366.75
2026-02-16,FY25-26,99,S07,P05,99.0,0.0,99.0,94.0,0,0,0,,1.0,356,167,189,35244.0,14101.25,21142.75
2026-02-23,FY25-26,100,S07,P05,99.0,0.0,99.0,80.0,0,0,0,,1.0,337,148,189,33363.0,13099.0,20264.0
2026-03-02,FY25-26,101,S07,P05,99.0,0.0,99.0,94.0,0,0,0,,1.0,372,188,184,36828.0,15069.0,21759.0
2026-03-09,FY25-26,102,S07,P05,99.0,0.0,99.0,94.0,0,0,0,,1.0,355,183,172,35145.0,14469.25,20675.75
2026-03-16,FY25-26,103,S07,P05,99.0,0.0,99.0,94.0,0,0,0,,1.0,402,190,212,39798.0,15958.5,23839.5
2026-03-23,FY25-26,104,S07,P05,99.0,0.0,99.0,94.0,0,0,0,,1.0,363,179,184,35937.0,14594.25,21342.75
2024-04-01,FY24-25,1,S07,P06,119.0,0.0,119.0,112.0,0,0,0,,1.2,401,201,200,47719.0,20014.75,27704.25
2024-04-08,FY24-25,2,S07,P06,119.0,0.0,119.0,112.0,0,0,0,,1.2,359,181,178,42721.0,17949.75,24771.25
2024-04-15,FY24-25,3,S07,P06,119.0,0.0,119.0,112.0,0,0,0,,1.2,330,159,171,39270.0,16280.25,22989.75
2024-04-22,FY24-25,4,S07,P06,119.0,0.15,101.15,112.0,0,1,0,,1.2,410,204,206,41471.5,19508.65,21962.85
2024-04-29,FY24-25,5,S07,P06,119.0,0.0,119.0,112.0,0,0,0,,1.2,412,197,215,49028.0,20280.75,28747.25
2024-05-06,FY24-25,6,S07,P06,119.0,0.0,119.0,112.0,0,0,0,,1.2,370,177,193,44030.0,18215.75,25814.25
2024-05-13,FY24-25,7,S07,P06,119.0,0.0,119.0,112.0,0,0,0,,1.2,346,178,168,41174.0,17405.5,23768.5
2024-05-20,FY24-25,8,S07,P06,119.0,0.0,119.0,112.0,0,0,0,,1.2,322,182,140,38318.0,16684.5,21633.5
2024-05-27,FY24-25,9,S07,P06,119.0,0.0,119.0,113.0,0,0,0,,1.2,370,175,195,44030.0,18156.25,25873.75
2024-06-03,FY24-25,10,S07,P06,119.0,0.0,119.0,113.0,0,0,0,,0.96,271,171,100,32249.0,14572.25,17676.75
2024-06-10,FY24-25,11,S07,P06,119.0,0.0,119.0,113.0,0,0,0,,0.96,286,172,114,34034.0,15127.0,18907.0
2024-06-17,FY24-25,12,S07,P06,119.0,0.0,119.0,113.0,0,0,0,,0.96,279,147,132,33201.0,14138.25,19062.75
2024-06-24,FY24-25,13,S07,P06,119.0,0.0,119.0,113.0,0,0,0,,0.96,302,195,107,35938.0,16371.25,19566.75
2024-07-01,FY24-25,14,S07,P06,119.0,0.0,119.0,113.0,0,0,0,,0.96,329,184,145,39151.0,16989.0,22162.0
2024-07-08,FY24-25,15,S07,P06,119.0,0.0,119.0,113.0,0,0,0,,0.96,282,164,118,33558.0,14749.0,18809.0
2024-07-15,FY24-25,16,S07,P06,119.0,0.0,119.0,113.0,0,0,0,,0.96,286,187,99,34034.0,15573.25,18460.75
2024-07-22,FY24-25,17,S07,P06,119.0,0.0,119.0,113.0,0,0,0,,0.96,330,194,136,39270.0,17321.5,21948.5
2024-07-29,FY24-25,18,S07,P06,119.0,0.0,119.0,113.0,0,0,0,,0.96,275,158,117,32725.0,14325.5,18399.5
2024-08-05,FY24-25,19,S07,P06,119.0,0.0,119.0,114.0,0,0,0,,0.96,275,150,125,32725.0,14087.5,18637.5
2024-08-12,FY24-25,20,S07,P06,119.0,0.0,119.0,114.0,0,0,0,,0.96,305,184,121,36295.0,16149.0,20146.0
2024-08-19,FY24-25,21,S07,P06,119.0,0.0,119.0,114.0,0,0,0,,0.96,299,180,119,35581.0,15820.0,19761.0
2024-08-26,FY24-25,22,S07,P06,119.0,0.0,119.0,114.0,0,0,0,,0.96,299,192,107,35581.0,16177.0,19404.0
2024-09-02,FY24-25,23,S07,P06,119.0,0.0,119.0,97.0,0,0,1,Ganesh Chaturthi,1.075,304,185,119,36176.0,16143.75,20032.25
2024-09-09,FY24-25,24,S07,P06,119.0,0.0,119.0,97.0,0,0,1,Ganesh Chaturthi,1.075,297,172,125,35343.0,15512.0,19831.0
2024-09-16,FY24-25,25,S07,P06,119.0,0.0,119.0,114.0,0,0,1,Ganesh Chaturthi,1.075,331,192,139,39389.0,17297.0,22092.0
2024-09-23,FY24-25,26,S07,P06,119.0,0.0,119.0,114.0,0,0,0,,0.96,260,146,114,30940.0,13443.5,17496.5
2024-09-30,FY24-25,27,S07,P06,119.0,0.0,119.0,114.0,0,0,1,Navratri,1.12,344,169,175,40936.0,17067.75,23868.25
2024-10-07,FY24-25,28,S07,P06,129.0,0.0,129.0,115.0,1,0,1,Navratri,1.12,325,180,145,41925.0,17180.0,24745.0
2024-10-14,FY24-25,29,S07,P06,129.0,0.0,129.0,115.0,1,0,0,,1.0,291,143,148,37539.0,14796.75,22742.25
2024-10-21,FY24-25,30,S07,P06,129.0,0.0,129.0,115.0,1,0,0,,1.0,273,146,127,35217.0,14263.5,20953.5
2024-10-28,FY24-25,31,S07,P06,129.0,0.0,129.0,115.0,1,0,1,Diwali,1.12,319,163,156,41151.0,16421.75,24729.25
2024-11-04,FY24-25,32,S07,P06,119.0,0.1,107.1,98.0,0,1,0,,1.0,396,205,191,42411.6,19348.88,23062.72
2024-11-11,FY24-25,33,S07,P06,119.0,0.0,119.0,115.0,0,0,0,,1.0,295,124,171,35105.0,14014.0,21091.0
2024-11-18,FY24-25,34,S07,P06,119.0,0.0,119.0,115.0,0,0,0,,1.0,284,151,133,33796.0,14432.25,19363.75
2024-11-25,FY24-25,35,S07,P06,119.0,0.1,107.1,115.0,0,1,0,,1.0,406,200,206,43482.6,19565.0,23917.6
2024-12-02,FY24-25,36,S07,P06,119.0,0.0,119.0,115.0,0,0,0,,1.0,310,154,156,36890.0,15431.5,21458.5
2024-12-09,FY24-25,37,S07,P06,119.0,0.0,119.0,116.0,0,0,0,,1.0,327,161,166,38913.0,16234.75,22678.25
2024-12-16,FY24-25,38,S07,P06,119.0,0.0,119.0,98.0,0,0,1,Year End,1.0,320,166,154,38080.0,16138.5,21941.5
2024-12-23,FY24-25,39,S07,P06,129.0,0.0,129.0,116.0,1,0,1,Year End,1.0,263,156,107,33927.0,14236.0,19691.0
2024-12-30,FY24-25,40,S07,P06,129.0,0.0,129.0,116.0,1,0,1,Year End,1.0,274,144,130,35346.0,14234.0,21112.0
2025-01-06,FY24-25,41,S07,P06,129.0,0.0,129.0,116.0,1,0,0,,1.0,286,137,149,36894.0,14428.25,22465.75
2025-01-13,FY24-25,42,S07,P06,129.0,0.0,129.0,99.0,1,0,0,,1.0,252,132,120,32508.0,13077.0,19431.0
2025-01-20,FY24-25,43,S07,P06,119.0,0.0,119.0,116.0,0,0,0,,1.0,318,155,163,37842.0,15741.25,22100.75
2025-01-27,FY24-25,44,S07,P06,119.0,0.0,119.0,116.0,0,0,0,,1.0,312,164,148,37128.0,15799.0,21329.0
2025-02-03,FY24-25,45,S07,P06,119.0,0.0,119.0,116.0,0,0,0,,1.0,330,161,169,39270.0,16339.75,22930.25
2025-02-10,FY24-25,46,S07,P06,119.0,0.0,119.0,116.0,0,0,0,,1.0,307,140,167,36533.0,14910.0,21623.0
2025-02-17,FY24-25,47,S07,P06,119.0,0.0,119.0,117.0,0,0,0,,1.0,307,158,149,36533.0,15445.5,21087.5
2025-02-24,FY24-25,48,S07,P06,119.0,0.15,101.15,117.0,0,1,0,,1.0,448,240,208,45315.2,21749.0,23566.2
2025-03-03,FY24-25,49,S07,P06,119.0,0.0,119.0,117.0,0,0,0,,1.0,269,133,136,32011.0,13371.75,18639.25
2025-03-10,FY24-25,50,S07,P06,119.0,0.0,119.0,99.0,0,0,0,,1.0,311,165,146,37009.0,15793.75,21215.25
2025-03-17,FY24-25,51,S07,P06,119.0,0.0,119.0,117.0,0,0,0,,1.0,284,128,156,33796.0,13748.0,20048.0
2025-03-24,FY24-25,52,S07,P06,119.0,0.2,95.2,117.0,0,1,0,,1.0,466,244,222,44363.2,22117.2,22246.0
2025-03-31,FY24-25,53,S07,P06,129.0,0.15,109.65,117.0,0,1,0,,1.2,508,252,256,55702.2,24687.95,31014.25
2025-04-07,FY25-26,54,S07,P06,129.0,0.0,129.0,117.0,0,0,0,,1.2,340,176,164,43860.0,17576.0,26284.0
2025-04-14,FY25-26,55,S07,P06,129.0,0.0,129.0,117.0,0,0,0,,1.2,353,183,170,45537.0,18256.75,27280.25
2025-04-21,FY25-26,56,S07,P06,129.0,0.0,129.0,118.0,0,0,0,,1.2,322,178,144,41538.0,17010.5,24527.5
2025-04-28,FY25-26,57,S07,P06,129.0,0.0,129.0,118.0,0,0,0,,1.2,332,171,161,42828.0,17134.75,25693.25
2025-05-05,FY25-26,58,S07,P06,129.0,0.0,129.0,118.0,0,0,0,,1.2,325,156,169,41925.0,16406.0,25519.0
2025-05-12,FY25-26,59,S07,P06,129.0,0.1,116.1,118.0,0,1,0,,1.2,385,186,199,44698.5,18873.65,25824.85
2025-05-19,FY25-26,60,S07,P06,129.0,0.0,129.0,118.0,0,0,0,,1.2,344,163,181,44376.0,17296.75,27079.25
2025-05-26,FY25-26,61,S07,P06,129.0,0.0,129.0,118.0,0,0,0,,1.2,343,185,158,44247.0,17971.25,26275.75
2025-06-02,FY25-26,62,S07,P06,129.0,0.0,129.0,118.0,0,0,0,,0.96,272,158,114,35088.0,14615.5,20472.5
2025-06-09,FY25-26,63,S07,P06,129.0,0.0,129.0,118.0,0,0,0,,0.96,245,149,96,31605.0,13380.25,18224.75
2025-06-16,FY25-26,64,S07,P06,129.0,0.0,129.0,118.0,0,0,0,,0.96,264,159,105,34056.0,14367.75,19688.25
2025-06-23,FY25-26,65,S07,P06,129.0,0.0,129.0,119.0,0,0,0,,0.96,258,156,102,33282.0,14061.0,19221.0
2025-06-30,FY25-26,66,S07,P06,129.0,0.0,129.0,119.0,0,0,0,,0.96,280,160,120,36120.0,14960.0,21160.0
2025-07-07,FY25-26,67,S07,P06,129.0,0.0,129.0,119.0,0,0,0,,0.96,267,160,107,34443.0,14505.0,19938.0
2025-07-14,FY25-26,68,S07,P06,129.0,0.0,129.0,119.0,0,0,0,,0.96,287,184,103,37023.0,15979.0,21044.0
2025-07-21,FY25-26,69,S07,P06,129.0,0.0,129.0,119.0,0,0,0,,0.96,286,176,110,36894.0,15686.0,21208.0
2025-07-28,FY25-26,70,S07,P06,129.0,0.2,103.2,119.0,0,1,0,,0.96,435,255,180,44892.0,21804.0,23088.0
2025-08-04,FY25-26,71,S07,P06,129.0,0.1,116.1,119.0,0,1,0,,0.96,357,216,141,41447.7,18764.4,22683.3
2025-08-11,FY25-26,72,S07,P06,129.0,0.0,129.0,119.0,0,0,0,,0.96,268,155,113,34572.0,14378.75,20193.25
2025-08-18,FY25-26,73,S07,P06,129.0,0.1,116.1,119.0,0,1,0,,0.96,346,206,140,40170.6,18089.15,22081.45
2025-08-25,FY25-26,74,S07,P06,129.0,0.0,129.0,120.0,0,0,1,Ganesh Chaturthi,1.075,302,203,99,38958.0,17116.75,21841.25
2025-09-01,FY25-26,75,S07,P06,129.0,0.0,129.0,120.0,0,0,1,Ganesh Chaturthi,1.075,301,172,129,38829.0,16082.0,22747.0
2025-09-08,FY25-26,76,S07,P06,129.0,0.0,129.0,120.0,0,0,0,,0.96,245,155,90,31605.0,13573.75,18031.25
2025-09-15,FY25-26,77,S07,P06,129.0,0.0,129.0,120.0,0,0,0,,0.96,273,156,117,35217.0,14586.0,20631.0
2025-09-22,FY25-26,78,S07,P06,129.0,0.0,129.0,120.0,0,0,1,Navratri,1.075,349,220,129,45021.0,19310.0,25711.0
2025-09-29,FY25-26,79,S07,P06,129.0,0.0,129.0,120.0,0,0,1,Navratri,1.12,313,163,150,40377.0,16211.75,24165.25
2025-10-06,FY25-26,80,S07,P06,129.0,0.0,129.0,120.0,0,0,0,,1.0,244,131,113,31476.0,12764.75,18711.25
2025-10-13,FY25-26,81,S07,P06,129.0,0.0,129.0,120.0,0,0,1,Diwali,1.12,341,175,166,43989.0,17578.75,26410.25
2025-10-20,FY25-26,82,S07,P06,129.0,0.0,129.0,120.0,0,0,1,Diwali,1.12,328,167,161,42312.0,16865.75,25446.25
2025-10-27,FY25-26,83,S07,P06,129.0,0.0,129.0,121.0,0,0,0,,1.0,261,128,133,33669.0,13263.0,20406.0
2025-11-03,FY25-26,84,S07,P06,129.0,0.0,129.0,103.0,0,0,0,,1.0,300,152,148,38700.0,15402.0,23298.0
2025-11-10,FY25-26,85,S07,P06,129.0,0.0,129.0,121.0,0,0,0,,1.0,276,136,140,35604.0,14046.0,21558.0
2025-11-17,FY25-26,86,S07,P06,129.0,0.0,129.0,121.0,0,0,0,,1.0,301,144,157,38829.0,15179.0,23650.0
2025-11-24,FY25-26,87,S07,P06,129.0,0.0,129.0,121.0,0,0,0,,1.0,285,128,157,36765.0,14103.0,22662.0
2025-12-01,FY25-26,88,S07,P06,129.0,0.0,129.0,121.0,0,0,0,,1.0,343,166,177,44247.0,17358.5,26888.5
2025-12-08,FY25-26,89,S07,P06,129.0,0.0,129.0,121.0,0,0,0,,1.0,273,139,134,35217.0,14037.75,21179.25
2025-12-15,FY25-26,90,S07,P06,129.0,0.0,129.0,121.0,0,0,0,,1.0,261,118,143,33669.0,12940.5,20728.5
2025-12-22,FY25-26,91,S07,P06,129.0,0.15,109.65,122.0,0,1,1,Year End,1.0,413,210,203,45285.45,20211.62,25073.83
2025-12-29,FY25-26,92,S07,P06,129.0,0.2,103.2,122.0,0,1,1,Year End,1.0,460,235,225,47472.0,22163.0,25309.0
2026-01-05,FY25-26,93,S07,P06,129.0,0.0,129.0,122.0,0,0,0,,1.0,258,134,124,33282.0,13351.5,19930.5
2026-01-12,FY25-26,94,S07,P06,129.0,0.0,129.0,122.0,0,0,0,,1.0,328,141,187,42312.0,16027.25,26284.75
2026-01-19,FY25-26,95,S07,P06,129.0,0.0,129.0,122.0,0,0,0,,1.0,253,129,124,32637.0,13015.25,19621.75
2026-01-26,FY25-26,96,S07,P06,129.0,0.0,129.0,122.0,0,0,0,,1.0,311,169,142,40119.0,16335.25,23783.75
2026-02-02,FY25-26,97,S07,P06,129.0,0.0,129.0,122.0,0,0,0,,1.0,290,156,134,37410.0,15181.0,22229.0
2026-02-09,FY25-26,98,S07,P06,129.0,0.0,129.0,104.0,0,0,0,,1.0,245,121,124,31605.0,12477.25,19127.75
2026-02-16,FY25-26,99,S07,P06,129.0,0.0,129.0,122.0,0,0,0,,1.0,294,143,151,37926.0,14901.75,23024.25
2026-02-23,FY25-26,100,S07,P06,129.0,0.0,129.0,123.0,0,0,0,,1.0,276,135,141,35604.0,14013.75,21590.25
2026-03-02,FY25-26,101,S07,P06,129.0,0.0,129.0,104.0,0,0,0,,1.0,291,145,146,37539.0,14861.25,22677.75
2026-03-09,FY25-26,102,S07,P06,129.0,0.0,129.0,123.0,0,0,0,,1.0,289,147,142,37281.0,14855.75,22425.25
2026-03-16,FY25-26,103,S07,P06,129.0,0.0,129.0,123.0,0,0,0,,1.0,299,156,143,38571.0,15496.0,23075.0
2026-03-23,FY25-26,104,S07,P06,129.0,0.0,129.0,123.0,0,0,0,,1.0,311,150,161,40119.0,15722.5,24396.5
2024-04-01,FY24-25,1,S08,P01,189.0,0.0,189.0,163.0,0,0,0,,1.0,299,153,146,56511.0,28159.25,28351.75
2024-04-08,FY24-25,2,S08,P01,189.0,0.0,189.0,163.0,0,0,0,,1.0,259,131,128,48951.0,24319.75,24631.25
2024-04-15,FY24-25,3,S08,P01,189.0,0.0,189.0,163.0,0,0,0,,1.0,265,133,132,50085.0,24834.25,25250.75
2024-04-22,FY24-25,4,S08,P01,189.0,0.0,189.0,163.0,0,0,0,,1.0,280,141,139,52920.0,26262.25,26657.75
2024-04-29,FY24-25,5,S08,P01,189.0,0.0,189.0,163.0,0,0,0,,1.0,274,126,148,51786.0,25133.5,26652.5
2024-05-06,FY24-25,6,S08,P01,189.0,0.0,189.0,163.0,0,0,0,,1.0,259,123,136,48951.0,23941.75,25009.25
2024-05-13,FY24-25,7,S08,P01,189.0,0.0,189.0,163.0,0,0,0,,1.0,252,136,116,47628.0,24066.0,23562.0
2024-05-20,FY24-25,8,S08,P01,189.0,0.0,189.0,139.0,0,0,0,,1.0,244,117,127,46116.0,22608.25,23507.75
2024-05-27,FY24-25,9,S08,P01,189.0,0.0,189.0,164.0,0,0,0,,1.0,274,127,147,51786.0,25180.75,26605.25
2024-06-03,FY24-25,10,S08,P01,189.0,0.0,189.0,139.0,0,0,0,,0.96,236,145,91,44604.0,23371.25,21232.75
2024-06-10,FY24-25,11,S08,P01,189.0,0.0,189.0,164.0,0,0,0,,0.96,273,167,106,51597.0,27000.75,24596.25
2024-06-17,FY24-25,12,S08,P01,189.0,0.0,189.0,164.0,0,0,0,,0.96,295,175,120,55755.0,28918.75,26836.25
2024-06-24,FY24-25,13,S08,P01,189.0,0.0,189.0,164.0,0,0,0,,0.96,254,154,100,48006.0,25056.5,22949.5
2024-07-01,FY24-25,14,S08,P01,189.0,0.0,189.0,165.0,0,0,0,,0.96,304,175,129,57456.0,29548.75,27907.25
2024-07-08,FY24-25,15,S08,P01,189.0,0.0,189.0,165.0,0,0,0,,0.96,279,157,122,52731.0,26948.25,25782.75
2024-07-15,FY24-25,16,S08,P01,189.0,0.0,189.0,165.0,0,0,0,,0.96,226,131,95,42714.0,22009.75,20704.25
2024-07-22,FY24-25,17,S08,P01,189.0,0.0,189.0,165.0,0,0,0,,0.96,299,181,118,56511.0,29482.25,27028.75
2024-07-29,FY24-25,18,S08,P01,179.0,0.0,179.0,165.0,1,0,0,,0.96,348,207,141,62292.0,33623.25,28668.75
2024-08-05,FY24-25,19,S08,P01,179.0,0.0,179.0,165.0,1,0,0,,0.96,312,187,125,55848.0,30208.25,25639.75
2024-08-12,FY24-25,20,S08,P01,179.0,0.0,179.0,165.0,1,0,0,,0.96,268,163,105,47972.0,26054.25,21917.75
2024-08-19,FY24-25,21,S08,P01,179.0,0.0,179.0,166.0,1,0,0,,0.96,293,173,120,52447.0,28251.75,24195.25
2024-08-26,FY24-25,22,S08,P01,189.0,0.0,189.0,166.0,0,0,0,,0.96,271,158,113,51219.0,26435.5,24783.5
2024-09-02,FY24-25,23,S08,P01,189.0,0.0,189.0,166.0,0,0,1,Ganesh Chaturthi,1.075,320,186,134,60480.0,31188.5,29291.5
2024-09-09,FY24-25,24,S08,P01,189.0,0.0,189.0,166.0,0,0,1,Ganesh Chaturthi,1.075,290,160,130,54810.0,27860.0,26950.0
2024-09-16,FY24-25,25,S08,P01,189.0,0.0,189.0,166.0,0,0,1,Ganesh Chaturthi,1.075,279,168,111,52731.0,27468.0,25263.0
2024-09-23,FY24-25,26,S08,P01,189.0,0.0,189.0,166.0,0,0,0,,0.96,248,155,93,46872.0,24683.75,22188.25
2024-09-30,FY24-25,27,S08,P01,189.0,0.0,189.0,167.0,0,0,1,Navratri,1.12,325,159,166,61425.0,30262.75,31162.25
2024-10-07,FY24-25,28,S08,P01,189.0,0.1,170.1,167.0,0,1,1,Navratri,1.12,405,200,205,68890.5,36855.0,32035.5
2024-10-14,FY24-25,29,S08,P01,189.0,0.0,189.0,167.0,0,0,0,,1.0,259,134,125,48951.0,24461.5,24489.5
2024-10-21,FY24-25,30,S08,P01,189.0,0.0,189.0,142.0,0,0,0,,1.0,323,166,157,61047.0,30453.5,30593.5
2024-10-28,FY24-25,31,S08,P01,189.0,0.0,189.0,167.0,0,0,1,Diwali,1.12,298,153,145,56322.0,28089.25,28232.75
2024-11-04,FY24-25,32,S08,P01,189.0,0.0,189.0,142.0,0,0,0,,1.0,244,125,119,46116.0,22986.25,23129.75
2024-11-11,FY24-25,33,S08,P01,189.0,0.0,189.0,167.0,0,0,0,,1.0,270,130,140,51030.0,25042.5,25987.5
2024-11-18,FY24-25,34,S08,P01,189.0,0.0,189.0,168.0,0,0,0,,1.0,270,132,138,51030.0,25137.0,25893.0
2024-11-25,FY24-25,35,S08,P01,189.0,0.0,189.0,168.0,0,0,0,,1.0,335,171,164,63315.0,31529.75,31785.25
2024-12-02,FY24-25,36,S08,P01,189.0,0.2,151.2,168.0,0,1,0,,1.0,411,199,212,62143.2,36292.2,25851.0
2024-12-09,FY24-25,37,S08,P01,189.0,0.0,189.0,168.0,0,0,0,,1.0,273,131,142,51597.0,25299.75,26297.25
2024-12-16,FY24-25,38,S08,P01,209.0,0.0,209.0,168.0,1,0,1,Year End,1.0,205,103,102,42845.0,19731.75,23113.25
2024-12-23,FY24-25,39,S08,P01,209.0,0.0,209.0,168.0,1,0,1,Year End,1.0,242,106,136,50578.0,22478.5,28099.5
2024-12-30,FY24-25,40,S08,P01,209.0,0.0,209.0,169.0,1,0,1,Year End,1.0,242,123,119,50578.0,23366.75,27211.25
2025-01-06,FY24-25,41,S08,P01,209.0,0.0,209.0,169.0,1,0,0,,1.0,233,116,117,48697.0,22371.0,26326.0
2025-01-13,FY24-25,42,S08,P01,189.0,0.1,170.1,169.0,0,1,0,,1.0,364,183,181,61916.4,33262.07,28654.33
2025-01-20,FY24-25,43,S08,P01,189.0,0.0,189.0,169.0,0,0,0,,1.0,293,162,131,55377.0,28164.5,27212.5
2025-01-27,FY24-25,44,S08,P01,189.0,0.0,189.0,169.0,0,0,0,,1.0,288,137,151,54432.0,26633.25,27798.75
2025-02-03,FY24-25,45,S08,P01,189.0,0.0,189.0,169.0,0,0,0,,1.0,315,150,165,59535.0,29137.5,30397.5
2025-02-10,FY24-25,46,S08,P01,189.0,0.0,189.0,170.0,0,0,0,,1.0,295,135,160,55755.0,27028.75,28726.25
2025-02-17,FY24-25,47,S08,P01,189.0,0.1,170.1,170.0,0,1,0,,1.0,343,160,183,58344.3,30814.0,27530.3
2025-02-24,FY24-25,48,S08,P01,189.0,0.0,189.0,170.0,0,0,0,,1.0,294,139,155,55566.0,27147.75,28418.25
2025-03-03,FY24-25,49,S08,P01,189.0,0.0,189.0,170.0,0,0,0,,1.0,284,145,139,53676.0,26731.25,26944.75
2025-03-10,FY24-25,50,S08,P01,189.0,0.1,170.1,145.0,0,1,0,,1.0,356,186,170,60555.6,32829.65,27725.95
2025-03-17,FY24-25,51,S08,P01,189.0,0.0,189.0,170.0,0,0,0,,1.0,305,153,152,57645.0,28579.25,29065.75
2025-03-24,FY24-25,52,S08,P01,189.0,0.0,189.0,170.0,0,0,0,,1.0,288,143,145,54432.0,26916.75,27515.25
2025-03-31,FY24-25,53,S08,P01,199.0,0.1,179.1,171.0,0,1,0,,1.0,334,169,165,59819.4,30946.98,28872.42
2025-04-07,FY25-26,54,S08,P01,199.0,0.0,199.0,171.0,0,0,0,,1.0,295,152,143,58705.0,28212.0,30493.0
2025-04-14,FY25-26,55,S08,P01,199.0,0.0,199.0,171.0,0,0,0,,1.0,262,120,142,52138.0,24310.0,27828.0
2025-04-21,FY25-26,56,S08,P01,199.0,0.0,199.0,171.0,0,0,0,,1.0,286,135,151,56914.0,26736.25,30177.75
2025-04-28,FY25-26,57,S08,P01,199.0,0.0,199.0,171.0,0,0,0,,1.0,280,137,143,55720.0,26415.75,29304.25
2025-05-05,FY25-26,58,S08,P01,199.0,0.0,199.0,171.0,0,0,0,,1.0,284,164,120,56516.0,28039.0,28477.0
2025-05-12,FY25-26,59,S08,P01,199.0,0.0,199.0,172.0,0,0,0,,1.0,314,150,164,62486.0,29442.5,33043.5
2025-05-19,FY25-26,60,S08,P01,199.0,0.0,199.0,172.0,0,0,0,,1.0,258,127,131,51342.0,24378.25,26963.75
2025-05-26,FY25-26,61,S08,P01,199.0,0.2,159.2,172.0,0,1,0,,1.0,385,197,188,61292.0,34790.6,26501.4
2025-06-02,FY25-26,62,S08,P01,199.0,0.0,199.0,172.0,0,0,0,,0.96,259,147,112,51541.0,25443.25,26097.75
2025-06-09,FY25-26,63,S08,P01,199.0,0.0,199.0,172.0,0,0,0,,0.96,276,184,92,54924.0,28474.0,26450.0
2025-06-16,FY25-26,64,S08,P01,199.0,0.0,199.0,172.0,0,0,0,,0.96,234,133,101,46566.0,22996.75,23569.25
2025-06-23,FY25-26,65,S08,P01,199.0,0.0,199.0,173.0,0,0,0,,0.96,264,155,109,52536.0,26191.25,26344.75
2025-06-30,FY25-26,66,S08,P01,199.0,0.2,159.2,173.0,0,1,0,,0.96,451,292,159,71799.2,43191.6,28607.6
2025-07-07,FY25-26,67,S08,P01,199.0,0.0,199.0,173.0,0,0,0,,0.96,249,155,94,49551.0,25141.25,24409.75
2025-07-14,FY25-26,68,S08,P01,199.0,0.0,199.0,173.0,0,0,0,,0.96,242,149,93,48158.0,24352.75,23805.25
2025-07-21,FY25-26,69,S08,P01,199.0,0.0,199.0,173.0,0,0,0,,0.96,233,140,93,46367.0,23275.0,23092.0
2025-07-28,FY25-26,70,S08,P01,199.0,0.0,199.0,173.0,0,0,0,,0.96,264,170,94,52536.0,26937.5,25598.5
2025-08-04,FY25-26,71,S08,P01,199.0,0.0,199.0,174.0,0,0,0,,0.96,265,161,104,52735.0,26559.75,26175.25
2025-08-11,FY25-26,72,S08,P01,199.0,0.0,199.0,174.0,0,0,0,,0.96,278,163,115,55322.0,27569.25,27752.75
2025-08-18,FY25-26,73,S08,P01,199.0,0.0,199.0,174.0,0,0,0,,0.96,261,151,110,51939.0,25782.25,26156.75
2025-08-25,FY25-26,74,S08,P01,199.0,0.0,199.0,174.0,0,0,1,Ganesh Chaturthi,1.075,316,184,132,62884.0,31274.0,31610.0
2025-09-01,FY25-26,75,S08,P01,199.0,0.2,159.2,174.0,0,1,1,Ganesh Chaturthi,1.075,417,244,173,66386.4,38901.2,27485.2
2025-09-08,FY25-26,76,S08,P01,199.0,0.0,199.0,174.0,0,0,0,,0.96,239,138,101,47561.0,23595.5,23965.5
2025-09-15,FY25-26,77,S08,P01,199.0,0.0,199.0,175.0,0,0,0,,0.96,234,146,88,46566.0,23643.5,22922.5
2025-09-22,FY25-26,78,S08,P01,199.0,0.0,199.0,175.0,0,0,1,Navratri,1.075,262,151,111,52138.0,25852.25,26285.75
2025-09-29,FY25-26,79,S08,P01,199.0,0.0,199.0,175.0,0,0,1,Navratri,1.12,316,156,160,62884.0,29881.0,33003.0
2025-10-06,FY25-26,80,S08,P01,199.0,0.0,199.0,175.0,0,0,0,,1.0,240,127,113,47760.0,23118.25,24641.75
2025-10-13,FY25-26,81,S08,P01,199.0,0.0,199.0,175.0,0,0,1,Diwali,1.12,321,161,160,63879.0,30479.75,33399.25
2025-10-20,FY25-26,82,S08,P01,199.0,0.0,199.0,175.0,0,0,1,Diwali,1.12,252,122,130,50148.0,23709.5,26438.5
2025-10-27,FY25-26,83,S08,P01,199.0,0.0,199.0,176.0,0,0,0,,1.0,262,122,140,52138.0,24409.5,27728.5
2025-11-03,FY25-26,84,S08,P01,199.0,0.0,199.0,176.0,0,0,0,,1.0,247,140,107,49153.0,24255.0,24898.0
2025-11-10,FY25-26,85,S08,P01,199.0,0.0,199.0,176.0,0,0,0,,1.0,264,143,121,52536.0,25594.25,26941.75
2025-11-17,FY25-26,86,S08,P01,219.0,0.0,219.0,176.0,1,0,0,,1.0,241,120,121,52779.0,23440.0,29339.0
2025-11-24,FY25-26,87,S08,P01,219.0,0.0,219.0,176.0,1,0,0,,1.0,222,114,108,48618.0,21781.5,26836.5
2025-12-01,FY25-26,88,S08,P01,219.0,0.0,219.0,176.0,1,0,0,,1.0,237,108,129,51903.0,22503.0,29400.0
2025-12-08,FY25-26,89,S08,P01,219.0,0.0,219.0,176.0,1,0,0,,1.0,228,121,107,49932.0,22584.75,27347.25
2025-12-15,FY25-26,90,S08,P01,199.0,0.0,199.0,177.0,0,0,0,,1.0,258,128,130,51342.0,24428.0,26914.0
2025-12-22,FY25-26,91,S08,P01,199.0,0.0,199.0,177.0,0,0,1,Year End,1.0,294,150,144,58506.0,28042.5,30463.5
2025-12-29,FY25-26,92,S08,P01,199.0,0.0,199.0,177.0,0,0,1,Year End,1.0,279,139,140,55521.0,26445.25,29075.75
2026-01-05,FY25-26,93,S08,P01,199.0,0.0,199.0,177.0,0,0,0,,1.0,276,153,123,54924.0,26931.75,27992.25
2026-01-12,FY25-26,94,S08,P01,199.0,0.0,199.0,177.0,0,0,0,,1.0,286,160,126,56914.0,27980.0,28934.0
2026-01-19,FY25-26,95,S08,P01,199.0,0.0,199.0,177.0,0,0,0,,1.0,282,128,154,56118.0,26108.0,30010.0
2026-01-26,FY25-26,96,S08,P01,199.0,0.0,199.0,178.0,0,0,0,,1.0,269,145,124,53531.0,26043.75,27487.25
2026-02-02,FY25-26,97,S08,P01,199.0,0.0,199.0,151.0,0,0,0,,1.0,226,106,120,44974.0,21093.5,23880.5
2026-02-09,FY25-26,98,S08,P01,199.0,0.0,199.0,178.0,0,0,0,,1.0,261,124,137,51939.0,24439.0,27500.0
2026-02-16,FY25-26,99,S08,P01,199.0,0.0,199.0,178.0,0,0,0,,1.0,272,122,150,54128.0,25109.5,29018.5
2026-02-23,FY25-26,100,S08,P01,199.0,0.0,199.0,178.0,0,0,0,,1.0,246,128,118,48954.0,23588.0,25366.0
2026-03-02,FY25-26,101,S08,P01,199.0,0.0,199.0,178.0,0,0,0,,1.0,310,159,151,61690.0,29610.25,32079.75
2026-03-09,FY25-26,102,S08,P01,199.0,0.0,199.0,179.0,0,0,0,,1.0,260,120,140,51740.0,24170.0,27570.0
2026-03-16,FY25-26,103,S08,P01,199.0,0.0,199.0,152.0,0,0,0,,1.0,239,121,118,47561.0,22749.75,24811.25
2026-03-23,FY25-26,104,S08,P01,199.0,0.0,199.0,179.0,0,0,0,,1.0,252,138,114,50148.0,24505.5,25642.5
2024-04-01,FY24-25,1,S08,P02,219.0,0.0,219.0,187.0,0,0,0,,1.0,313,175,138,68547.0,36186.25,32360.75
2024-04-08,FY24-25,2,S08,P02,219.0,0.0,219.0,187.0,0,0,0,,1.0,335,152,183,73365.0,36797.0,36568.0
2024-04-15,FY24-25,3,S08,P02,219.0,0.0,219.0,187.0,0,0,0,,1.0,374,191,183,81906.0,42247.25,39658.75
2024-04-22,FY24-25,4,S08,P02,219.0,0.0,219.0,188.0,0,0,0,,1.0,289,143,146,63291.0,32394.25,30896.75
2024-04-29,FY24-25,5,S08,P02,219.0,0.0,219.0,188.0,0,0,0,,1.0,354,160,194,77526.0,38850.0,38676.0
2024-05-06,FY24-25,6,S08,P02,219.0,0.0,219.0,188.0,0,0,0,,1.0,279,142,137,61101.0,31489.5,29611.5
2024-05-13,FY24-25,7,S08,P02,219.0,0.0,219.0,188.0,0,0,0,,1.0,269,150,119,58911.0,31077.5,27833.5
2024-05-20,FY24-25,8,S08,P02,219.0,0.2,175.2,188.0,0,1,0,,1.0,428,206,222,74985.6,45402.8,29582.8
2024-05-27,FY24-25,9,S08,P02,219.0,0.0,219.0,188.0,0,0,0,,1.0,295,155,140,64605.0,33561.25,31043.75
2024-06-03,FY24-25,10,S08,P02,219.0,0.15,186.15,189.0,0,1,0,,0.96,373,230,143,69433.95,42408.62,27025.33
2024-06-10,FY24-25,11,S08,P02,219.0,0.0,219.0,189.0,0,0,0,,0.96,284,189,95,62196.0,34487.75,27708.25
2024-06-17,FY24-25,12,S08,P02,219.0,0.0,219.0,161.0,0,0,0,,0.96,302,176,126,66138.0,35306.0,30832.0
2024-06-24,FY24-25,13,S08,P02,219.0,0.0,219.0,189.0,0,0,0,,0.96,265,153,112,58035.0,30901.75,27133.25
2024-07-01,FY24-25,14,S08,P02,219.0,0.0,219.0,189.0,0,0,0,,0.96,307,180,127,67233.0,35950.0,31283.0
2024-07-08,FY24-25,15,S08,P02,219.0,0.0,219.0,189.0,0,0,0,,0.96,290,187,103,63510.0,34888.25,28621.75
2024-07-15,FY24-25,16,S08,P02,219.0,0.0,219.0,190.0,0,0,0,,0.96,306,185,121,67014.0,36138.75,30875.25
2024-07-22,FY24-25,17,S08,P02,219.0,0.0,219.0,190.0,0,0,0,,0.96,281,163,118,61539.0,32809.25,28729.75
2024-07-29,FY24-25,18,S08,P02,219.0,0.2,175.2,190.0,0,1,0,,0.96,442,266,176,77438.4,49220.8,28217.6
2024-08-05,FY24-25,19,S08,P02,219.0,0.0,219.0,162.0,0,0,0,,0.96,262,148,114,57378.0,30373.0,27005.0
2024-08-12,FY24-25,20,S08,P02,219.0,0.0,219.0,190.0,0,0,0,,0.96,275,169,106,60225.0,32627.75,27597.25
2024-08-19,FY24-25,21,S08,P02,219.0,0.0,219.0,191.0,0,0,0,,0.96,313,190,123,68547.0,37007.5,31539.5
2024-08-26,FY24-25,22,S08,P02,219.0,0.0,219.0,191.0,0,0,0,,0.96,316,194,122,69204.0,37481.5,31722.5
2024-09-02,FY24-25,23,S08,P02,219.0,0.0,219.0,191.0,0,0,1,Ganesh Chaturthi,1.075,321,193,128,70299.0,37851.75,32447.25
2024-09-09,FY24-25,24,S08,P02,219.0,0.0,219.0,191.0,0,0,1,Ganesh Chaturthi,1.075,370,222,148,81030.0,43604.5,37425.5
2024-09-16,FY24-25,25,S08,P02,219.0,0.0,219.0,191.0,0,0,1,Ganesh Chaturthi,1.075,329,202,127,72051.0,39024.5,33026.5
2024-09-23,FY24-25,26,S08,P02,219.0,0.0,219.0,191.0,0,0,0,,0.96,269,163,106,58911.0,31789.25,27121.75
2024-09-30,FY24-25,27,S08,P02,219.0,0.0,219.0,192.0,0,0,1,Navratri,1.12,340,164,176,74460.0,37879.0,36581.0
2024-10-07,FY24-25,28,S08,P02,219.0,0.0,219.0,192.0,0,0,1,Navratri,1.12,348,174,174,76212.0,39106.5,37105.5
2024-10-14,FY24-25,29,S08,P02,219.0,0.1,197.1,192.0,0,1,0,,1.0,351,189,162,69182.1,39147.98,30034.12
2024-10-21,FY24-25,30,S08,P02,219.0,0.0,219.0,192.0,0,0,0,,1.0,289,150,139,63291.0,32777.5,30513.5
2024-10-28,FY24-25,31,S08,P02,219.0,0.0,219.0,192.0,0,0,1,Diwali,1.12,347,166,181,75993.0,38583.5,37409.5
2024-11-04,FY24-25,32,S08,P02,219.0,0.0,219.0,193.0,0,0,0,,1.0,288,158,130,63072.0,33130.5,29941.5
2024-11-11,FY24-25,33,S08,P02,219.0,0.0,219.0,193.0,0,0,0,,1.0,268,120,148,58692.0,29350.0,29342.0
2024-11-18,FY24-25,34,S08,P02,219.0,0.1,197.1,193.0,0,1,0,,1.0,395,194,201,77854.5,43134.35,34720.15
2024-11-25,FY24-25,35,S08,P02,219.0,0.0,219.0,193.0,0,0,0,,1.0,267,123,144,58473.0,29429.25,29043.75
2024-12-02,FY24-25,36,S08,P02,219.0,0.0,219.0,193.0,0,0,0,,1.0,291,153,138,63729.0,33111.75,30617.25
2024-12-09,FY24-25,37,S08,P02,219.0,0.0,219.0,193.0,0,0,0,,1.0,306,159,147,67014.0,34715.25,32298.75
2024-12-16,FY24-25,38,S08,P02,219.0,0.0,219.0,194.0,0,0,1,Year End,1.0,330,168,162,72270.0,37248.0,35022.0
2024-12-23,FY24-25,39,S08,P02,219.0,0.2,175.2,194.0,0,1,1,Year End,1.0,513,255,258,89877.6,54774.0,35103.6
2024-12-30,FY24-25,40,S08,P02,219.0,0.0,219.0,194.0,0,0,1,Year End,1.0,301,148,153,65919.0,33688.0,32231.0
2025-01-06,FY24-25,41,S08,P02,219.0,0.0,219.0,194.0,0,0,0,,1.0,327,163,164,71613.0,36719.25,34893.75
2025-01-13,FY24-25,42,S08,P02,219.0,0.0,219.0,194.0,0,0,0,,1.0,332,153,179,72708.0,36596.75,36111.25
2025-01-20,FY24-25,43,S08,P02,219.0,0.0,219.0,195.0,0,0,0,,1.0,301,142,159,65919.0,33359.5,32559.5
2025-01-27,FY24-25,44,S08,P02,219.0,0.0,219.0,195.0,0,0,0,,1.0,309,142,167,67671.0,34039.5,33631.5
2025-02-03,FY24-25,45,S08,P02,219.0,0.0,219.0,195.0,0,0,0,,1.0,295,135,160,64605.0,32466.25,32138.75
2025-02-10,FY24-25,46,S08,P02,219.0,0.0,219.0,195.0,0,0,0,,1.0,325,166,159,71175.0,36713.5,34461.5
2025-02-17,FY24-25,47,S08,P02,219.0,0.0,219.0,195.0,0,0,0,,1.0,317,156,161,69423.0,35486.0,33937.0
2025-02-24,FY24-25,48,S08,P02,219.0,0.0,219.0,195.0,0,0,0,,1.0,286,153,133,62634.0,32686.75,29947.25
2025-03-03,FY24-25,49,S08,P02,219.0,0.0,219.0,196.0,0,0,0,,1.0,308,162,146,67452.0,35049.5,32402.5
2025-03-10,FY24-25,50,S08,P02,229.0,0.0,229.0,196.0,1,0,0,,1.0,262,129,133,59998.0,29655.25,30342.75
2025-03-17,FY24-25,51,S08,P02,229.0,0.0,229.0,167.0,1,0,0,,1.0,253,121,132,57937.0,28432.25,29504.75
2025-03-24,FY24-25,52,S08,P02,229.0,0.0,229.0,196.0,1,0,0,,1.0,272,122,150,62288.0,30104.5,32183.5
2025-03-31,FY24-25,53,S08,P02,239.0,0.0,239.0,196.0,1,0,0,,1.0,273,125,148,65247.0,30673.75,34573.25
2025-04-07,FY25-26,54,S08,P02,229.0,0.0,229.0,197.0,0,0,0,,1.0,269,135,134,61601.0,30593.75,31007.25
2025-04-14,FY25-26,55,S08,P02,229.0,0.0,229.0,197.0,0,0,0,,1.0,281,127,154,64349.0,31155.75,33193.25
2025-04-21,FY25-26,56,S08,P02,229.0,0.0,229.0,197.0,0,0,0,,1.0,312,155,157,71448.0,35393.75,36054.25
2025-04-28,FY25-26,57,S08,P02,229.0,0.0,229.0,197.0,0,0,0,,1.0,268,149,119,61372.0,31310.25,30061.75
2025-05-05,FY25-26,58,S08,P02,229.0,0.0,229.0,197.0,0,0,0,,1.0,294,163,131,67326.0,34321.75,33004.25
2025-05-12,FY25-26,59,S08,P02,229.0,0.0,229.0,197.0,0,0,0,,1.0,284,143,141,65036.0,32326.75,32709.25
2025-05-19,FY25-26,60,S08,P02,229.0,0.15,194.65,168.0,0,1,0,,1.0,379,186,193,73772.35,41266.22,32506.13
2025-05-26,FY25-26,61,S08,P02,249.0,0.0,249.0,198.0,1,0,0,,1.0,246,126,120,61254.0,28753.5,32500.5
2025-06-02,FY25-26,62,S08,P02,249.0,0.0,249.0,198.0,1,0,0,,0.96,216,132,84,53784.0,26577.0,27207.0
2025-06-09,FY25-26,63,S08,P02,249.0,0.0,249.0,168.0,1,0,0,,0.96,230,136,94,57270.0,28016.0,29254.0
2025-06-16,FY25-26,64,S08,P02,249.0,0.0,249.0,198.0,1,0,0,,0.96,230,134,96,57270.0,27891.5,29378.5
2025-06-23,FY25-26,65,S08,P02,229.0,0.0,229.0,199.0,0,0,0,,0.96,276,175,101,63204.0,33478.75,29725.25
2025-06-30,FY25-26,66,S08,P02,229.0,0.0,229.0,199.0,0,0,0,,0.96,255,161,94,58395.0,30892.25,27502.75
2025-07-07,FY25-26,67,S08,P02,229.0,0.0,229.0,199.0,0,0,0,,0.96,290,161,129,66410.0,33867.25,32542.75
2025-07-14,FY25-26,68,S08,P02,229.0,0.0,229.0,199.0,0,0,0,,0.96,261,157,104,59769.0,31173.25,28595.75
2025-07-21,FY25-26,69,S08,P02,229.0,0.0,229.0,199.0,0,0,0,,0.96,284,189,95,65036.0,34960.25,30075.75
2025-07-28,FY25-26,70,S08,P02,229.0,0.0,229.0,200.0,0,0,0,,0.96,284,172,112,65036.0,33987.0,31049.0
2025-08-04,FY25-26,71,S08,P02,229.0,0.0,229.0,200.0,0,0,0,,0.96,263,153,110,60227.0,31114.25,29112.75
2025-08-11,FY25-26,72,S08,P02,229.0,0.0,229.0,200.0,0,0,0,,0.96,292,185,107,66868.0,35411.25,31456.75
2025-08-18,FY25-26,73,S08,P02,229.0,0.0,229.0,200.0,0,0,0,,0.96,300,189,111,68700.0,36320.25,32379.75
2025-08-25,FY25-26,74,S08,P02,229.0,0.15,194.65,200.0,0,1,1,Ganesh Chaturthi,1.075,511,295,216,99466.15,57790.44,41675.71
2025-09-01,FY25-26,75,S08,P02,229.0,0.0,229.0,200.0,0,0,1,Ganesh Chaturthi,1.075,313,189,124,71677.0,37425.25,34251.75
2025-09-08,FY25-26,76,S08,P02,229.0,0.2,183.2,171.0,0,1,0,,0.96,402,232,170,73646.4,44795.6,28850.8
2025-09-15,FY25-26,77,S08,P02,229.0,0.0,229.0,201.0,0,0,0,,0.96,307,187,120,70303.0,36800.75,33502.25
2025-09-22,FY25-26,78,S08,P02,229.0,0.0,229.0,201.0,0,0,1,Navratri,1.075,313,197,116,71677.0,37883.25,33793.75
2025-09-29,FY25-26,79,S08,P02,229.0,0.0,229.0,201.0,0,0,1,Navratri,1.12,284,156,128,65036.0,33071.0,31965.0
2025-10-06,FY25-26,80,S08,P02,229.0,0.0,229.0,201.0,0,0,0,,1.0,293,153,140,67097.0,33664.25,33432.75
2025-10-13,FY25-26,81,S08,P02,229.0,0.0,229.0,202.0,0,0,1,Diwali,1.12,321,160,161,73509.0,36445.0,37064.0
2025-10-20,FY25-26,82,S08,P02,229.0,0.0,229.0,202.0,0,0,1,Diwali,1.12,384,200,184,87936.0,44090.0,43846.0
2025-10-27,FY25-26,83,S08,P02,229.0,0.0,229.0,172.0,0,0,0,,1.0,290,147,143,66410.0,33065.75,33344.25
2025-11-03,FY25-26,84,S08,P02,229.0,0.0,229.0,202.0,0,0,0,,1.0,298,158,140,68242.0,34375.5,33866.5
2025-11-10,FY25-26,85,S08,P02,229.0,0.0,229.0,202.0,0,0,0,,1.0,250,133,117,57250.0,28864.25,28385.75
2025-11-17,FY25-26,86,S08,P02,229.0,0.15,194.65,172.0,0,1,0,,1.0,425,223,202,82726.25,46976.74,35749.51
2025-11-24,FY25-26,87,S08,P02,229.0,0.0,229.0,172.0,0,0,0,,1.0,277,128,149,63433.0,30873.0,32560.0
2025-12-01,FY25-26,88,S08,P02,229.0,0.0,229.0,203.0,0,0,0,,1.0,258,128,130,59082.0,29258.0,29824.0
2025-12-08,FY25-26,89,S08,P02,229.0,0.0,229.0,203.0,0,0,0,,1.0,295,157,138,67555.0,34063.25,33491.75
2025-12-15,FY25-26,90,S08,P02,229.0,0.0,229.0,203.0,0,0,0,,1.0,332,173,159,76028.0,38124.25,37903.75
2025-12-22,FY25-26,91,S08,P02,229.0,0.0,229.0,204.0,0,0,1,Year End,1.0,308,160,148,70532.0,35340.0,35192.0
2025-12-29,FY25-26,92,S08,P02,229.0,0.0,229.0,204.0,0,0,1,Year End,1.0,268,134,134,61372.0,30451.5,30920.5
2026-01-05,FY25-26,93,S08,P02,229.0,0.0,229.0,204.0,0,0,0,,1.0,315,162,153,72135.0,36049.5,36085.5
2026-01-12,FY25-26,94,S08,P02,229.0,0.0,229.0,204.0,0,0,0,,1.0,302,151,151,69158.0,34314.75,34843.25
2026-01-19,FY25-26,95,S08,P02,229.0,0.0,229.0,204.0,0,0,0,,1.0,266,135,131,60914.0,30338.75,30575.25
2026-01-26,FY25-26,96,S08,P02,229.0,0.0,229.0,204.0,0,0,0,,1.0,341,183,158,78089.0,39461.75,38627.25
2026-02-02,FY25-26,97,S08,P02,229.0,0.0,229.0,205.0,0,0,0,,1.0,275,129,146,62975.0,30760.25,32214.75
2026-02-09,FY25-26,98,S08,P02,229.0,0.0,229.0,205.0,0,0,0,,1.0,291,148,143,66639.0,33208.0,33431.0
2026-02-16,FY25-26,99,S08,P02,229.0,0.0,229.0,205.0,0,0,0,,1.0,332,156,176,76028.0,37151.0,38877.0
2026-02-23,FY25-26,100,S08,P02,229.0,0.0,229.0,205.0,0,0,0,,1.0,280,142,138,64120.0,31929.5,32190.5
2026-03-02,FY25-26,101,S08,P02,229.0,0.0,229.0,205.0,0,0,0,,1.0,294,152,142,67326.0,33692.0,33634.0
2026-03-09,FY25-26,102,S08,P02,229.0,0.0,229.0,206.0,0,0,0,,1.0,274,143,131,62746.0,31476.75,31269.25
2026-03-16,FY25-26,103,S08,P02,229.0,0.0,229.0,206.0,0,0,0,,1.0,293,145,148,67097.0,33206.25,33890.75
2026-03-23,FY25-26,104,S08,P02,229.0,0.0,229.0,206.0,0,0,0,,1.0,261,134,127,59769.0,29856.5,29912.5
2024-04-01,FY24-25,1,S08,P03,169.0,0.0,169.0,146.0,0,0,0,,1.0,180,92,88,30420.0,13787.0,16633.0
2024-04-08,FY24-25,2,S08,P03,169.0,0.0,169.0,146.0,0,0,0,,1.0,218,110,108,36842.0,16637.5,20204.5
2024-04-15,FY24-25,3,S08,P03,169.0,0.0,169.0,146.0,0,0,0,,1.0,188,87,101,31772.0,14015.75,17756.25
2024-04-22,FY24-25,4,S08,P03,169.0,0.1,152.1,147.0,0,1,0,,1.0,254,125,129,38633.4,18723.12,19910.28
2024-04-29,FY24-25,5,S08,P03,169.0,0.15,143.65,147.0,0,1,0,,1.0,269,152,117,38641.85,20253.7,18388.15
2024-05-06,FY24-25,6,S08,P03,169.0,0.0,169.0,147.0,0,0,0,,1.0,180,90,90,30420.0,13702.5,16717.5
2024-05-13,FY24-25,7,S08,P03,169.0,0.0,169.0,147.0,0,0,0,,1.0,179,97,82,30251.0,13943.25,16307.75
2024-05-20,FY24-25,8,S08,P03,169.0,0.0,169.0,147.0,0,0,0,,1.0,196,107,89,33124.0,15300.75,17823.25
2024-05-27,FY24-25,9,S08,P03,169.0,0.2,135.2,125.0,0,1,0,,1.0,289,158,131,39072.8,21235.4,17837.4
2024-06-03,FY24-25,10,S08,P03,169.0,0.0,169.0,125.0,0,0,0,,0.96,196,121,75,33124.0,15892.25,17231.75
2024-06-10,FY24-25,11,S08,P03,169.0,0.0,169.0,148.0,0,0,0,,0.96,170,111,59,28730.0,14039.75,14690.25
2024-06-17,FY24-25,12,S08,P03,169.0,0.0,169.0,148.0,0,0,0,,0.96,223,132,91,37687.0,17842.0,19845.0
2024-06-24,FY24-25,13,S08,P03,179.0,0.0,179.0,126.0,1,0,0,,0.96,159,109,50,28461.0,13622.75,14838.25
2024-07-01,FY24-25,14,S08,P03,179.0,0.0,179.0,148.0,1,0,0,,0.96,152,94,58,27208.0,12566.5,14641.5
2024-07-08,FY24-25,15,S08,P03,179.0,0.0,179.0,148.0,1,0,0,,0.96,178,92,86,31862.0,13907.0,17955.0
2024-07-15,FY24-25,16,S08,P03,179.0,0.0,179.0,148.0,1,0,0,,0.96,175,103,72,31325.0,14234.25,17090.75
2024-07-22,FY24-25,17,S08,P03,169.0,0.0,169.0,148.0,0,0,0,,0.96,193,109,84,32617.0,15220.25,17396.75
2024-07-29,FY24-25,18,S08,P03,169.0,0.0,169.0,149.0,0,0,0,,0.96,181,112,69,30589.0,14687.0,15902.0
2024-08-05,FY24-25,19,S08,P03,169.0,0.0,169.0,149.0,0,0,0,,0.96,196,115,81,33124.0,15638.75,17485.25
2024-08-12,FY24-25,20,S08,P03,169.0,0.15,143.65,149.0,0,1,0,,0.96,229,139,90,32895.85,17586.84,15309.01
2024-08-19,FY24-25,21,S08,P03,169.0,0.0,169.0,149.0,0,0,0,,0.96,210,105,105,35490.0,15986.25,19503.75
2024-08-26,FY24-25,22,S08,P03,169.0,0.0,169.0,149.0,0,0,0,,0.96,189,119,70,31941.0,15422.75,16518.25
2024-09-02,FY24-25,23,S08,P03,169.0,0.15,143.65,149.0,0,1,1,Ganesh Chaturthi,1.075,271,166,105,38929.15,20866.47,18062.68
2024-09-09,FY24-25,24,S08,P03,169.0,0.0,169.0,149.0,0,0,1,Ganesh Chaturthi,1.075,163,89,74,27547.0,12725.25,14821.75
2024-09-16,FY24-25,25,S08,P03,169.0,0.0,169.0,149.0,0,0,1,Ganesh Chaturthi,1.075,204,133,71,34476.0,16839.25,17636.75
2024-09-23,FY24-25,26,S08,P03,169.0,0.2,135.2,150.0,0,1,0,,0.96,256,145,111,34611.2,18981.0,15630.2
2024-09-30,FY24-25,27,S08,P03,169.0,0.0,169.0,150.0,0,0,1,Navratri,1.12,215,104,111,36335.0,16219.0,20116.0
2024-10-07,FY24-25,28,S08,P03,169.0,0.0,169.0,150.0,0,0,1,Navratri,1.12,185,90,95,31265.0,13977.5,17287.5
2024-10-14,FY24-25,29,S08,P03,169.0,0.0,169.0,150.0,0,0,0,,1.0,199,94,105,33631.0,14916.5,18714.5
2024-10-21,FY24-25,30,S08,P03,169.0,0.1,152.1,150.0,0,1,0,,1.0,252,119,133,38329.2,18384.97,19944.23
2024-10-28,FY24-25,31,S08,P03,169.0,0.0,169.0,150.0,0,0,1,Diwali,1.12,222,121,101,37518.0,17322.25,20195.75
2024-11-04,FY24-25,32,S08,P03,169.0,0.0,169.0,150.0,0,0,0,,1.0,190,100,90,32110.0,14675.0,17435.0
2024-11-11,FY24-25,33,S08,P03,169.0,0.0,169.0,151.0,0,0,0,,1.0,160,87,73,27040.0,12475.75,14564.25
2024-11-18,FY24-25,34,S08,P03,169.0,0.0,169.0,151.0,0,0,0,,1.0,195,101,94,32955.0,14992.25,17962.75
2024-11-25,FY24-25,35,S08,P03,169.0,0.0,169.0,151.0,0,0,0,,1.0,188,89,99,31772.0,14100.25,17671.75
2024-12-02,FY24-25,36,S08,P03,169.0,0.0,169.0,151.0,0,0,0,,1.0,191,96,95,32279.0,14561.0,17718.0
2024-12-09,FY24-25,37,S08,P03,169.0,0.0,169.0,151.0,0,0,0,,1.0,162,87,75,27378.0,12585.75,14792.25
2024-12-16,FY24-25,38,S08,P03,169.0,0.0,169.0,151.0,0,0,1,Year End,1.0,200,89,111,33800.0,14760.25,19039.75
2024-12-23,FY24-25,39,S08,P03,169.0,0.1,152.1,151.0,0,1,1,Year End,1.0,220,119,101,33462.0,16624.97,16837.03
2024-12-30,FY24-25,40,S08,P03,169.0,0.0,169.0,152.0,0,0,1,Year End,1.0,194,106,88,32786.0,15148.5,17637.5
2025-01-06,FY24-25,41,S08,P03,169.0,0.0,169.0,129.0,0,0,0,,1.0,188,81,107,31772.0,13762.25,18009.75
2025-01-13,FY24-25,42,S08,P03,169.0,0.0,169.0,152.0,0,0,0,,1.0,191,94,97,32279.0,14476.5,17802.5
2025-01-20,FY24-25,43,S08,P03,169.0,0.0,169.0,152.0,0,0,0,,1.0,219,106,113,37011.0,16523.5,20487.5
2025-01-27,FY24-25,44,S08,P03,169.0,0.0,169.0,152.0,0,0,0,,1.0,210,109,101,35490.0,16155.25,19334.75
2025-02-03,FY24-25,45,S08,P03,159.0,0.0,159.0,152.0,1,0,0,,1.0,239,133,106,38001.0,18431.75,19569.25
2025-02-10,FY24-25,46,S08,P03,159.0,0.0,159.0,152.0,1,0,0,,1.0,199,84,115,31641.0,14284.0,17357.0
2025-02-17,FY24-25,47,S08,P03,159.0,0.0,159.0,153.0,1,0,0,,1.0,223,114,109,35457.0,16796.5,18660.5
2025-02-24,FY24-25,48,S08,P03,159.0,0.0,159.0,153.0,1,0,0,,1.0,196,89,107,31164.0,14317.75,16846.25
2025-03-03,FY24-25,49,S08,P03,169.0,0.0,169.0,153.0,0,0,0,,1.0,199,102,97,33631.0,15254.5,18376.5
2025-03-10,FY24-25,50,S08,P03,169.0,0.0,169.0,130.0,0,0,0,,1.0,193,97,96,32617.0,14713.25,17903.75
2025-03-17,FY24-25,51,S08,P03,169.0,0.1,152.1,153.0,0,1,0,,1.0,220,115,105,33462.0,16472.88,16989.12
2025-03-24,FY24-25,52,S08,P03,169.0,0.0,169.0,153.0,0,0,0,,1.0,211,99,112,35659.0,15787.75,19871.25
2025-03-31,FY24-25,53,S08,P03,179.0,0.0,179.0,153.0,0,0,0,,1.0,175,92,83,31325.0,13742.0,17583.0
2025-04-07,FY25-26,54,S08,P03,179.0,0.0,179.0,154.0,0,0,0,,1.0,186,90,96,33294.0,14257.5,19036.5
2025-04-14,FY25-26,55,S08,P03,179.0,0.0,179.0,154.0,0,0,0,,1.0,205,99,106,36695.0,15705.25,20989.75
2025-04-21,FY25-26,56,S08,P03,179.0,0.0,179.0,131.0,0,0,0,,1.0,182,93,89,32578.0,14171.75,18406.25
2025-04-28,FY25-26,57,S08,P03,179.0,0.0,179.0,154.0,0,0,0,,1.0,179,92,87,32041.0,13962.0,18079.0
2025-05-05,FY25-26,58,S08,P03,179.0,0.0,179.0,154.0,0,0,0,,1.0,164,85,79,29356.0,12823.75,16532.25
2025-05-12,FY25-26,59,S08,P03,179.0,0.0,179.0,154.0,0,0,0,,1.0,181,95,86,32399.0,14206.25,18192.75
2025-05-19,FY25-26,60,S08,P03,179.0,0.0,179.0,154.0,0,0,0,,1.0,198,104,94,35442.0,15544.0,19898.0
2025-05-26,FY25-26,61,S08,P03,179.0,0.0,179.0,155.0,0,0,0,,1.0,173,82,91,30967.0,13184.5,17782.5
2025-06-02,FY25-26,62,S08,P03,179.0,0.0,179.0,155.0,0,0,0,,0.96,170,90,80,30430.0,13377.5,17052.5
2025-06-09,FY25-26,63,S08,P03,179.0,0.0,179.0,155.0,0,0,0,,0.96,155,95,60,27745.0,12776.25,14968.75
2025-06-16,FY25-26,64,S08,P03,179.0,0.0,179.0,155.0,0,0,0,,0.96,191,126,65,34189.0,16143.5,18045.5
2025-06-23,FY25-26,65,S08,P03,179.0,0.1,161.1,155.0,0,1,0,,0.96,221,141,80,35603.1,17833.78,17769.32
2025-06-30,FY25-26,66,S08,P03,179.0,0.0,179.0,132.0,0,0,0,,0.96,179,103,76,32041.0,14454.25,17586.75
2025-07-07,FY25-26,67,S08,P03,179.0,0.0,179.0,156.0,0,0,0,,0.96,172,108,64,30788.0,14293.0,16495.0
2025-07-14,FY25-26,68,S08,P03,179.0,0.0,179.0,156.0,0,0,0,,0.96,176,97,79,31504.0,14020.75,17483.25
2025-07-21,FY25-26,69,S08,P03,179.0,0.0,179.0,156.0,0,0,0,,0.96,172,98,74,30788.0,13845.5,16942.5
2025-07-28,FY25-26,70,S08,P03,179.0,0.0,179.0,156.0,0,0,0,,0.96,181,103,78,32399.0,14564.25,17834.75
2025-08-04,FY25-26,71,S08,P03,179.0,0.0,179.0,156.0,0,0,0,,0.96,163,93,70,29177.0,13126.75,16050.25
2025-08-11,FY25-26,72,S08,P03,179.0,0.0,179.0,156.0,0,0,0,,0.96,186,110,76,33294.0,15152.5,18141.5
2025-08-18,FY25-26,73,S08,P03,179.0,0.0,179.0,156.0,0,0,0,,0.96,164,102,62,29356.0,13584.5,15771.5
2025-08-25,FY25-26,74,S08,P03,179.0,0.0,179.0,157.0,0,0,1,Ganesh Chaturthi,1.075,184,117,67,32936.0,15355.75,17580.25
2025-09-01,FY25-26,75,S08,P03,179.0,0.0,179.0,157.0,0,0,1,Ganesh Chaturthi,1.075,190,103,87,34010.0,15059.25,18950.75
2025-09-08,FY25-26,76,S08,P03,179.0,0.0,179.0,157.0,0,0,0,,0.96,170,105,65,30430.0,14048.75,16381.25
2025-09-15,FY25-26,77,S08,P03,179.0,0.0,179.0,157.0,0,0,0,,0.96,151,88,63,27029.0,12243.0,14786.0
2025-09-22,FY25-26,78,S08,P03,179.0,0.0,179.0,157.0,0,0,1,Navratri,1.075,200,116,84,35800.0,16191.0,19609.0
2025-09-29,FY25-26,79,S08,P03,179.0,0.1,161.1,157.0,0,1,1,Navratri,1.12,233,120,113,37536.3,17648.0,19888.3
2025-10-06,FY25-26,80,S08,P03,179.0,0.0,179.0,157.0,0,0,0,,1.0,166,81,85,29714.0,12754.75,16959.25
2025-10-13,FY25-26,81,S08,P03,179.0,0.0,179.0,158.0,0,0,1,Diwali,1.12,210,107,103,37590.0,16338.25,21251.75
2025-10-20,FY25-26,82,S08,P03,179.0,0.0,179.0,158.0,0,0,1,Diwali,1.12,195,87,108,34905.0,14618.25,20286.75
2025-10-27,FY25-26,83,S08,P03,179.0,0.0,179.0,158.0,0,0,0,,1.0,168,101,67,30072.0,13759.75,16312.25
2025-11-03,FY25-26,84,S08,P03,179.0,0.0,179.0,158.0,0,0,0,,1.0,152,89,63,27208.0,12342.75,14865.25
2025-11-10,FY25-26,85,S08,P03,179.0,0.0,179.0,158.0,0,0,0,,1.0,203,106,97,36337.0,15908.5,20428.5
2025-11-17,FY25-26,86,S08,P03,179.0,0.0,179.0,158.0,0,0,0,,1.0,182,82,100,32578.0,13679.5,18898.5
2025-11-24,FY25-26,87,S08,P03,179.0,0.2,143.2,158.0,0,1,0,,1.0,308,149,159,44105.6,22274.2,21831.4
2025-12-01,FY25-26,88,S08,P03,179.0,0.0,179.0,159.0,0,0,0,,1.0,198,96,102,35442.0,15186.0,20256.0
2025-12-08,FY25-26,89,S08,P03,179.0,0.0,179.0,159.0,0,0,0,,1.0,168,87,81,30072.0,13133.25,16938.75
2025-12-15,FY25-26,90,S08,P03,179.0,0.0,179.0,159.0,0,0,0,,1.0,161,75,86,28819.0,12211.25,16607.75
2025-12-22,FY25-26,91,S08,P03,179.0,0.0,179.0,159.0,0,0,1,Year End,1.0,173,85,88,30967.0,13318.75,17648.25
2025-12-29,FY25-26,92,S08,P03,179.0,0.0,179.0,159.0,0,0,1,Year End,1.0,185,97,88,33115.0,14515.75,18599.25
2026-01-05,FY25-26,93,S08,P03,179.0,0.0,179.0,159.0,0,0,0,,1.0,207,104,103,37053.0,16039.0,21014.0
2026-01-12,FY25-26,94,S08,P03,179.0,0.0,179.0,159.0,0,0,0,,1.0,173,85,88,30967.0,13318.75,17648.25
2026-01-19,FY25-26,95,S08,P03,179.0,0.0,179.0,136.0,0,0,0,,1.0,160,76,84,28640.0,12201.0,16439.0
2026-01-26,FY25-26,96,S08,P03,179.0,0.0,179.0,160.0,0,0,0,,1.0,167,77,90,29893.0,12630.75,17262.25
2026-02-02,FY25-26,97,S08,P03,179.0,0.0,179.0,160.0,0,0,0,,1.0,185,89,96,33115.0,14157.75,18957.25
2026-02-09,FY25-26,98,S08,P03,179.0,0.0,179.0,136.0,0,0,0,,1.0,171,84,87,30609.0,13164.0,17445.0
2026-02-16,FY25-26,99,S08,P03,179.0,0.0,179.0,160.0,0,0,0,,1.0,182,90,92,32578.0,14037.5,18540.5
2026-02-23,FY25-26,100,S08,P03,179.0,0.0,179.0,160.0,0,0,0,,1.0,218,108,110,39022.0,16823.0,22199.0
2026-03-02,FY25-26,101,S08,P03,179.0,0.0,179.0,161.0,0,0,0,,1.0,179,78,101,32041.0,13335.5,18705.5
2026-03-09,FY25-26,102,S08,P03,179.0,0.0,179.0,161.0,0,0,0,,1.0,202,100,102,36158.0,15585.0,20573.0
2026-03-16,FY25-26,103,S08,P03,179.0,0.0,179.0,161.0,0,0,0,,1.0,206,100,106,36874.0,15805.0,21069.0
2026-03-23,FY25-26,104,S08,P03,179.0,0.0,179.0,161.0,0,0,0,,1.0,182,102,80,32578.0,14574.5,18003.5
2024-04-01,FY24-25,1,S08,P04,249.0,0.0,249.0,212.0,0,0,0,,1.0,222,111,111,55278.0,27999.75,27278.25
2024-04-08,FY24-25,2,S08,P04,249.0,0.0,249.0,212.0,0,0,0,,1.0,215,111,104,53535.0,27334.75,26200.25
2024-04-15,FY24-25,3,S08,P04,249.0,0.15,211.65,212.0,0,1,0,,1.0,307,146,161,64976.55,36890.22,28086.33
2024-04-22,FY24-25,4,S08,P04,249.0,0.2,199.2,212.0,0,1,0,,1.0,330,159,171,65736.0,39268.2,26467.8
2024-04-29,FY24-25,5,S08,P04,249.0,0.0,249.0,212.0,0,0,0,,1.0,204,97,107,50796.0,25418.25,25377.75
2024-05-06,FY24-25,6,S08,P04,249.0,0.0,249.0,213.0,0,0,0,,1.0,193,91,102,48057.0,23999.75,24057.25
2024-05-13,FY24-25,7,S08,P04,249.0,0.2,199.2,213.0,0,1,0,,1.0,315,162,153,62748.0,37992.6,24755.4
2024-05-20,FY24-25,8,S08,P04,249.0,0.0,249.0,213.0,0,0,0,,1.0,210,100,110,52290.0,26175.0,26115.0
2024-05-27,FY24-25,9,S08,P04,249.0,0.0,249.0,213.0,0,0,0,,1.0,197,98,99,49053.0,24815.5,24237.5
2024-06-03,FY24-25,10,S08,P04,249.0,0.0,249.0,213.0,0,0,0,,0.96,200,108,92,49800.0,25723.0,24077.0
2024-06-10,FY24-25,11,S08,P04,249.0,0.0,249.0,214.0,0,0,0,,0.96,225,152,73,56025.0,30837.0,25188.0
2024-06-17,FY24-25,12,S08,P04,249.0,0.0,249.0,182.0,0,0,0,,0.96,227,137,90,56523.0,30093.25,26429.75
2024-06-24,FY24-25,13,S08,P04,249.0,0.0,249.0,214.0,0,0,0,,0.96,212,135,77,52788.0,28543.75,24244.25
2024-07-01,FY24-25,14,S08,P04,249.0,0.0,249.0,182.0,0,0,0,,0.96,215,119,96,53535.0,27832.75,25702.25
2024-07-08,FY24-25,15,S08,P04,249.0,0.0,249.0,214.0,0,0,0,,0.96,201,128,73,50049.0,27063.0,22986.0
2024-07-15,FY24-25,16,S08,P04,249.0,0.0,249.0,215.0,0,0,0,,0.96,185,106,79,46065.0,24173.5,21891.5
2024-07-22,FY24-25,17,S08,P04,249.0,0.0,249.0,215.0,0,0,0,,0.96,179,93,86,44571.0,22794.25,21776.75
2024-07-29,FY24-25,18,S08,P04,249.0,0.15,211.65,215.0,0,1,0,,0.96,276,162,114,58415.4,34791.82,23623.58
2024-08-05,FY24-25,19,S08,P04,249.0,0.0,249.0,215.0,0,0,0,,0.96,238,147,91,59262.0,31760.75,27501.25
2024-08-12,FY24-25,20,S08,P04,249.0,0.0,249.0,215.0,0,0,0,,0.96,205,128,77,51045.0,27443.0,23602.0
2024-08-19,FY24-25,21,S08,P04,249.0,0.0,249.0,216.0,0,0,0,,0.96,200,120,80,49800.0,26470.0,23330.0
2024-08-26,FY24-25,22,S08,P04,249.0,0.0,249.0,216.0,0,0,0,,0.96,205,131,74,51045.0,27629.75,23415.25
2024-09-02,FY24-25,23,S08,P04,249.0,0.0,249.0,216.0,0,0,1,Ganesh Chaturthi,1.075,253,160,93,62997.0,33995.0,29002.0
2024-09-09,FY24-25,24,S08,P04,249.0,0.0,249.0,216.0,0,0,1,Ganesh Chaturthi,1.075,241,141,100,60009.0,31672.25,28336.75
2024-09-16,FY24-25,25,S08,P04,249.0,0.0,249.0,216.0,0,0,1,Ganesh Chaturthi,1.075,254,130,124,63246.0,32222.5,31023.5
2024-09-23,FY24-25,26,S08,P04,249.0,0.2,199.2,217.0,0,1,0,,0.96,319,187,132,63544.8,39617.6,23927.2
2024-09-30,FY24-25,27,S08,P04,249.0,0.0,249.0,217.0,0,0,1,Navratri,1.12,233,125,108,58017.0,29916.25,28100.75
2024-10-07,FY24-25,28,S08,P04,249.0,0.0,249.0,217.0,0,0,1,Navratri,1.12,231,116,115,57519.0,29166.0,28353.0
2024-10-14,FY24-25,29,S08,P04,249.0,0.0,249.0,217.0,0,0,0,,1.0,219,100,119,54531.0,27030.0,27501.0
2024-10-21,FY24-25,30,S08,P04,249.0,0.0,249.0,217.0,0,0,0,,1.0,231,130,101,57519.0,30037.5,27481.5
2024-10-28,FY24-25,31,S08,P04,249.0,0.1,224.1,218.0,0,1,1,Diwali,1.12,275,139,136,61627.5,33912.48,27715.02
2024-11-04,FY24-25,32,S08,P04,249.0,0.0,249.0,218.0,0,0,0,,1.0,238,125,113,59262.0,30391.25,28870.75
2024-11-11,FY24-25,33,S08,P04,249.0,0.0,249.0,218.0,0,0,0,,1.0,232,122,110,57768.0,29634.5,28133.5
2024-11-18,FY24-25,34,S08,P04,249.0,0.0,249.0,218.0,0,0,0,,1.0,247,117,130,61503.0,30748.25,30754.75
2024-11-25,FY24-25,35,S08,P04,239.0,0.0,239.0,218.0,1,0,0,,1.0,225,118,107,53775.0,28425.5,25349.5
2024-12-02,FY24-25,36,S08,P04,239.0,0.0,239.0,219.0,1,0,0,,1.0,267,144,123,63813.0,33969.0,29844.0
2024-12-09,FY24-25,37,S08,P04,239.0,0.0,239.0,219.0,1,0,0,,1.0,210,98,112,50190.0,25805.5,24384.5
2024-12-16,FY24-25,38,S08,P04,239.0,0.0,239.0,219.0,1,0,1,Year End,1.0,244,122,122,58316.0,30469.5,27846.5
2024-12-23,FY24-25,39,S08,P04,249.0,0.0,249.0,186.0,0,0,1,Year End,1.0,193,108,85,48057.0,25058.0,22999.0
2024-12-30,FY24-25,40,S08,P04,249.0,0.0,249.0,219.0,0,0,1,Year End,1.0,204,114,90,50796.0,26476.5,24319.5
2025-01-06,FY24-25,41,S08,P04,249.0,0.1,224.1,220.0,0,1,0,,1.0,276,136,140,61851.6,33839.4,28012.2
2025-01-13,FY24-25,42,S08,P04,249.0,0.0,249.0,220.0,0,0,0,,1.0,207,92,115,51543.0,25392.0,26151.0
2025-01-20,FY24-25,43,S08,P04,249.0,0.0,249.0,220.0,0,0,0,,1.0,232,124,108,57768.0,29759.0,28009.0
2025-01-27,FY24-25,44,S08,P04,249.0,0.0,249.0,220.0,0,0,0,,1.0,223,119,104,55527.0,28592.75,26934.25
2025-02-03,FY24-25,45,S08,P04,249.0,0.0,249.0,220.0,0,0,0,,1.0,247,125,122,61503.0,31246.25,30256.75
2025-02-10,FY24-25,46,S08,P04,229.0,0.0,229.0,221.0,1,0,0,,1.0,278,156,122,63662.0,35341.0,28321.0
2025-02-17,FY24-25,47,S08,P04,229.0,0.0,229.0,221.0,1,0,0,,1.0,222,107,115,50838.0,27215.75,23622.25
2025-02-24,FY24-25,48,S08,P04,229.0,0.0,229.0,221.0,1,0,0,,1.0,262,144,118,59998.0,33134.0,26864.0
2025-03-03,FY24-25,49,S08,P04,229.0,0.0,229.0,221.0,1,0,0,,1.0,229,115,114,52441.0,28338.75,24102.25
2025-03-10,FY24-25,50,S08,P04,249.0,0.0,249.0,221.0,0,0,0,,1.0,216,117,99,53784.0,27803.25,25980.75
2025-03-17,FY24-25,51,S08,P04,249.0,0.0,249.0,222.0,0,0,0,,1.0,227,123,104,56523.0,29221.75,27301.25
2025-03-24,FY24-25,52,S08,P04,249.0,0.0,249.0,222.0,0,0,0,,1.0,240,128,112,59760.0,30768.0,28992.0
2025-03-31,FY24-25,53,S08,P04,259.0,0.0,259.0,222.0,0,0,0,,1.0,228,111,117,59052.0,28847.25,30204.75
2025-04-07,FY25-26,54,S08,P04,259.0,0.0,259.0,222.0,0,0,0,,1.0,204,106,98,52836.0,26243.5,26592.5
2025-04-14,FY25-26,55,S08,P04,259.0,0.0,259.0,223.0,0,0,0,,1.0,212,117,95,54908.0,27715.75,27192.25
2025-04-21,FY25-26,56,S08,P04,259.0,0.0,259.0,223.0,0,0,0,,1.0,206,104,102,53354.0,26304.0,27050.0
2025-04-28,FY25-26,57,S08,P04,259.0,0.0,259.0,223.0,0,0,0,,1.0,198,101,97,51282.0,25349.75,25932.25
2025-05-05,FY25-26,58,S08,P04,259.0,0.0,259.0,223.0,0,0,0,,1.0,207,109,98,53613.0,26722.75,26890.25
2025-05-12,FY25-26,59,S08,P04,259.0,0.0,259.0,223.0,0,0,0,,1.0,214,106,108,55426.0,27193.5,28232.5
2025-05-19,FY25-26,60,S08,P04,259.0,0.0,259.0,224.0,0,0,0,,1.0,191,87,104,49469.0,23778.25,25690.75
2025-05-26,FY25-26,61,S08,P04,259.0,0.2,207.2,224.0,0,1,0,,1.0,297,132,165,61538.4,35052.6,26485.8
2025-06-02,FY25-26,62,S08,P04,259.0,0.15,220.15,224.0,0,1,0,,0.96,270,162,108,59440.5,34566.07,24874.43
2025-06-09,FY25-26,63,S08,P04,259.0,0.0,259.0,224.0,0,0,0,,0.96,221,139,82,57239.0,29995.25,27243.75
2025-06-16,FY25-26,64,S08,P04,259.0,0.0,259.0,224.0,0,0,0,,0.96,207,114,93,53613.0,27046.5,26566.5
2025-06-23,FY25-26,65,S08,P04,259.0,0.0,259.0,225.0,0,0,0,,0.96,223,131,92,57757.0,29667.25,28089.75
2025-06-30,FY25-26,66,S08,P04,259.0,0.0,259.0,225.0,0,0,0,,0.96,206,130,76,53354.0,27987.5,25366.5
2025-07-07,FY25-26,67,S08,P04,259.0,0.0,259.0,225.0,0,0,0,,0.96,200,136,64,51800.0,27806.0,23994.0
2025-07-14,FY25-26,68,S08,P04,259.0,0.15,220.15,225.0,0,1,0,,0.96,281,158,123,61862.15,35390.93,26471.22
2025-07-21,FY25-26,69,S08,P04,259.0,0.0,259.0,225.0,0,0,0,,0.96,209,129,80,54131.0,28207.75,25923.25
2025-07-28,FY25-26,70,S08,P04,259.0,0.0,259.0,226.0,0,0,0,,0.96,204,112,92,52836.0,26632.0,26204.0
2025-08-04,FY25-26,71,S08,P04,259.0,0.0,259.0,226.0,0,0,0,,0.96,209,132,77,54131.0,28402.0,25729.0
2025-08-11,FY25-26,72,S08,P04,259.0,0.0,259.0,226.0,0,0,0,,0.96,173,102,71,44807.0,23039.5,21767.5
2025-08-18,FY25-26,73,S08,P04,259.0,0.0,259.0,226.0,0,0,0,,0.96,215,136,79,55685.0,29231.0,26454.0
2025-08-25,FY25-26,74,S08,P04,259.0,0.0,259.0,227.0,0,0,1,Ganesh Chaturthi,1.075,238,152,86,61642.0,32452.0,29190.0
2025-09-01,FY25-26,75,S08,P04,259.0,0.0,259.0,227.0,0,0,1,Ganesh Chaturthi,1.075,246,152,94,63714.0,33212.0,30502.0
2025-09-08,FY25-26,76,S08,P04,259.0,0.1,233.1,227.0,0,1,0,,0.96,239,144,95,55710.9,31096.6,24614.3
2025-09-15,FY25-26,77,S08,P04,259.0,0.0,259.0,227.0,0,0,0,,0.96,229,133,96,59311.0,30366.75,28944.25
2025-09-22,FY25-26,78,S08,P04,259.0,0.0,259.0,227.0,0,0,1,Navratri,1.075,207,119,88,53613.0,27370.25,26242.75
2025-09-29,FY25-26,79,S08,P04,259.0,0.0,259.0,228.0,0,0,1,Navratri,1.12,235,138,97,60865.0,31260.5,29604.5
2025-10-06,FY25-26,80,S08,P04,259.0,0.0,259.0,228.0,0,0,0,,1.0,208,102,106,53872.0,26364.5,27507.5
2025-10-13,FY25-26,81,S08,P04,259.0,0.0,259.0,228.0,0,0,1,Diwali,1.12,232,100,132,60088.0,28515.0,31573.0
2025-10-20,FY25-26,82,S08,P04,259.0,0.0,259.0,194.0,0,0,1,Diwali,1.12,213,115,98,55167.0,27681.25,27485.75
2025-10-27,FY25-26,83,S08,P04,259.0,0.0,259.0,228.0,0,0,0,,1.0,206,113,93,53354.0,26886.75,26467.25
2025-11-03,FY25-26,84,S08,P04,259.0,0.0,259.0,229.0,0,0,0,,1.0,219,117,102,56721.0,28380.75,28340.25
2025-11-10,FY25-26,85,S08,P04,269.0,0.0,269.0,229.0,1,0,0,,1.0,222,113,109,59718.0,28689.25,31028.75
2025-11-17,FY25-26,86,S08,P04,269.0,0.0,269.0,229.0,1,0,0,,1.0,191,101,90,51379.0,24937.25,26441.75
2025-11-24,FY25-26,87,S08,P04,269.0,0.0,269.0,229.0,1,0,0,,1.0,185,99,86,49765.0,24232.75,25532.25
2025-12-01,FY25-26,88,S08,P04,269.0,0.0,269.0,230.0,1,0,0,,1.0,210,111,99,56490.0,27414.75,29075.25
2025-12-08,FY25-26,89,S08,P04,259.0,0.0,259.0,230.0,0,0,0,,1.0,250,141,109,64750.0,32879.75,31870.25
2025-12-15,FY25-26,90,S08,P04,259.0,0.0,259.0,230.0,0,0,0,,1.0,219,119,100,56721.0,28510.25,28210.75
2025-12-22,FY25-26,91,S08,P04,259.0,0.0,259.0,230.0,0,0,1,Year End,1.0,214,113,101,55426.0,27646.75,27779.25
2025-12-29,FY25-26,92,S08,P04,259.0,0.0,259.0,230.0,0,0,1,Year End,1.0,215,100,115,55685.0,26900.0,28785.0
2026-01-05,FY25-26,93,S08,P04,259.0,0.0,259.0,231.0,0,0,0,,1.0,219,101,118,56721.0,27344.75,29376.25
2026-01-12,FY25-26,94,S08,P04,259.0,0.0,259.0,231.0,0,0,0,,1.0,217,109,108,56203.0,27672.75,28530.25
2026-01-19,FY25-26,95,S08,P04,259.0,0.0,259.0,231.0,0,0,0,,1.0,239,115,124,61901.0,30151.25,31749.75
2026-01-26,FY25-26,96,S08,P04,259.0,0.0,259.0,231.0,0,0,0,,1.0,192,102,90,49728.0,24844.5,24883.5
2026-02-02,FY25-26,97,S08,P04,259.0,0.0,259.0,231.0,0,0,0,,1.0,219,105,114,56721.0,27603.75,29117.25
2026-02-09,FY25-26,98,S08,P04,259.0,0.0,259.0,232.0,0,0,0,,1.0,239,102,137,61901.0,29309.5,32591.5
2026-02-16,FY25-26,99,S08,P04,259.0,0.0,259.0,232.0,0,0,0,,1.0,264,125,139,68376.0,33173.75,35202.25
2026-02-23,FY25-26,100,S08,P04,259.0,0.0,259.0,232.0,0,0,0,,1.0,216,100,116,55944.0,26995.0,28949.0
2026-03-02,FY25-26,101,S08,P04,259.0,0.0,259.0,232.0,0,0,0,,1.0,212,112,100,54908.0,27392.0,27516.0
2026-03-09,FY25-26,102,S08,P04,259.0,0.0,259.0,233.0,0,0,0,,1.0,241,120,121,62419.0,30665.0,31754.0
2026-03-16,FY25-26,103,S08,P04,259.0,0.0,259.0,233.0,0,0,0,,1.0,262,129,133,67858.0,33242.75,34615.25
2026-03-23,FY25-26,104,S08,P04,259.0,0.0,259.0,233.0,0,0,0,,1.0,219,111,108,56721.0,27992.25,28728.75
2024-04-01,FY24-25,1,S08,P05,89.0,0.0,89.0,81.0,0,0,0,,1.0,324,165,159,28836.0,12743.25,16092.75
2024-04-08,FY24-25,2,S08,P05,89.0,0.0,89.0,81.0,0,0,0,,1.0,384,180,204,34176.0,14757.0,19419.0
2024-04-15,FY24-25,3,S08,P05,89.0,0.0,89.0,81.0,0,0,0,,1.0,439,245,194,39071.0,17743.25,21327.75
2024-04-22,FY24-25,4,S08,P05,89.0,0.1,80.1,81.0,0,1,0,,1.0,457,233,224,36605.7,17461.82,19143.88
2024-04-29,FY24-25,5,S08,P05,89.0,0.0,89.0,81.0,0,0,0,,1.0,400,187,213,35600.0,15360.75,20239.25
2024-05-06,FY24-25,6,S08,P05,89.0,0.0,89.0,81.0,0,0,0,,1.0,404,205,199,35956.0,15873.25,20082.75
2024-05-13,FY24-25,7,S08,P05,89.0,0.2,71.2,81.0,0,1,0,,1.0,631,305,326,44927.2,23097.0,21830.2
2024-05-20,FY24-25,8,S08,P05,89.0,0.0,89.0,81.0,0,0,0,,1.0,381,180,201,33909.0,14673.0,19236.0
2024-05-27,FY24-25,9,S08,P05,89.0,0.0,89.0,81.0,0,0,0,,1.0,428,224,204,38092.0,16968.0,21124.0
2024-06-03,FY24-25,10,S08,P05,99.0,0.0,99.0,81.0,1,0,0,,1.056,332,192,140,32868.0,14048.0,18820.0
2024-06-10,FY24-25,11,S08,P05,99.0,0.0,99.0,82.0,1,0,0,,1.056,363,222,141,35937.0,15658.5,20278.5
2024-06-17,FY24-25,12,S08,P05,99.0,0.0,99.0,82.0,1,0,0,,1.056,346,198,148,34254.0,14588.5,19665.5
2024-06-24,FY24-25,13,S08,P05,99.0,0.0,99.0,69.0,1,0,0,,1.056,302,180,122,29898.0,12911.0,16987.0
2024-07-01,FY24-25,14,S08,P05,89.0,0.0,89.0,82.0,0,0,0,,1.056,461,273,188,41029.0,18982.25,22046.75
2024-07-08,FY24-25,15,S08,P05,89.0,0.0,89.0,82.0,0,0,0,,1.056,430,271,159,38270.0,18069.75,20200.25
2024-07-15,FY24-25,16,S08,P05,89.0,0.0,89.0,82.0,0,0,0,,1.056,380,204,176,33820.0,15179.0,18641.0
2024-07-22,FY24-25,17,S08,P05,89.0,0.0,89.0,82.0,0,0,0,,1.056,455,264,191,40495.0,18614.0,21881.0
2024-07-29,FY24-25,18,S08,P05,89.0,0.0,89.0,82.0,0,0,0,,1.056,428,254,174,38092.0,17635.5,20456.5
2024-08-05,FY24-25,19,S08,P05,89.0,0.0,89.0,82.0,0,0,0,,1.056,389,233,156,34621.0,16076.25,18544.75
2024-08-12,FY24-25,20,S08,P05,89.0,0.0,89.0,82.0,0,0,0,,1.056,372,210,162,33108.0,15088.5,18019.5
2024-08-19,FY24-25,21,S08,P05,89.0,0.0,89.0,82.0,0,0,0,,1.056,404,252,152,35956.0,16919.0,19037.0
2024-08-26,FY24-25,22,S08,P05,89.0,0.0,89.0,82.0,0,0,0,,1.056,442,263,179,39338.0,18227.75,21110.25
2024-09-02,FY24-25,23,S08,P05,89.0,0.0,89.0,82.0,0,0,1,Ganesh Chaturthi,1.183,462,263,199,41118.0,18787.75,22330.25
2024-09-09,FY24-25,24,S08,P05,89.0,0.0,89.0,83.0,0,0,1,Ganesh Chaturthi,1.183,463,285,178,41207.0,19305.25,21901.75
2024-09-16,FY24-25,25,S08,P05,89.0,0.0,89.0,83.0,0,0,1,Ganesh Chaturthi,1.183,501,317,184,44589.0,21081.25,23507.75
2024-09-23,FY24-25,26,S08,P05,89.0,0.0,89.0,83.0,0,0,0,,1.056,372,231,141,33108.0,15555.75,17552.25
2024-09-30,FY24-25,27,S08,P05,89.0,0.0,89.0,83.0,0,0,1,Navratri,1.12,471,227,244,41919.0,18238.75,23680.25
2024-10-07,FY24-25,28,S08,P05,79.0,0.0,79.0,83.0,1,0,1,Navratri,1.12,576,283,293,45504.0,21717.25,23786.75
2024-10-14,FY24-25,29,S08,P05,79.0,0.0,79.0,83.0,1,0,0,,1.0,477,239,238,37683.0,18076.25,19606.75
2024-10-21,FY24-25,30,S08,P05,79.0,0.0,79.0,71.0,1,0,0,,1.0,531,278,253,41949.0,20358.5,21590.5
2024-10-28,FY24-25,31,S08,P05,79.0,0.0,79.0,83.0,1,0,1,Diwali,1.12,476,243,233,37604.0,18127.25,19476.75
2024-11-04,FY24-25,32,S08,P05,89.0,0.0,89.0,83.0,0,0,0,,1.0,364,188,176,32396.0,14375.0,18021.0
2024-11-11,FY24-25,33,S08,P05,89.0,0.0,89.0,71.0,0,0,0,,1.0,384,193,191,34176.0,15046.25,19129.75
2024-11-18,FY24-25,34,S08,P05,89.0,0.0,89.0,83.0,0,0,0,,1.0,402,194,208,35778.0,15572.5,20205.5
2024-11-25,FY24-25,35,S08,P05,89.0,0.0,89.0,83.0,0,0,0,,1.0,360,165,195,32040.0,13751.25,18288.75
2024-12-02,FY24-25,36,S08,P05,89.0,0.0,89.0,83.0,0,0,0,,1.0,374,188,186,33286.0,14655.0,18631.0
2024-12-09,FY24-25,37,S08,P05,89.0,0.15,75.65,84.0,0,1,0,,1.0,662,318,344,50080.3,24550.18,25530.12
2024-12-16,FY24-25,38,S08,P05,89.0,0.1,80.1,84.0,0,1,1,Year End,1.0,507,255,252,40610.7,19302.38,21308.32
2024-12-23,FY24-25,39,S08,P05,89.0,0.1,80.1,84.0,0,1,1,Year End,1.0,567,290,277,45416.7,21683.25,23733.45
2024-12-30,FY24-25,40,S08,P05,89.0,0.0,89.0,84.0,0,0,1,Year End,1.0,402,221,181,35778.0,16173.25,19604.75
2025-01-06,FY24-25,41,S08,P05,89.0,0.0,89.0,84.0,0,0,0,,1.0,431,224,207,38359.0,17052.0,21307.0
2025-01-13,FY24-25,42,S08,P05,89.0,0.0,89.0,84.0,0,0,0,,1.0,413,188,225,36757.0,15747.0,21010.0
2025-01-20,FY24-25,43,S08,P05,89.0,0.0,89.0,84.0,0,0,0,,1.0,382,178,204,33998.0,14656.5,19341.5
2025-01-27,FY24-25,44,S08,P05,89.0,0.0,89.0,84.0,0,0,0,,1.0,447,223,224,39783.0,17477.75,22305.25
2025-02-03,FY24-25,45,S08,P05,89.0,0.0,89.0,84.0,0,0,0,,1.0,393,187,206,34977.0,15164.75,19812.25
2025-02-10,FY24-25,46,S08,P05,89.0,0.0,89.0,84.0,0,0,0,,1.0,409,199,210,36401.0,15879.75,20521.25
2025-02-17,FY24-25,47,S08,P05,89.0,0.0,89.0,72.0,0,0,0,,1.0,364,183,181,32396.0,14263.75,18132.25
2025-02-24,FY24-25,48,S08,P05,89.0,0.0,89.0,84.0,0,0,0,,1.0,412,196,216,36668.0,15897.0,20771.0
2025-03-03,FY24-25,49,S08,P05,99.0,0.0,99.0,85.0,1,0,0,,1.0,326,157,169,32274.0,13013.75,19260.25
2025-03-10,FY24-25,50,S08,P05,99.0,0.0,99.0,85.0,1,0,0,,1.0,312,162,150,30888.0,12745.5,18142.5
2025-03-17,FY24-25,51,S08,P05,99.0,0.0,99.0,85.0,1,0,0,,1.0,311,160,151,30789.0,12668.0,18121.0
2025-03-24,FY24-25,52,S08,P05,99.0,0.0,99.0,85.0,1,0,0,,1.0,349,172,177,34551.0,14029.0,20522.0
2025-03-31,FY24-25,53,S08,P05,99.0,0.0,99.0,85.0,0,0,0,,1.0,352,177,175,34848.0,14236.75,20611.25
2025-04-07,FY25-26,54,S08,P05,99.0,0.0,99.0,85.0,0,0,0,,1.0,304,145,159,30096.0,12100.75,17995.25
2025-04-14,FY25-26,55,S08,P05,99.0,0.0,99.0,85.0,0,0,0,,1.0,325,173,152,32175.0,13381.75,18793.25
2025-04-21,FY25-26,56,S08,P05,99.0,0.0,99.0,85.0,0,0,0,,1.0,290,145,145,28710.0,11708.75,17001.25
2025-04-28,FY25-26,57,S08,P05,99.0,0.0,99.0,85.0,0,0,0,,1.0,349,199,150,34551.0,14697.25,19853.75
2025-05-05,FY25-26,58,S08,P05,99.0,0.0,99.0,85.0,0,0,0,,1.0,349,166,183,34551.0,13880.5,20670.5
2025-05-12,FY25-26,59,S08,P05,99.0,0.15,84.15,85.0,0,1,0,,1.0,404,201,203,33996.6,15540.54,18456.06
2025-05-19,FY25-26,60,S08,P05,99.0,0.0,99.0,85.0,0,0,0,,1.0,327,168,159,32373.0,13314.0,19059.0
2025-05-26,FY25-26,61,S08,P05,99.0,0.1,89.1,85.0,0,1,0,,1.0,395,195,200,35194.5,15403.62,19790.88
2025-06-02,FY25-26,62,S08,P05,99.0,0.0,99.0,73.0,0,0,0,,1.056,359,225,134,35541.0,15620.75,19920.25
2025-06-09,FY25-26,63,S08,P05,99.0,0.0,99.0,86.0,0,0,0,,1.056,367,210,157,36333.0,15473.5,20859.5
2025-06-16,FY25-26,64,S08,P05,99.0,0.0,99.0,86.0,0,0,0,,1.056,368,214,154,36432.0,15600.5,20831.5
2025-06-23,FY25-26,65,S08,P05,99.0,0.0,99.0,86.0,0,0,0,,1.056,368,218,150,36432.0,15699.5,20732.5
2025-06-30,FY25-26,66,S08,P05,99.0,0.0,99.0,86.0,0,0,0,,1.056,353,230,123,34947.0,15576.5,19370.5
2025-07-07,FY25-26,67,S08,P05,99.0,0.0,99.0,86.0,0,0,0,,1.056,273,170,103,27027.0,11851.5,15175.5
2025-07-14,FY25-26,68,S08,P05,99.0,0.0,99.0,86.0,0,0,0,,1.056,368,208,160,36432.0,15452.0,20980.0
2025-07-21,FY25-26,69,S08,P05,99.0,0.0,99.0,86.0,0,0,0,,1.056,361,207,154,35739.0,15231.25,20507.75
2025-07-28,FY25-26,70,S08,P05,99.0,0.0,99.0,86.0,0,0,0,,1.056,351,211,140,34749.0,15050.25,19698.75
2025-08-04,FY25-26,71,S08,P05,99.0,0.0,99.0,86.0,0,0,0,,1.056,396,226,170,39204.0,16681.5,22522.5
2025-08-11,FY25-26,72,S08,P05,99.0,0.0,99.0,86.0,0,0,0,,1.056,360,219,141,35640.0,15500.25,20139.75
2025-08-18,FY25-26,73,S08,P05,99.0,0.0,99.0,86.0,0,0,0,,1.056,351,212,139,34749.0,15075.0,19674.0
2025-08-25,FY25-26,74,S08,P05,99.0,0.0,99.0,87.0,0,0,1,Ganesh Chaturthi,1.183,486,303,183,48114.0,21107.25,27006.75
2025-09-01,FY25-26,75,S08,P05,99.0,0.0,99.0,87.0,0,0,1,Ganesh Chaturthi,1.183,357,219,138,35343.0,15416.25,19926.75
2025-09-08,FY25-26,76,S08,P05,99.0,0.0,99.0,87.0,0,0,0,,1.056,278,161,117,27522.0,11768.75,15753.25
2025-09-15,FY25-26,77,S08,P05,99.0,0.0,99.0,87.0,0,0,0,,1.056,308,180,128,30492.0,13079.0,17413.0
2025-09-22,FY25-26,78,S08,P05,99.0,0.0,99.0,87.0,0,0,1,Navratri,1.183,393,226,167,38907.0,16597.5,22309.5
2025-09-29,FY25-26,79,S08,P05,99.0,0.0,99.0,74.0,0,0,1,Navratri,1.12,361,190,171,35739.0,14810.5,20928.5
2025-10-06,FY25-26,80,S08,P05,99.0,0.0,99.0,87.0,0,0,0,,1.0,351,182,169,34749.0,14332.5,20416.5
2025-10-13,FY25-26,81,S08,P05,99.0,0.0,99.0,87.0,0,0,1,Diwali,1.12,388,187,201,38412.0,15492.25,22919.75
2025-10-20,FY25-26,82,S08,P05,99.0,0.0,99.0,87.0,0,0,1,Diwali,1.12,377,172,205,37323.0,14813.0,22510.0
2025-10-27,FY25-26,83,S08,P05,99.0,0.0,99.0,87.0,0,0,0,,1.0,344,182,162,34056.0,14136.5,19919.5
2025-11-03,FY25-26,84,S08,P05,99.0,0.0,99.0,74.0,0,0,0,,1.0,295,157,138,29205.0,12145.75,17059.25
2025-11-10,FY25-26,85,S08,P05,99.0,0.0,99.0,87.0,0,0,0,,1.0,345,169,176,34155.0,13842.75,20312.25
2025-11-17,FY25-26,86,S08,P05,99.0,0.0,99.0,88.0,0,0,0,,1.0,363,175,188,35937.0,14495.25,21441.75
2025-11-24,FY25-26,87,S08,P05,99.0,0.0,99.0,88.0,0,0,0,,1.0,324,154,170,32076.0,12883.5,19192.5
2025-12-01,FY25-26,88,S08,P05,99.0,0.0,99.0,88.0,0,0,0,,1.0,337,158,179,33363.0,13346.5,20016.5
2025-12-08,FY25-26,89,S08,P05,99.0,0.0,99.0,88.0,0,0,0,,1.0,347,181,166,34353.0,14195.75,20157.25
2025-12-15,FY25-26,90,S08,P05,99.0,0.0,99.0,88.0,0,0,0,,1.0,370,192,178,36630.0,15112.0,21518.0
2025-12-22,FY25-26,91,S08,P05,99.0,0.0,99.0,88.0,0,0,1,Year End,1.0,326,168,158,32274.0,13286.0,18988.0
2025-12-29,FY25-26,92,S08,P05,99.0,0.0,99.0,88.0,0,0,1,Year End,1.0,312,179,133,30888.0,13166.25,17721.75
2026-01-05,FY25-26,93,S08,P05,99.0,0.0,99.0,88.0,0,0,0,,1.0,367,195,172,36333.0,15102.25,21230.75
2026-01-12,FY25-26,94,S08,P05,99.0,0.0,99.0,88.0,0,0,0,,1.0,375,191,184,37125.0,15227.25,21897.75
2026-01-19,FY25-26,95,S08,P05,99.0,0.0,99.0,88.0,0,0,0,,1.0,358,161,197,35442.0,14008.75,21433.25
2026-01-26,FY25-26,96,S08,P05,99.0,0.0,99.0,88.0,0,0,0,,1.0,335,177,158,33165.0,13760.75,19404.25
2026-02-02,FY25-26,97,S08,P05,99.0,0.0,99.0,75.0,0,0,0,,1.0,305,148,157,30195.0,12203.0,17992.0
2026-02-09,FY25-26,98,S08,P05,99.0,0.0,99.0,89.0,0,0,0,,1.0,332,172,160,32868.0,13553.0,19315.0
2026-02-16,FY25-26,99,S08,P05,99.0,0.0,99.0,89.0,0,0,0,,1.0,339,180,159,33561.0,13947.0,19614.0
2026-02-23,FY25-26,100,S08,P05,99.0,0.0,99.0,89.0,0,0,0,,1.0,308,149,159,30492.0,12311.75,18180.25
2026-03-02,FY25-26,101,S08,P05,99.0,0.0,99.0,89.0,0,0,0,,1.0,370,176,194,36630.0,14716.0,21914.0
2026-03-09,FY25-26,102,S08,P05,99.0,0.0,99.0,89.0,0,0,0,,1.0,339,164,175,33561.0,13551.0,20010.0
2026-03-16,FY25-26,103,S08,P05,99.0,0.0,99.0,89.0,0,0,0,,1.0,323,157,166,31977.0,12929.75,19047.25
2026-03-23,FY25-26,104,S08,P05,99.0,0.0,99.0,89.0,0,0,0,,1.0,354,163,191,35046.0,13946.25,21099.75
2024-04-01,FY24-25,1,S08,P06,119.0,0.15,101.15,105.0,0,1,0,,1.2,411,208,203,41572.65,19644.8,21927.85
2024-04-08,FY24-25,2,S08,P06,119.0,0.0,119.0,105.0,0,0,0,,1.2,349,185,164,41531.0,17718.75,23812.25
2024-04-15,FY24-25,3,S08,P06,119.0,0.1,107.1,106.0,0,1,0,,1.2,393,212,181,42090.3,19431.3,22659.0
2024-04-22,FY24-25,4,S08,P06,119.0,0.0,119.0,106.0,0,0,0,,1.2,346,170,176,41174.0,17167.5,24006.5
2024-04-29,FY24-25,5,S08,P06,119.0,0.2,95.2,106.0,0,1,0,,1.2,531,260,271,50551.2,24773.0,25778.2
2024-05-06,FY24-25,6,S08,P06,119.0,0.0,119.0,106.0,0,0,0,,1.2,359,185,174,42721.0,18068.75,24652.25
2024-05-13,FY24-25,7,S08,P06,119.0,0.0,119.0,106.0,0,0,0,,1.2,361,177,184,42959.0,17900.75,25058.25
2024-05-20,FY24-25,8,S08,P06,119.0,0.0,119.0,106.0,0,0,0,,1.2,368,189,179,43792.0,18502.75,25289.25
2024-05-27,FY24-25,9,S08,P06,119.0,0.0,119.0,106.0,0,0,0,,1.2,304,150,154,36176.0,15102.5,21073.5
2024-06-03,FY24-25,10,S08,P06,119.0,0.0,119.0,106.0,0,0,0,,0.96,299,185,114,35581.0,15968.75,19612.25
2024-06-10,FY24-25,11,S08,P06,119.0,0.0,119.0,90.0,0,0,0,,0.96,251,148,103,29869.0,13188.0,16681.0
2024-06-17,FY24-25,12,S08,P06,119.0,0.0,119.0,106.0,0,0,0,,0.96,269,154,115,32011.0,13996.5,18014.5
2024-06-24,FY24-25,13,S08,P06,119.0,0.0,119.0,107.0,0,0,0,,0.96,256,156,100,30464.0,13601.0,16863.0
2024-07-01,FY24-25,14,S08,P06,119.0,0.0,119.0,107.0,0,0,0,,0.96,267,163,104,31773.0,14194.25,17578.75
2024-07-08,FY24-25,15,S08,P06,119.0,0.0,119.0,107.0,0,0,0,,0.96,253,151,102,30107.0,13347.25,16759.75
2024-07-15,FY24-25,16,S08,P06,119.0,0.0,119.0,107.0,0,0,0,,0.96,289,164,125,34391.0,14994.0,19397.0
2024-07-22,FY24-25,17,S08,P06,119.0,0.0,119.0,107.0,0,0,0,,0.96,275,162,113,32725.0,14444.5,18280.5
2024-07-29,FY24-25,18,S08,P06,119.0,0.0,119.0,107.0,0,0,0,,0.96,242,140,102,28798.0,12635.0,16163.0
2024-08-05,FY24-25,19,S08,P06,119.0,0.0,119.0,107.0,0,0,0,,0.96,266,158,108,31654.0,14010.5,17643.5
2024-08-12,FY24-25,20,S08,P06,119.0,0.0,119.0,107.0,0,0,0,,0.96,240,131,109,28560.0,12297.25,16262.75
2024-08-19,FY24-25,21,S08,P06,119.0,0.0,119.0,107.0,0,0,0,,0.96,269,152,117,32011.0,13937.0,18074.0
2024-08-26,FY24-25,22,S08,P06,119.0,0.2,95.2,107.0,0,1,0,,0.96,427,260,167,40650.4,21133.0,19517.4
2024-09-02,FY24-25,23,S08,P06,119.0,0.0,119.0,108.0,0,0,1,Ganesh Chaturthi,1.075,301,205,96,35819.0,16633.75,19185.25
2024-09-09,FY24-25,24,S08,P06,119.0,0.15,101.15,108.0,0,1,1,Ganesh Chaturthi,1.075,372,228,144,37627.8,18785.55,18842.25
2024-09-16,FY24-25,25,S08,P06,119.0,0.0,119.0,108.0,0,0,1,Ganesh Chaturthi,1.075,304,173,131,36176.0,15786.75,20389.25
2024-09-23,FY24-25,26,S08,P06,119.0,0.0,119.0,108.0,0,0,0,,0.96,247,150,97,29393.0,13107.5,16285.5
2024-09-30,FY24-25,27,S08,P06,119.0,0.0,119.0,108.0,0,0,1,Navratri,1.12,314,156,158,37366.0,15631.0,21735.0
2024-10-07,FY24-25,28,S08,P06,119.0,0.0,119.0,108.0,0,0,1,Navratri,1.12,287,148,139,34153.0,14448.0,19705.0
2024-10-14,FY24-25,29,S08,P06,119.0,0.0,119.0,108.0,0,0,0,,1.0,288,144,144,34272.0,14364.0,19908.0
2024-10-21,FY24-25,30,S08,P06,119.0,0.15,101.15,108.0,0,1,0,,1.0,409,205,204,41370.35,19498.94,21871.41
2024-10-28,FY24-25,31,S08,P06,119.0,0.0,119.0,108.0,0,0,1,Diwali,1.12,299,147,152,35581.0,14838.25,20742.75
2024-11-04,FY24-25,32,S08,P06,119.0,0.0,119.0,108.0,0,0,0,,1.0,264,122,142,31416.0,12869.5,18546.5
2024-11-11,FY24-25,33,S08,P06,119.0,0.0,119.0,109.0,0,0,0,,1.0,249,112,137,29631.0,12047.0,17584.0
2024-11-18,FY24-25,34,S08,P06,119.0,0.0,119.0,109.0,0,0,0,,1.0,302,153,149,35938.0,15121.75,20816.25
2024-11-25,FY24-25,35,S08,P06,119.0,0.0,119.0,109.0,0,0,0,,1.0,261,136,125,31059.0,13181.0,17878.0
2024-12-02,FY24-25,36,S08,P06,119.0,0.0,119.0,109.0,0,0,0,,1.0,275,136,139,32725.0,13671.0,19054.0
2024-12-09,FY24-25,37,S08,P06,119.0,0.0,119.0,109.0,0,0,0,,1.0,327,155,172,38913.0,16056.25,22856.75
2024-12-16,FY24-25,38,S08,P06,109.0,0.0,109.0,109.0,1,0,1,Year End,1.0,359,194,165,39131.0,17851.5,21279.5
2024-12-23,FY24-25,39,S08,P06,109.0,0.0,109.0,109.0,1,0,1,Year End,1.0,294,147,147,32046.0,14295.75,17750.25
2024-12-30,FY24-25,40,S08,P06,109.0,0.0,109.0,109.0,1,0,1,Year End,1.0,311,155,156,33899.0,15108.75,18790.25
2025-01-06,FY24-25,41,S08,P06,109.0,0.0,109.0,109.0,1,0,0,,1.0,373,176,197,40657.0,17851.0,22806.0
2025-01-13,FY24-25,42,S08,P06,119.0,0.0,119.0,109.0,0,0,0,,1.0,263,131,132,31297.0,13102.25,18194.75
2025-01-20,FY24-25,43,S08,P06,119.0,0.0,119.0,110.0,0,0,0,,1.0,253,126,127,30107.0,12603.5,17503.5
2025-01-27,FY24-25,44,S08,P06,119.0,0.0,119.0,110.0,0,0,0,,1.0,266,143,123,31654.0,13564.25,18089.75
2025-02-03,FY24-25,45,S08,P06,119.0,0.0,119.0,110.0,0,0,0,,1.0,356,186,170,42364.0,17993.5,24370.5
2025-02-10,FY24-25,46,S08,P06,119.0,0.0,119.0,110.0,0,0,0,,1.0,292,152,140,34748.0,14742.0,20006.0
2025-02-17,FY24-25,47,S08,P06,119.0,0.0,119.0,110.0,0,0,0,,1.0,248,118,130,29512.0,12190.5,17321.5
2025-02-24,FY24-25,48,S08,P06,119.0,0.0,119.0,110.0,0,0,0,,1.0,314,159,155,37366.0,15720.25,21645.75
2025-03-03,FY24-25,49,S08,P06,119.0,0.0,119.0,110.0,0,0,0,,1.0,270,125,145,32130.0,13168.75,18961.25
2025-03-10,FY24-25,50,S08,P06,119.0,0.0,119.0,110.0,0,0,0,,1.0,302,160,142,35938.0,15330.0,20608.0
2025-03-17,FY24-25,51,S08,P06,119.0,0.0,119.0,110.0,0,0,0,,1.0,272,144,128,32368.0,13804.0,18564.0
2025-03-24,FY24-25,52,S08,P06,119.0,0.0,119.0,110.0,0,0,0,,1.0,289,151,138,34391.0,14607.25,19783.75
2025-03-31,FY24-25,53,S08,P06,129.0,0.1,116.1,111.0,0,1,0,,1.2,370,193,177,42957.0,18551.82,24405.18
2025-04-07,FY25-26,54,S08,P06,129.0,0.0,129.0,111.0,0,0,0,,1.2,308,160,148,39732.0,15940.0,23792.0
2025-04-14,FY25-26,55,S08,P06,129.0,0.0,129.0,111.0,0,0,0,,1.2,304,147,157,39216.0,15380.75,23835.25
2025-04-21,FY25-26,56,S08,P06,129.0,0.0,129.0,111.0,0,0,0,,1.2,295,150,145,38055.0,15162.5,22892.5
2025-04-28,FY25-26,57,S08,P06,129.0,0.0,129.0,111.0,0,0,0,,1.2,271,147,124,34959.0,14225.75,20733.25
2025-05-05,FY25-26,58,S08,P06,129.0,0.0,129.0,111.0,0,0,0,,1.2,293,162,131,37797.0,15479.5,22317.5
2025-05-12,FY25-26,59,S08,P06,129.0,0.0,129.0,111.0,0,0,0,,1.2,315,150,165,40635.0,15862.5,24772.5
2025-05-19,FY25-26,60,S08,P06,129.0,0.0,129.0,111.0,0,0,0,,1.2,290,168,122,37410.0,15568.0,21842.0
2025-05-26,FY25-26,61,S08,P06,129.0,0.0,129.0,111.0,0,0,0,,1.2,334,161,173,43086.0,16882.25,26203.75
2025-06-02,FY25-26,62,S08,P06,129.0,0.0,129.0,95.0,0,0,0,,0.96,194,120,74,25026.0,10660.0,14366.0
2025-06-09,FY25-26,63,S08,P06,129.0,0.0,129.0,95.0,0,0,0,,0.96,219,142,77,28251.0,12244.5,16006.5
2025-06-16,FY25-26,64,S08,P06,129.0,0.0,129.0,112.0,0,0,0,,0.96,219,130,89,28251.0,11857.5,16393.5
2025-06-23,FY25-26,65,S08,P06,129.0,0.0,129.0,112.0,0,0,0,,0.96,214,126,88,27606.0,11553.5,16052.5
2025-06-30,FY25-26,66,S08,P06,129.0,0.0,129.0,112.0,0,0,0,,0.96,221,121,100,28509.0,11637.25,16871.75
2025-07-07,FY25-26,67,S08,P06,129.0,0.0,129.0,112.0,0,0,0,,0.96,212,140,72,27348.0,11935.0,15413.0
2025-07-14,FY25-26,68,S08,P06,129.0,0.15,109.65,112.0,0,1,0,,0.96,389,255,134,42653.85,20605.19,22048.66
2025-07-21,FY25-26,69,S08,P06,129.0,0.0,129.0,112.0,0,0,0,,0.96,223,132,91,28767.0,12062.0,16705.0
2025-07-28,FY25-26,70,S08,P06,129.0,0.0,129.0,112.0,0,0,0,,0.96,219,128,91,28251.0,11793.0,16458.0
2025-08-04,FY25-26,71,S08,P06,129.0,0.0,129.0,112.0,0,0,0,,0.96,269,166,103,34701.0,14768.5,19932.5
2025-08-11,FY25-26,72,S08,P06,129.0,0.0,129.0,113.0,0,0,0,,0.96,181,98,83,23349.0,9495.5,13853.5
2025-08-18,FY25-26,73,S08,P06,129.0,0.0,129.0,113.0,0,0,0,,0.96,220,119,101,28380.0,11537.75,16842.25
2025-08-25,FY25-26,74,S08,P06,129.0,0.0,129.0,113.0,0,0,1,Ganesh Chaturthi,1.075,298,183,115,38442.0,16331.75,22110.25
2025-09-01,FY25-26,75,S08,P06,129.0,0.0,129.0,113.0,0,0,1,Ganesh Chaturthi,1.075,317,198,119,40893.0,17480.5,23412.5
2025-09-08,FY25-26,76,S08,P06,129.0,0.0,129.0,113.0,0,0,0,,0.96,217,140,77,27993.0,12110.0,15883.0
2025-09-15,FY25-26,77,S08,P06,119.0,0.0,119.0,113.0,1,0,0,,0.96,246,142,104,29274.0,12834.5,16439.5
2025-09-22,FY25-26,78,S08,P06,119.0,0.0,119.0,113.0,1,0,1,Navratri,1.075,330,210,120,39270.0,17797.5,21472.5
2025-09-29,FY25-26,79,S08,P06,119.0,0.0,119.0,113.0,1,0,1,Navratri,1.12,357,178,179,42483.0,17790.5,24692.5
2025-10-06,FY25-26,80,S08,P06,119.0,0.0,119.0,113.0,1,0,0,,1.0,345,162,183,41055.0,16894.5,24160.5
2025-10-13,FY25-26,81,S08,P06,129.0,0.0,129.0,114.0,0,0,1,Diwali,1.12,315,154,161,40635.0,15991.5,24643.5
2025-10-20,FY25-26,82,S08,P06,129.0,0.0,129.0,114.0,0,0,1,Diwali,1.12,226,110,116,29154.0,11457.5,17696.5
2025-10-27,FY25-26,83,S08,P06,129.0,0.15,109.65,114.0,0,1,0,,1.0,378,194,184,41447.7,18548.03,22899.67
2025-11-03,FY25-26,84,S08,P06,129.0,0.0,129.0,114.0,0,0,0,,1.0,269,130,139,34701.0,13607.5,21093.5
2025-11-10,FY25-26,85,S08,P06,129.0,0.0,129.0,114.0,0,0,0,,1.0,249,131,118,32121.0,12939.75,19181.25
2025-11-17,FY25-26,86,S08,P06,129.0,0.0,129.0,114.0,0,0,0,,1.0,245,124,121,31605.0,12574.0,19031.0
2025-11-24,FY25-26,87,S08,P06,129.0,0.0,129.0,114.0,0,0,0,,1.0,227,112,115,29283.0,11557.0,17726.0
2025-12-01,FY25-26,88,S08,P06,129.0,0.0,129.0,114.0,0,0,0,,1.0,245,132,113,31605.0,12832.0,18773.0
2025-12-08,FY25-26,89,S08,P06,129.0,0.2,103.2,114.0,0,1,0,,1.0,416,209,207,42931.2,19952.2,22979.0
2025-12-15,FY25-26,90,S08,P06,129.0,0.0,129.0,114.0,0,0,0,,1.0,233,115,118,30057.0,11863.75,18193.25
2025-12-22,FY25-26,91,S08,P06,129.0,0.0,129.0,115.0,0,0,1,Year End,1.0,261,143,118,33669.0,13746.75,19922.25
2025-12-29,FY25-26,92,S08,P06,129.0,0.0,129.0,115.0,0,0,1,Year End,1.0,274,150,124,35346.0,14427.5,20918.5
2026-01-05,FY25-26,93,S08,P06,129.0,0.0,129.0,98.0,0,0,0,,1.0,293,135,158,37797.0,14608.75,23188.25
2026-01-12,FY25-26,94,S08,P06,129.0,0.0,129.0,98.0,0,0,0,,1.0,266,137,129,34314.0,13728.25,20585.75
2026-01-19,FY25-26,95,S08,P06,129.0,0.0,129.0,115.0,0,0,0,,1.0,268,142,126,34572.0,13959.5,20612.5
2026-01-26,FY25-26,96,S08,P06,129.0,0.0,129.0,115.0,0,0,0,,1.0,244,126,118,31476.0,12603.5,18872.5
2026-02-02,FY25-26,97,S08,P06,129.0,0.0,129.0,115.0,0,0,0,,1.0,300,141,159,38700.0,15047.25,23652.75
2026-02-09,FY25-26,98,S08,P06,129.0,0.0,129.0,115.0,0,0,0,,1.0,274,149,125,35346.0,14395.25,20950.75
2026-02-16,FY25-26,99,S08,P06,129.0,0.0,129.0,115.0,0,0,0,,1.0,273,139,134,35217.0,14037.75,21179.25
2026-02-23,FY25-26,100,S08,P06,129.0,0.0,129.0,116.0,0,0,0,,1.0,248,114,134,31992.0,12356.5,19635.5
2026-03-02,FY25-26,101,S08,P06,129.0,0.0,129.0,116.0,0,0,0,,1.0,250,125,125,32250.0,12781.25,19468.75
2026-03-09,FY25-26,102,S08,P06,129.0,0.0,129.0,116.0,0,0,0,,1.0,255,138,117,32895.0,13375.5,19519.5
2026-03-16,FY25-26,103,S08,P06,129.0,0.0,129.0,116.0,0,0,0,,1.0,298,147,151,38442.0,15170.75,23271.25
2026-03-23,FY25-26,104,S08,P06,129.0,0.0,129.0,116.0,0,0,0,,1.0,246,112,134,31734.0,12222.0,19512.0
